"Pattern,Match,domain",phyla,class,order,family,genus,species,phyla_color,class_color,order_color,family_color,genus_color,species_color
"GCF_015999245,RS_GCF_015999245.1,d__Bacteria",p__Actinobacteriota,c__Actinomycetia,o__Streptomycetales,f__Streptomycetaceae,g__Streptomyces,s__Streptomyces sp015999245,#BD141F,#514CC9,#79C92A,#59234E,#73476F,#E143C3
"GCF_000429085,RS_GCF_000429085.1,d__Bacteria",p__Actinobacteriota,c__Actinomycetia,o__Streptomycetales,f__Streptomycetaceae,g__Streptomyces,s__Streptomyces flavidovirens,#BD141F,#514CC9,#79C92A,#59234E,#73476F,#7EBC95
"GCF_000696185,RS_GCF_000696185.1,d__Bacteria",p__Actinobacteriota,c__Actinomycetia,o__Streptomycetales,f__Streptomycetaceae,g__Kitasatospora,s__Kitasatospora cheerisanensis,#BD141F,#514CC9,#79C92A,#59234E,#E86D7B,#BCEFFE
"GCF_014651115,RS_GCF_014651115.1,d__Bacteria",p__Actinobacteriota,c__Actinomycetia,o__Streptomycetales,f__Streptomycetaceae,g__Streptomyces,s__Streptomyces inusitatus,#BD141F,#514CC9,#79C92A,#59234E,#73476F,#37BA5A
"GCF_009862265,RS_GCF_009862265.1,d__Bacteria",p__Actinobacteriota,c__Actinomycetia,o__Streptomycetales,f__Streptomycetaceae,g__Streptomyces,s__Streptomyces sp009862265,#BD141F,#514CC9,#79C92A,#59234E,#73476F,#14F14F
"GCF_900091415,RS_GCF_900091415.1,d__Bacteria",p__Actinobacteriota,c__Actinomycetia,o__Mycobacteriales,f__Micromonosporaceae,g__Micromonospora,s__Micromonospora inyonensis,#BD141F,#514CC9,#74EE0B,#40B5CE,#415A55,#767A42
"GCF_004348325,RS_GCF_004348325.1,d__Bacteria",p__Actinobacteriota,c__Actinomycetia,o__Mycobacteriales,f__Micromonosporaceae,g__Micromonospora,s__Micromonospora sp004348325,#BD141F,#514CC9,#74EE0B,#40B5CE,#415A55,#385788
"GCF_003014485,RS_GCF_003014485.1,d__Bacteria",p__Actinobacteriota,c__Actinomycetia,o__Streptosporangiales,f__Streptosporangiaceae,g__Murinocardiopsis,s__Murinocardiopsis flavida,#BD141F,#514CC9,#738220,#CE4620,#6D1D77,#181D08
"GCF_004323735,RS_GCF_004323735.1,d__Bacteria",p__Actinobacteriota,c__Actinomycetia,o__Streptosporangiales,f__Streptosporangiaceae,g__Streptomonospora,s__Streptomonospora sp004323735,#BD141F,#514CC9,#738220,#CE4620,#07DE7B,#03E369
"GCF_000341225,RS_GCF_000341225.1,d__Bacteria",p__Actinobacteriota,c__Actinomycetia,o__Streptosporangiales,f__Streptosporangiaceae,g__Nocardiopsis,s__Nocardiopsis alba,#BD141F,#514CC9,#738220,#CE4620,#555CDD,#689D3A
"GCF_014892575,RS_GCF_014892575.1,d__Bacteria",p__Actinobacteriota,c__Actinomycetia,o__Streptosporangiales,f__Streptosporangiaceae,g__Nocardiopsis,s__Nocardiopsis coralli,#BD141F,#514CC9,#738220,#CE4620,#555CDD,#81E5BC
"GCF_000340985,RS_GCF_000340985.1,d__Bacteria",p__Actinobacteriota,c__Actinomycetia,o__Streptosporangiales,f__Streptosporangiaceae,g__Nocardiopsis,s__Nocardiopsis valliformis,#BD141F,#514CC9,#738220,#CE4620,#555CDD,#3D1ECE
"GCF_000062885,RS_GCF_000062885.1,d__Bacteria",p__Actinobacteriota,c__Actinomycetia,o__Mycobacteriales,f__Pseudonocardiaceae,g__Saccharopolyspora_D,s__Saccharopolyspora_D erythraea,#BD141F,#514CC9,#74EE0B,#B3B502,#9788B4,#673BB0
"GCF_018141105,RS_GCF_018141105.1,d__Bacteria",p__Actinobacteriota,c__Actinomycetia,o__Mycobacteriales,f__Pseudonocardiaceae,g__Saccharopolyspora_D,s__Saccharopolyspora_D erythraea_A,#BD141F,#514CC9,#74EE0B,#B3B502,#9788B4,#2242F0
"GCF_012933465,RS_GCF_012933465.1,d__Bacteria",p__Actinobacteriota,c__Actinomycetia,o__Mycobacteriales,f__Pseudonocardiaceae,g__Actinomycetospora,s__Actinomycetospora sp012933465,#BD141F,#514CC9,#74EE0B,#B3B502,#1D6CBA,#21DB8F
"GCF_003096675,RS_GCF_003096675.1,d__Bacteria",p__Actinobacteriota,c__Actinomycetia,o__Mycobacteriales,f__Pseudonocardiaceae,g__Actinomycetospora,s__Actinomycetospora cinnamomea,#BD141F,#514CC9,#74EE0B,#B3B502,#1D6CBA,#FF3161
"GCF_004363095,RS_GCF_004363095.1,d__Bacteria",p__Actinobacteriota,c__Actinomycetia,o__Mycobacteriales,f__Pseudonocardiaceae,g__Actinomycetospora,s__Actinomycetospora succinea,#BD141F,#514CC9,#74EE0B,#B3B502,#1D6CBA,#52E377
"GCF_000519325,RS_GCF_000519325.1,d__Bacteria",p__Actinobacteriota,c__Thermoleophilia,o__Solirubrobacterales,f__Solirubrobacteraceae,g__Patulibacter,s__Patulibacter minatonensis,#BD141F,#1D5AD3,#0B8881,#95CFAA,#23E03D,#AE1E90
"GCF_014647515,RS_GCF_014647515.1,d__Bacteria",p__Actinobacteriota,c__Actinomycetia,o__Mycobacteriales,f__Micromonosporaceae,g__Dactylosporangium,s__Dactylosporangium sucinum,#BD141F,#514CC9,#74EE0B,#40B5CE,#67422C,#A00191
"GCF_014647795,RS_GCF_014647795.1,d__Bacteria",p__Actinobacteriota,c__Actinomycetia,o__Mycobacteriales,f__Micromonosporaceae,g__Actinoplanes,s__Actinoplanes campanulatus,#BD141F,#514CC9,#74EE0B,#40B5CE,#17AEEE,#9779AB
"GCF_016862455,RS_GCF_016862455.1,d__Bacteria",p__Actinobacteriota,c__Actinomycetia,o__Mycobacteriales,f__Micromonosporaceae,g__Actinoplanes,s__Actinoplanes utahensis,#BD141F,#514CC9,#74EE0B,#40B5CE,#17AEEE,#46A05A
"GCF_002285795,RS_GCF_002285795.1,d__Bacteria",p__Actinobacteriota,c__Actinomycetia,o__Mycobacteriales,f__Micromonosporaceae,g__KBS50,s__KBS50 sp002285795,#BD141F,#514CC9,#74EE0B,#40B5CE,#81A168,#BD80CB
"GCF_014764405,RS_GCF_014764405.1,d__Bacteria",p__Actinobacteriota,c__Actinomycetia,o__Mycobacteriales,f__Micromonosporaceae,g__Micromonospora,s__Micromonospora craniellae,#BD141F,#514CC9,#74EE0B,#40B5CE,#415A55,#D8442F
"GCF_900099985,RS_GCF_900099985.1,d__Bacteria",p__Actinobacteriota,c__Actinomycetia,o__Streptosporangiales,f__Streptosporangiaceae,g__Thermostaphylospora,s__Thermostaphylospora chromogena,#BD141F,#514CC9,#738220,#CE4620,#7C7160,#35B11E
"GCF_900099965,RS_GCF_900099965.1,d__Bacteria",p__Actinobacteriota,c__Actinomycetia,o__Streptosporangiales,f__Streptosporangiaceae,g__Nonomuraea,s__Nonomuraea jiangxiensis,#BD141F,#514CC9,#738220,#CE4620,#8291F9,#019517
"GCF_014648475,RS_GCF_014648475.1,d__Bacteria",p__Actinobacteriota,c__Actinomycetia,o__Mycobacteriales,f__Pseudonocardiaceae,g__Lentzea,s__Lentzea flava,#BD141F,#514CC9,#74EE0B,#B3B502,#49F5B0,#4D490C
"GCF_014648435,RS_GCF_014648435.1,d__Bacteria",p__Actinobacteriota,c__Actinomycetia,o__Streptosporangiales,f__Streptosporangiaceae,g__Nonomuraea,s__Nonomuraea spiralis,#BD141F,#514CC9,#738220,#CE4620,#8291F9,#BF24C9
"GCF_015751755,RS_GCF_015751755.1,d__Bacteria",p__Actinobacteriota,c__Actinomycetia,o__Streptosporangiales,f__Streptosporangiaceae,g__Spirillospora,s__Spirillospora viridis,#BD141F,#514CC9,#738220,#CE4620,#D4F259,#970E80
"GCF_008327685,RS_GCF_008327685.1,d__Bacteria",p__Actinobacteriota,c__Actinomycetia,o__Streptosporangiales,f__Streptosporangiaceae,g__Spirillospora,s__Spirillospora sp008327685,#BD141F,#514CC9,#738220,#CE4620,#D4F259,#19E3A1
"GCF_001552195,RS_GCF_001552195.1,d__Bacteria",p__Actinobacteriota,c__Actinomycetia,o__Streptosporangiales,f__Streptosporangiaceae,g__Spirillospora,s__Spirillospora latina,#BD141F,#514CC9,#738220,#CE4620,#D4F259,#77A2F8
"GCF_018327705,RS_GCF_018327705.1,d__Bacteria",p__Actinobacteriota,c__Actinomycetia,o__Mycobacteriales,f__Micromonosporaceae,g__Catellatospora,s__Catellatospora sp018327705,#BD141F,#514CC9,#74EE0B,#40B5CE,#917BB2,#371FD9
"GCF_011297335,RS_GCF_011297335.1,d__Bacteria",p__Actinobacteriota,c__Actinomycetia,o__Mycobacteriales,f__Micromonosporaceae,g__Catellatospora,s__Catellatospora methionotrophica,#BD141F,#514CC9,#74EE0B,#40B5CE,#917BB2,#917C2D
"GCF_014323705,RS_GCF_014323705.1,d__Bacteria",p__Actinobacteriota,c__Actinomycetia,o__Streptosporangiales,f__Streptosporangiaceae,g__Actinomadura_C,s__Actinomadura_C alba,#BD141F,#514CC9,#738220,#CE4620,#ECF038,#C344BA
"GCF_014646515,RS_GCF_014646515.1,d__Bacteria",p__Actinobacteriota,c__Actinomycetia,o__Streptosporangiales,f__Streptosporangiaceae,g__Nonomuraea,s__Nonomuraea glycinis,#BD141F,#514CC9,#738220,#CE4620,#8291F9,#BC853A
"GCF_001552215,RS_GCF_001552215.1,d__Bacteria",p__Actinobacteriota,c__Actinomycetia,o__Streptosporangiales,f__Streptosporangiaceae,g__Spirillospora,s__Spirillospora macra,#BD141F,#514CC9,#738220,#CE4620,#D4F259,#A562EE
"GCF_014654615,RS_GCF_014654615.1,d__Bacteria",p__Actinobacteriota,c__Actinomycetia,o__Streptosporangiales,f__Streptosporangiaceae,g__Streptosporangium,s__Streptosporangium violaceochromogenes,#BD141F,#514CC9,#738220,#CE4620,#A1B936,#34F877
"GCF_900101685,RS_GCF_900101685.1,d__Bacteria",p__Actinobacteriota,c__Actinomycetia,o__Mycobacteriales,f__Pseudonocardiaceae,g__Actinokineospora,s__Actinokineospora iranica,#BD141F,#514CC9,#74EE0B,#B3B502,#6300B4,#03EF7C
"GCF_000372745,RS_GCF_000372745.1,d__Bacteria",p__Actinobacteriota,c__Actinomycetia,o__Streptomycetales,f__Streptomycetaceae,g__Embleya,s__Embleya scabrispora,#BD141F,#514CC9,#79C92A,#59234E,#286805,#C4E5FE
"GCF_900129375,RS_GCF_900129375.1,d__Bacteria",p__Actinobacteriota,c__Actinomycetia,o__Mycobacteriales,f__Pseudonocardiaceae,g__Streptoalloteichus,s__Streptoalloteichus hindustanus,#BD141F,#514CC9,#74EE0B,#B3B502,#1D9BD0,#CBB6E3
"GCF_014204915,RS_GCF_014204915.1,d__Bacteria",p__Actinobacteriota,c__Actinomycetia,o__Mycobacteriales,f__Pseudonocardiaceae,g__Crossiella,s__Crossiella cryophila,#BD141F,#514CC9,#74EE0B,#B3B502,#7B050F,#A5B662
"GCF_014645795,RS_GCF_014645795.1,d__Bacteria",p__Actinobacteriota,c__Actinomycetia,o__Mycobacteriales,f__Pseudonocardiaceae,g__Longimycelium,s__Longimycelium tulufanense,#BD141F,#514CC9,#74EE0B,#B3B502,#8E07C6,#2A6719
"GCA_014649555,GB_GCA_014649555.1,d__Bacteria",p__Actinobacteriota,c__Actinomycetia,o__Streptomycetales,f__Streptomycetaceae,g__Streptomyces,s__Streptomyces globisporus,#BD141F,#514CC9,#79C92A,#59234E,#73476F,#B0E465
"GCF_005048155,RS_GCF_005048155.1,d__Bacteria",p__Actinobacteriota,c__Actinomycetia,o__Streptomycetales,f__Streptomycetaceae,g__Streptomyces,s__Streptomyces piniterrae,#BD141F,#514CC9,#79C92A,#59234E,#73476F,#F50886
"GCF_002262875,RS_GCF_002262875.1,d__Bacteria",p__Actinobacteriota,c__Actinomycetia,o__Mycobacteriales,f__Pseudonocardiaceae,g__Amycolatopsis,s__Amycolatopsis antarctica,#BD141F,#514CC9,#74EE0B,#B3B502,#B17B68,#01B5E1
"GCF_000166135,RS_GCF_000166135.1,d__Bacteria",p__Actinobacteriota,c__Actinomycetia,o__Mycobacteriales,f__Frankiaceae,g__Frankia,s__Frankia inefficax,#BD141F,#514CC9,#74EE0B,#98282B,#0485EE,#82C9E9
"GCF_000262465,RS_GCF_000262465.1,d__Bacteria",p__Actinobacteriota,c__Actinomycetia,o__Mycobacteriales,f__Frankiaceae,g__Frankia,s__Frankia sp000262465,#BD141F,#514CC9,#74EE0B,#98282B,#0485EE,#7BD878
"GCF_001017755,RS_GCF_001017755.1,d__Bacteria",p__Actinobacteriota,c__Actinomycetia,o__Mycobacteriales,f__Frankiaceae,g__Frankia,s__Frankia coriariae,#BD141F,#514CC9,#74EE0B,#98282B,#0485EE,#1F6FC2
"GCF_001536285,RS_GCF_001536285.1,d__Bacteria",p__Actinobacteriota,c__Actinomycetia,o__Mycobacteriales,f__Frankiaceae,g__Frankia,s__Frankia irregularis,#BD141F,#514CC9,#74EE0B,#98282B,#0485EE,#358D62
"GCF_001636565,RS_GCF_001636565.1,d__Bacteria",p__Actinobacteriota,c__Actinomycetia,o__Mycobacteriales,f__Frankiaceae,g__Frankia,s__Frankia sp001636565,#BD141F,#514CC9,#74EE0B,#98282B,#0485EE,#705004
"GCF_012726265,RS_GCF_012726265.1,d__Bacteria",p__Actinobacteriota,c__Actinomycetia,o__Streptomycetales,f__Streptomycetaceae,g__Streptomyces,s__Streptomyces sp012726265,#BD141F,#514CC9,#79C92A,#59234E,#73476F,#B4F646
"GCF_014295035,RS_GCF_014295035.1,d__Bacteria",p__Actinobacteriota,c__Actinomycetia,o__Streptomycetales,f__Streptomycetaceae,g__Streptomyces,s__Streptomyces buecherae,#BD141F,#514CC9,#79C92A,#59234E,#73476F,#624032
"GCA_018114805,GB_GCA_018114805.1,d__Bacteria",p__Actinobacteriota,c__Actinomycetia,o__Streptomycetales,f__Streptomycetaceae,g__Streptomyces,s__Streptomyces philanthi,#BD141F,#514CC9,#79C92A,#59234E,#73476F,#D9BF58
"GCF_014650815,RS_GCF_014650815.1,d__Bacteria",p__Actinobacteriota,c__Actinomycetia,o__Streptomycetales,f__Streptomycetaceae,g__Streptomyces,s__Streptomyces flavofungini,#BD141F,#514CC9,#79C92A,#59234E,#73476F,#D0AD92
"GCA_014649155,GB_GCA_014649155.1,d__Bacteria",p__Actinobacteriota,c__Actinomycetia,o__Streptomycetales,f__Streptomycetaceae,g__Streptomyces,s__Streptomyces griseoviridis,#BD141F,#514CC9,#79C92A,#59234E,#73476F,#430543
"GCF_000349325,RS_GCF_000349325.1,d__Bacteria",p__Actinobacteriota,c__Actinomycetia,o__Streptomycetales,f__Streptomycetaceae,g__Streptomyces,s__Streptomyces davaonensis,#BD141F,#514CC9,#79C92A,#59234E,#73476F,#5B8ACD
"GCF_000024865,RS_GCF_000024865.1,d__Bacteria",p__Actinobacteriota,c__Actinomycetia,o__Streptosporangiales,f__Streptosporangiaceae,g__Streptosporangium,s__Streptosporangium roseum,#BD141F,#514CC9,#738220,#CE4620,#A1B936,#8E4ADB
"GCF_001570525,RS_GCF_001570525.1,d__Bacteria",p__Actinobacteriota,c__Actinomycetia,o__Streptosporangiales,f__Streptosporangiaceae,g__Herbidospora,s__Herbidospora sakaeratensis,#BD141F,#514CC9,#738220,#CE4620,#EB24D2,#499936
"GCF_014651035,RS_GCF_014651035.1,d__Bacteria",p__Actinobacteriota,c__Actinomycetia,o__Streptomycetales,f__Streptomycetaceae,g__Streptomyces,s__Streptomyces lomondensis,#BD141F,#514CC9,#79C92A,#59234E,#73476F,#7255A3
"GCF_001184025,RS_GCF_001184025.1,d__Bacteria",p__Actinobacteriota,c__Actinomycetia,o__Streptomycetales,f__Streptomycetaceae,g__Streptomyces,s__Streptomyces sp001184025,#BD141F,#514CC9,#79C92A,#59234E,#73476F,#656D43
"GCF_003355155,RS_GCF_003355155.1,d__Bacteria",p__Actinobacteriota,c__Actinomycetia,o__Streptomycetales,f__Streptomycetaceae,g__Streptomyces,s__Streptomyces armeniacus,#BD141F,#514CC9,#79C92A,#59234E,#73476F,#2D1DB2
"GCF_014646095,RS_GCF_014646095.1,d__Bacteria",p__Actinobacteriota,c__Actinomycetia,o__Streptomycetales,f__Streptomycetaceae,g__Streptomyces,s__Streptomyces lacrimifluminis,#BD141F,#514CC9,#79C92A,#59234E,#73476F,#4D410A
"GCF_000372465,RS_GCF_000372465.1,d__Bacteria",p__Actinobacteriota,c__Actinomycetia,o__Propionibacteriales,f__Kribbellaceae,g__Kribbella,s__Kribbella catacumbae,#BD141F,#514CC9,#E2DF74,#191B6A,#5DEDBD,#A3C75C
"GCF_000384115,RS_GCF_000384115.1,d__Bacteria",p__Actinobacteriota,c__Actinomycetia,o__Sporichthyales,f__Sporichthyaceae,g__Sporichthya,s__Sporichthya polymorpha,#BD141F,#514CC9,#E4F2B2,#4EE17E,#13789C,#62F319
"GCF_018499875,RS_GCF_018499875.1,d__Bacteria",p__Actinobacteriota,c__Actinomycetia,o__Actinomycetales,f__Kineosporiaceae,g__Kineosporia,s__Kineosporia sp018499875,#BD141F,#514CC9,#D404CF,#E8D759,#7B3164,#EAEA5D
"GCA_000719025,GB_GCA_000719025.1,d__Bacteria",p__Actinobacteriota,c__Actinomycetia,o__Actinomycetales,f__Kineosporiaceae,g__Kineosporia,s__Kineosporia aurantiaca,#BD141F,#514CC9,#D404CF,#E8D759,#7B3164,#31F716
"GCF_000737195,RS_GCF_000737195.2,d__Bacteria",p__Actinobacteriota,c__Actinomycetia,o__Mycobacteriales,f__Pseudonocardiaceae,g__Sciscionella,s__Sciscionella sp000737195,#BD141F,#514CC9,#74EE0B,#B3B502,#1ADE9C,#1B5CF6
"GCF_000389965,RS_GCF_000389965.1,d__Bacteria",p__Actinobacteriota,c__Actinomycetia,o__Mycobacteriales,f__Micromonosporaceae,g__Actinoplanes,s__Actinoplanes sp000389965,#BD141F,#514CC9,#74EE0B,#40B5CE,#17AEEE,#F4CA72
"GCF_006912135,RS_GCF_006912135.1,d__Bacteria",p__Actinobacteriota,c__Actinomycetia,o__Mycobacteriales,f__Cryptosporangiaceae,g__Cryptosporangium,s__Cryptosporangium phraense,#BD141F,#514CC9,#74EE0B,#23A738,#8208E4,#294C6C
"GCF_004217545,RS_GCF_004217545.1,d__Bacteria",p__Actinobacteriota,c__Actinomycetia,o__Mycobacteriales,f__Micromonosporaceae,g__Actinoplanes,s__Actinoplanes cinnamomeus,#BD141F,#514CC9,#74EE0B,#40B5CE,#17AEEE,#743FA5
"GCF_008042045,RS_GCF_008042045.1,d__Bacteria",p__Actinobacteriota,c__Actinomycetia,o__Streptomycetales,f__Streptomycetaceae,g__Streptomyces,s__Streptomyces sp008042045,#BD141F,#514CC9,#79C92A,#59234E,#73476F,#FC6DC3
"GCF_001748085,RS_GCF_001748085.1,d__Bacteria",p__Actinobacteriota,c__Actinomycetia,o__Streptomycetales,f__Streptomycetaceae,g__Streptomyces,s__Streptomyces sp001748085,#BD141F,#514CC9,#79C92A,#59234E,#73476F,#CA3B4A
"GCF_014650695,RS_GCF_014650695.1,d__Bacteria",p__Actinobacteriota,c__Actinomycetia,o__Streptomycetales,f__Streptomycetaceae,g__Streptomyces,s__Streptomyces avidinii,#BD141F,#514CC9,#79C92A,#59234E,#73476F,#170CDB
"GCF_000514775,RS_GCF_000514775.1,d__Bacteria",p__Actinobacteriota,c__Actinomycetia,o__Mycobacteriales,f__Micromonosporaceae,g__Micromonospora,s__Micromonospora pacifica,#BD141F,#514CC9,#74EE0B,#40B5CE,#415A55,#7D7640
"GCA_000716465,GB_GCA_000716465.1,d__Bacteria",p__Actinobacteriota,c__Actinomycetia,o__Streptomycetales,f__Streptomycetaceae,g__Streptomyces,s__Streptomyces bikiniensis,#BD141F,#514CC9,#79C92A,#59234E,#73476F,#E40D05
"GCA_007858575,GB_GCA_007858575.1,d__Bacteria",p__Actinobacteriota,c__Actinomycetia,o__Streptomycetales,f__Streptomycetaceae,g__Streptomyces,s__Streptomyces sp003949805,#BD141F,#514CC9,#79C92A,#59234E,#73476F,#1D4C2D
"GCA_003268675,GB_GCA_003268675.1,d__Bacteria",p__Actinobacteriota,c__Actinomycetia,o__Streptomycetales,f__Streptomycetaceae,g__Streptomyces,s__Streptomyces bacillaris,#BD141F,#514CC9,#79C92A,#59234E,#73476F,#94D41E
"GCA_014204745,GB_GCA_014204745.1,d__Bacteria",p__Actinobacteriota,c__Actinomycetia,o__Streptomycetales,f__Streptomycetaceae,g__Streptomyces,s__Streptomyces collinus,#BD141F,#514CC9,#79C92A,#59234E,#73476F,#B85AD1
"GCF_014646115,RS_GCF_014646115.1,d__Bacteria",p__Actinobacteriota,c__Actinomycetia,o__Streptomycetales,f__Streptomycetaceae,g__Streptomyces,s__Streptomyces camponoticapitis,#BD141F,#514CC9,#79C92A,#59234E,#73476F,#D2EB40
"GCA_005405945,GB_GCA_005405945.1,d__Bacteria",p__Actinobacteriota,c__Actinomycetia,o__Streptomycetales,f__Streptomycetaceae,g__Streptomyces,s__Streptomyces violaceusniger,#BD141F,#514CC9,#79C92A,#59234E,#73476F,#13283E
"GCF_900105515,RS_GCF_900105515.1,d__Bacteria",p__Actinobacteriota,c__Actinomycetia,o__Streptomycetales,f__Streptomycetaceae,g__Streptomyces,s__Streptomyces sp900105515,#BD141F,#514CC9,#79C92A,#59234E,#73476F,#96B513
"GCF_000023245,RS_GCF_000023245.1,d__Bacteria",p__Actinobacteriota,c__Actinomycetia,o__Mycobacteriales,f__Pseudonocardiaceae,g__Actinosynnema,s__Actinosynnema mirum,#BD141F,#514CC9,#74EE0B,#B3B502,#746CA4,#579DAC
"GCF_009498035,RS_GCF_009498035.1,d__Bacteria",p__Actinobacteriota,c__Actinomycetia,o__Mycobacteriales,f__Pseudonocardiaceae,g__Actinosynnema,s__Actinosynnema syringae,#BD141F,#514CC9,#74EE0B,#B3B502,#746CA4,#B37066
"GCF_001280085,RS_GCF_001280085.1,d__Bacteria",p__Actinobacteriota,c__Actinomycetia,o__Mycobacteriales,f__Pseudonocardiaceae,g__Actinosynnema,s__Actinosynnema sp001280085,#BD141F,#514CC9,#74EE0B,#B3B502,#746CA4,#711EEA
"GCF_014203735,RS_GCF_014203735.1,d__Bacteria",p__Actinobacteriota,c__Actinomycetia,o__Mycobacteriales,f__Pseudonocardiaceae,g__Actinophytocola,s__Actinophytocola algeriensis,#BD141F,#514CC9,#74EE0B,#B3B502,#781C6A,#63920D
"GCF_004340875,RS_GCF_004340875.1,d__Bacteria",p__Actinobacteriota,c__Actinomycetia,o__Mycobacteriales,f__Pseudonocardiaceae,g__Tamaricihabitans,s__Tamaricihabitans halophyticus,#BD141F,#514CC9,#74EE0B,#B3B502,#737980,#EE4899
"GCF_011764545,RS_GCF_011764545.1,d__Bacteria",p__Actinobacteriota,c__Actinomycetia,o__Mycobacteriales,f__Micromonosporaceae,g__Phytohabitans,s__Phytohabitans flavus,#BD141F,#514CC9,#74EE0B,#40B5CE,#9F63F0,#8BBDEA
"GCF_011764445,RS_GCF_011764445.1,d__Bacteria",p__Actinobacteriota,c__Actinomycetia,o__Mycobacteriales,f__Micromonosporaceae,g__Phytohabitans,s__Phytohabitans rumicis,#BD141F,#514CC9,#74EE0B,#40B5CE,#9F63F0,#03795E
"GCF_016862915,RS_GCF_016862915.1,d__Bacteria",p__Actinobacteriota,c__Actinomycetia,o__Mycobacteriales,f__Micromonosporaceae,g__Plantactinospora,s__Plantactinospora endophytica,#BD141F,#514CC9,#74EE0B,#40B5CE,#1D6573,#BBB1CA
"GCF_014204895,RS_GCF_014204895.1,d__Bacteria",p__Actinobacteriota,c__Actinomycetia,o__Mycobacteriales,f__Micromonosporaceae,g__Actinoplanes,s__Actinoplanes abujensis,#BD141F,#514CC9,#74EE0B,#40B5CE,#17AEEE,#C92037
"GCF_016862795,RS_GCF_016862795.1,d__Bacteria",p__Actinobacteriota,c__Actinomycetia,o__Mycobacteriales,f__Micromonosporaceae,g__Dactylosporangium,s__Dactylosporangium siamense,#BD141F,#514CC9,#74EE0B,#40B5CE,#67422C,#DE9989
"GCF_900091595,RS_GCF_900091595.1,d__Bacteria",p__Actinobacteriota,c__Actinomycetia,o__Mycobacteriales,f__Micromonosporaceae,g__Micromonospora,s__Micromonospora haikouensis,#BD141F,#514CC9,#74EE0B,#40B5CE,#415A55,#9FA1B0
"GCF_015751765,RS_GCF_015751765.1,d__Bacteria",p__Actinobacteriota,c__Actinomycetia,o__Mycobacteriales,f__Micromonosporaceae,g__Micromonospora,s__Micromonospora ureilytica,#BD141F,#514CC9,#74EE0B,#40B5CE,#415A55,#953BD8
"GCF_000585375,RS_GCF_000585375.1,d__Bacteria",p__Actinobacteriota,c__Actinomycetia,o__Mycobacteriales,f__Cryptosporangiaceae,g__Cryptosporangium,s__Cryptosporangium arvum,#BD141F,#514CC9,#74EE0B,#23A738,#8208E4,#AC2DCF
"GCF_018324255,RS_GCF_018324255.1,d__Bacteria",p__Actinobacteriota,c__Actinomycetia,o__Mycobacteriales,f__Micromonosporaceae,g__Polymorphospora,s__Polymorphospora rubra,#BD141F,#514CC9,#74EE0B,#40B5CE,#E780F4,#1F01AF
"GCF_000379685,RS_GCF_000379685.1,d__Bacteria",p__Actinobacteriota,c__Actinomycetia,o__Mycobacteriales,f__Micromonosporaceae,g__Catelliglobosispora,s__Catelliglobosispora koreensis,#BD141F,#514CC9,#74EE0B,#40B5CE,#D0CB62,#4EF62B
"GCF_016907715,RS_GCF_016907715.1,d__Bacteria",p__Actinobacteriota,c__Actinomycetia,o__Propionibacteriales,f__Actinopolymorphaceae,g__Tenggerimyces,s__Tenggerimyces flavus,#BD141F,#514CC9,#E2DF74,#54B57E,#5275C9,#D6E883
"GCF_013407765,RS_GCF_013407765.1,d__Bacteria",p__Actinobacteriota,c__Actinomycetia,o__Streptomycetales,f__Streptomycetaceae,g__Allostreptomyces,s__Allostreptomyces psammosilenae,#BD141F,#514CC9,#79C92A,#59234E,#4EFA05,#7DD2FC
"GCF_002240355,RS_GCF_002240355.1,d__Bacteria",p__Actinobacteriota,c__Actinomycetia,o__Mycobacteriales,f__Pseudonocardiaceae,g__Saccharomonospora,s__Saccharomonospora marina_A,#BD141F,#514CC9,#74EE0B,#B3B502,#341475,#807A10
"GCF_013410755,RS_GCF_013410755.1,d__Bacteria",p__Actinobacteriota,c__Actinomycetia,o__Streptosporangiales,f__Streptosporangiaceae,g__Nocardiopsis,s__Nocardiopsis aegyptia,#BD141F,#514CC9,#738220,#CE4620,#555CDD,#5160E8
"GCF_900070365,RS_GCF_900070365.1,d__Bacteria",p__Actinobacteriota,c__Actinomycetia,o__Mycobacteriales,f__Pseudonocardiaceae,g__Actinokineospora,s__Actinokineospora sp900070365,#BD141F,#514CC9,#74EE0B,#B3B502,#6300B4,#35F503
"GCF_004345645,RS_GCF_004345645.1,d__Bacteria",p__Actinobacteriota,c__Actinomycetia,o__Mycobacteriales,f__Pseudonocardiaceae,g__Actinocrispum,s__Actinocrispum wychmicini,#BD141F,#514CC9,#74EE0B,#B3B502,#9946C6,#024CE6
"GCF_017876405,RS_GCF_017876405.1,d__Bacteria",p__Actinobacteriota,c__Actinomycetia,o__Mycobacteriales,f__Pseudonocardiaceae,g__Kibdelosporangium,s__Kibdelosporangium banguiense,#BD141F,#514CC9,#74EE0B,#B3B502,#5F7049,#2B3A68
"GCF_000478275,RS_GCF_000478275.1,d__Bacteria",p__Actinobacteriota,c__Actinomycetia,o__Mycobacteriales,f__Pseudonocardiaceae,g__Amycolatopsis,s__Amycolatopsis orientalis,#BD141F,#514CC9,#74EE0B,#B3B502,#B17B68,#1FE648
"GCF_000220945,RS_GCF_000220945.1,d__Bacteria",p__Actinobacteriota,c__Actinomycetia,o__Mycobacteriales,f__Pseudonocardiaceae,g__Amycolatopsis,s__Amycolatopsis mediterranei,#BD141F,#514CC9,#74EE0B,#B3B502,#B17B68,#D3CAC3
"GCF_014654205,RS_GCF_014654205.1,d__Bacteria",p__Actinobacteriota,c__Actinomycetia,o__Mycobacteriales,f__Pseudonocardiaceae,g__Amycolatopsis,s__Amycolatopsis bullii,#BD141F,#514CC9,#74EE0B,#B3B502,#B17B68,#B80ED8
"GCF_003312875,RS_GCF_003312875.1,d__Bacteria",p__Actinobacteriota,c__Actinomycetia,o__Mycobacteriales,f__Pseudonocardiaceae,g__Amycolatopsis,s__Amycolatopsis albispora,#BD141F,#514CC9,#74EE0B,#B3B502,#B17B68,#538FE1
"GCF_018736145,RS_GCF_018736145.1,d__Bacteria",p__Actinobacteriota,c__Actinomycetia,o__Mycobacteriales,f__Pseudonocardiaceae,g__Amycolatopsis,s__Amycolatopsis sp018736145,#BD141F,#514CC9,#74EE0B,#B3B502,#B17B68,#A1AE92
"GCF_000384315,RS_GCF_000384315.1,d__Bacteria",p__Actinobacteriota,c__Actinomycetia,o__Mycobacteriales,f__Pseudonocardiaceae,g__Amycolatopsis,s__Amycolatopsis nigrescens,#BD141F,#514CC9,#74EE0B,#B3B502,#B17B68,#C3C876
"GCF_001612665,RS_GCF_001612665.1,d__Bacteria",p__Actinobacteriota,c__Actinomycetia,o__Mycobacteriales,f__Mycobacteriaceae,g__Nocardia,s__Nocardia alba,#BD141F,#514CC9,#74EE0B,#3560C9,#199D00,#3B0FE8
"GCF_000231075,RS_GCF_000231075.2,d__Bacteria",p__Actinobacteriota,c__Actinomycetia,o__Mycobacteriales,f__Pseudonocardiaceae,g__Amycolatopsis,s__Amycolatopsis sp000231075,#BD141F,#514CC9,#74EE0B,#B3B502,#B17B68,#A85247
"GCF_002796545,RS_GCF_002796545.1,d__Bacteria",p__Actinobacteriota,c__Actinomycetia,o__Mycobacteriales,f__Pseudonocardiaceae,g__Amycolatopsis,s__Amycolatopsis sp002796545,#BD141F,#514CC9,#74EE0B,#B3B502,#B17B68,#696303
"GCF_000383915,RS_GCF_000383915.1,d__Bacteria",p__Actinobacteriota,c__Actinomycetia,o__Mycobacteriales,f__Pseudonocardiaceae,g__Amycolatopsis,s__Amycolatopsis benzoatilytica,#BD141F,#514CC9,#74EE0B,#B3B502,#B17B68,#6C0179
"GCF_000429025,RS_GCF_000429025.1,d__Bacteria",p__Actinobacteriota,c__Actinomycetia,o__Mycobacteriales,f__Pseudonocardiaceae,g__Pseudonocardia,s__Pseudonocardia spinosispora,#BD141F,#514CC9,#74EE0B,#B3B502,#5B87A0,#E0A5D0
"GCF_002262885,RS_GCF_002262885.1,d__Bacteria",p__Actinobacteriota,c__Actinomycetia,o__Mycobacteriales,f__Pseudonocardiaceae,g__Pseudonocardia,s__Pseudonocardia sp002262885,#BD141F,#514CC9,#74EE0B,#B3B502,#5B87A0,#A8DAE1
"GCF_013409505,RS_GCF_013409505.1,d__Bacteria",p__Actinobacteriota,c__Actinomycetia,o__Mycobacteriales,f__Pseudonocardiaceae,g__Actinomycetospora,s__Actinomycetospora corticicola,#BD141F,#514CC9,#74EE0B,#B3B502,#1D6CBA,#0FAA2E
"GCF_004339565,RS_GCF_004339565.1,d__Bacteria",p__Actinobacteriota,c__Actinomycetia,o__Mycobacteriales,f__Pseudonocardiaceae,g__Pseudonocardia,s__Pseudonocardia endophytica,#BD141F,#514CC9,#74EE0B,#B3B502,#5B87A0,#A6F612
"GCF_001698125,RS_GCF_001698125.1,d__Bacteria",p__Actinobacteriota,c__Actinomycetia,o__Mycobacteriales,f__Pseudonocardiaceae,g__Pseudonocardia,s__Pseudonocardia sp001698125,#BD141F,#514CC9,#74EE0B,#B3B502,#5B87A0,#80813C
"GCF_001420995,RS_GCF_001420995.1,d__Bacteria",p__Actinobacteriota,c__Actinomycetia,o__Mycobacteriales,f__Pseudonocardiaceae,g__Pseudonocardia,s__Pseudonocardia sp001420995,#BD141F,#514CC9,#74EE0B,#B3B502,#5B87A0,#A8B86E
"GCF_004217185,RS_GCF_004217185.1,d__Bacteria",p__Actinobacteriota,c__Actinomycetia,o__Mycobacteriales,f__Pseudonocardiaceae,g__Pseudonocardia,s__Pseudonocardia sediminis,#BD141F,#514CC9,#74EE0B,#B3B502,#5B87A0,#636A66
"GCA_019263585,GB_GCA_019263585.1,d__Bacteria",p__Actinobacteriota,c__Actinomycetia,o__Mycobacteriales,f__Pseudonocardiaceae,g__Pseudonocardia,s__Pseudonocardia sp019263585,#BD141F,#514CC9,#74EE0B,#B3B502,#5B87A0,#756D22
"GCF_014235185,RS_GCF_014235185.1,d__Bacteria",p__Actinobacteriota,c__Actinomycetia,o__Mycobacteriales,f__Pseudonocardiaceae,g__Pseudonocardia,s__Pseudonocardia sp014235185,#BD141F,#514CC9,#74EE0B,#B3B502,#5B87A0,#B50744
"GCF_000935125,RS_GCF_000935125.1,d__Bacteria",p__Actinobacteriota,c__Actinomycetia,o__Streptomycetales,f__Streptomycetaceae,g__Streptomyces,s__Streptomyces natalensis,#BD141F,#514CC9,#79C92A,#59234E,#73476F,#779107
"GCF_000158915,RS_GCF_000158915.1,d__Bacteria",p__Actinobacteriota,c__Actinomycetia,o__Streptomycetales,f__Streptomycetaceae,g__Streptomyces,s__Streptomyces himastatinicus,#BD141F,#514CC9,#79C92A,#59234E,#73476F,#8E8FF0
"GCF_000058485,RS_GCF_000058485.1,d__Bacteria",p__Actinobacteriota,c__Actinomycetia,o__Mycobacteriales,f__Frankiaceae,g__Frankia,s__Frankia alni,#BD141F,#514CC9,#74EE0B,#98282B,#0485EE,#A112C3
"GCF_014654365,RS_GCF_014654365.1,d__Bacteria",p__Actinobacteriota,c__Actinomycetia,o__Mycobacteriales,f__Pseudonocardiaceae,g__Amycolatopsis,s__Amycolatopsis oliviviridis,#BD141F,#514CC9,#74EE0B,#B3B502,#B17B68,#51F178
"GCF_001294645,RS_GCF_001294645.1,d__Bacteria",p__Actinobacteriota,c__Actinomycetia,o__Mycobacteriales,f__Pseudonocardiaceae,g__Pseudonocardia,s__Pseudonocardia sp001294645,#BD141F,#514CC9,#74EE0B,#B3B502,#5B87A0,#444C85
"GCF_002941025,RS_GCF_002941025.1,d__Bacteria",p__Actinobacteriota,c__Actinomycetia,o__Streptomycetales,f__Streptomycetaceae,g__Streptomyces,s__Streptomyces sp002941025,#BD141F,#514CC9,#79C92A,#59234E,#73476F,#548ED6
"GCA_017419405,GB_GCA_017419405.1,d__Bacteria",p__Actinobacteriota,c__Actinomycetia,o__Actinomycetales,f__Micrococcaceae,g__Renibacterium,s__Renibacterium sp005809195,#BD141F,#514CC9,#D404CF,#33E35D,#B72AD5,#65881D
"GCF_000092225,RS_GCF_000092225.1,d__Bacteria",p__Actinobacteriota,c__Actinomycetia,o__Mycobacteriales,f__Mycobacteriaceae,g__Tsukamurella,s__Tsukamurella paurometabola,#BD141F,#514CC9,#74EE0B,#3560C9,#384F81,#9F7B26
"GCF_900104775,RS_GCF_900104775.1,d__Bacteria",p__Actinobacteriota,c__Actinomycetia,o__Mycobacteriales,f__Mycobacteriaceae,g__Tsukamurella,s__Tsukamurella tyrosinosolvens,#BD141F,#514CC9,#74EE0B,#3560C9,#384F81,#EFFD64
"GCF_000069945,RS_GCF_000069945.1,d__Bacteria",p__Actinobacteriota,c__Actinomycetia,o__Mycobacteriales,f__Mycobacteriaceae,g__Corynebacterium,s__Corynebacterium urealyticum,#BD141F,#514CC9,#74EE0B,#3560C9,#AF44DF,#AF4E3D
"GCF_001274895,RS_GCF_001274895.1,d__Bacteria",p__Actinobacteriota,c__Actinomycetia,o__Mycobacteriales,f__Mycobacteriaceae,g__Corynebacterium,s__Corynebacterium lactis,#BD141F,#514CC9,#74EE0B,#3560C9,#AF44DF,#DB2C2C
"GCF_900187045,RS_GCF_900187045.1,d__Bacteria",p__Actinobacteriota,c__Actinomycetia,o__Actinomycetales,f__Dermatophilaceae,g__Dermatophilus,s__Dermatophilus congolensis,#BD141F,#514CC9,#D404CF,#7D2BD5,#5D0F59,#A36EFD
"GCF_000241325,RS_GCF_000241325.1,d__Bacteria",p__Actinobacteriota,c__Actinomycetia,o__Mycobacteriales,f__Mycobacteriaceae,g__Gordonia,s__Gordonia polyisoprenivorans,#BD141F,#514CC9,#74EE0B,#3560C9,#CB7498,#356E17
"GCF_008312885,RS_GCF_008312885.1,d__Bacteria",p__Actinobacteriota,c__Actinomycetia,o__Mycobacteriales,f__Mycobacteriaceae,g__Hoyosella,s__Hoyosella sp008312885,#BD141F,#514CC9,#74EE0B,#3560C9,#943BDA,#7A3A3E
"GCF_014643175,RS_GCF_014643175.1,d__Bacteria",p__Actinobacteriota,c__Actinomycetia,o__Mycobacteriales,f__Mycobacteriaceae,g__Hoyosella,s__Hoyosella rhizosphaerae,#BD141F,#514CC9,#74EE0B,#3560C9,#943BDA,#C0818E
"GCF_000214175,RS_GCF_000214175.1,d__Bacteria",p__Actinobacteriota,c__Actinomycetia,o__Mycobacteriales,f__Mycobacteriaceae,g__Hoyosella,s__Hoyosella subflava,#BD141F,#514CC9,#74EE0B,#3560C9,#943BDA,#A09D69
"GCF_016482825,RS_GCF_016482825.1,d__Bacteria",p__Actinobacteriota,c__Actinomycetia,o__Mycobacteriales,f__Mycobacteriaceae,g__Antrihabitans,s__Antrihabitans sp016482825,#BD141F,#514CC9,#74EE0B,#3560C9,#912080,#FC08A9
"GCF_000014565,RS_GCF_000014565.1,d__Bacteria",p__Actinobacteriota,c__Actinomycetia,o__Mycobacteriales,f__Mycobacteriaceae,g__Rhodococcus,s__Rhodococcus jostii_A,#BD141F,#514CC9,#74EE0B,#3560C9,#235F33,#29A862
"GCF_001894885,RS_GCF_001894885.1,d__Bacteria",p__Actinobacteriota,c__Actinomycetia,o__Mycobacteriales,f__Mycobacteriaceae,g__Rhodococcus,s__Rhodococcus marinonascens,#BD141F,#514CC9,#74EE0B,#3560C9,#235F33,#0DCC37
"GCF_000010805,RS_GCF_000010805.1,d__Bacteria",p__Actinobacteriota,c__Actinomycetia,o__Mycobacteriales,f__Mycobacteriaceae,g__Rhodococcus,s__Rhodococcus opacus_C,#BD141F,#514CC9,#74EE0B,#3560C9,#235F33,#772589
"GCF_001895025,RS_GCF_001895025.1,d__Bacteria",p__Actinobacteriota,c__Actinomycetia,o__Mycobacteriales,f__Mycobacteriaceae,g__Rhodococcus,s__Rhodococcus zopfii,#BD141F,#514CC9,#74EE0B,#3560C9,#235F33,#BFF3AB
"GCF_001894985,RS_GCF_001894985.1,d__Bacteria",p__Actinobacteriota,c__Actinomycetia,o__Mycobacteriales,f__Mycobacteriaceae,g__Rhodococcus,s__Rhodococcus tukisamuensis,#BD141F,#514CC9,#74EE0B,#3560C9,#235F33,#BE5469
"GCF_000422745,RS_GCF_000422745.1,d__Bacteria",p__Actinobacteriota,c__Actinomycetia,o__Actinomycetales,f__Microbacteriaceae,g__Microbacterium,s__Microbacterium gubbeenense,#BD141F,#514CC9,#D404CF,#38F314,#4C0A62,#20CA15
"GCF_001552615,RS_GCF_001552615.1,d__Bacteria",p__Actinobacteriota,c__Actinomycetia,o__Mycobacteriales,f__Mycobacteriaceae,g__Millisia,s__Millisia brevis,#BD141F,#514CC9,#74EE0B,#3560C9,#E22B0D,#360C1F
"GCF_009184865,RS_GCF_009184865.1,d__Bacteria",p__Actinobacteriota,c__Actinomycetia,o__Streptomycetales,f__Streptomycetaceae,g__Streptomyces,s__Streptomyces phaeolivaceus,#BD141F,#514CC9,#79C92A,#59234E,#73476F,#858DB8
"GCF_001908375,RS_GCF_001908375.1,d__Bacteria",p__Proteobacteria,c__Alphaproteobacteria,o__Rhizobiales,f__Rhizobiaceae,g__Rhizobium,s__Rhizobium etli_B,#6BB876,#8F65FE,#AA1BAA,#75FA8F,#3A9B37,#191706
"GCF_000298175,RS_GCF_000298175.1,d__Bacteria",p__Actinobacteriota,c__Actinomycetia,o__Actinomycetales,f__Dermatophilaceae,g__Austwickia,s__Austwickia chelonae,#BD141F,#514CC9,#D404CF,#7D2BD5,#E02AD6,#719DEA
"GCF_006539885,RS_GCF_006539885.1,d__Bacteria",p__Actinobacteriota,c__Actinomycetia,o__Actinomycetales,f__Micrococcaceae,g__Kocuria,s__Kocuria varians,#BD141F,#514CC9,#D404CF,#33E35D,#85DE99,#036339
"GCF_001886715,RS_GCF_001886715.1,d__Bacteria",p__Actinobacteriota,c__Actinomycetia,o__Mycobacteriales,f__Mycobacteriaceae,g__Nocardia,s__Nocardia mangyaensis,#BD141F,#514CC9,#74EE0B,#3560C9,#199D00,#301652
"GCF_013410305,RS_GCF_013410305.1,d__Bacteria",p__Actinobacteriota,c__Actinomycetia,o__Mycobacteriales,f__Mycobacteriaceae,g__Corynebacterium,s__Corynebacterium durum,#BD141F,#514CC9,#74EE0B,#3560C9,#AF44DF,#600222
"GCA_016864895,GB_GCA_016864895.1,d__Bacteria",p__Proteobacteria,c__Gammaproteobacteria,o__Burkholderiales,f__Neisseriaceae,g__QFNR01,s__QFNR01 sp016864895,#6BB876,#1A4EB3,#B72342,#D0A2D2,#195823,#6F6E5E
"GCF_002993285,RS_GCF_002993285.1,d__Bacteria",p__Actinobacteriota,c__Actinomycetia,o__Mycobacteriales,f__Mycobacteriaceae,g__Gordonia,s__Gordonia iterans,#BD141F,#514CC9,#74EE0B,#3560C9,#CB7498,#F4CF82
"GCF_002259405,RS_GCF_002259405.1,d__Bacteria",p__Actinobacteriota,c__Actinomycetia,o__Mycobacteriales,f__Mycobacteriaceae,g__Rhodococcus_B,s__Rhodococcus_B sp002259405,#BD141F,#514CC9,#74EE0B,#3560C9,#C5B308,#C54A5E
"GCF_017377795,RS_GCF_017377795.1,d__Bacteria",p__Actinobacteriota,c__Actinomycetia,o__Mycobacteriales,f__Mycobacteriaceae,g__Williamsia,s__Williamsia sp017377795,#BD141F,#514CC9,#74EE0B,#3560C9,#B25E10,#40E58E
"GCF_001598915,RS_GCF_001598915.1,d__Bacteria",p__Actinobacteriota,c__Actinomycetia,o__Mycobacteriales,f__Mycobacteriaceae,g__Williamsia,s__Williamsia muralis,#BD141F,#514CC9,#74EE0B,#3560C9,#B25E10,#EDA86E
"GCF_003641205,RS_GCF_003641205.1,d__Bacteria",p__Actinobacteriota,c__Actinomycetia,o__Mycobacteriales,f__Mycobacteriaceae,g__Rhodococcus_B,s__Rhodococcus_B sp003641205,#BD141F,#514CC9,#74EE0B,#3560C9,#C5B308,#B19C34
"GCF_001894785,RS_GCF_001894785.1,d__Bacteria",p__Actinobacteriota,c__Actinomycetia,o__Mycobacteriales,f__Mycobacteriaceae,g__Rhodococcus_B,s__Rhodococcus_B fascians,#BD141F,#514CC9,#74EE0B,#3560C9,#C5B308,#331927
"GCF_001895005,RS_GCF_001895005.1,d__Bacteria",p__Actinobacteriota,c__Actinomycetia,o__Mycobacteriales,f__Mycobacteriaceae,g__Rhodococcus_B,s__Rhodococcus_B yunnanensis,#BD141F,#514CC9,#74EE0B,#3560C9,#C5B308,#0CD651
"GCF_002245895,RS_GCF_002245895.1,d__Bacteria",p__Actinobacteriota,c__Actinomycetia,o__Mycobacteriales,f__Mycobacteriaceae,g__Rhodococcus,s__Rhodococcus sp002245895,#BD141F,#514CC9,#74EE0B,#3560C9,#235F33,#2EC81F
"GCF_003855095,RS_GCF_003855095.1,d__Bacteria",p__Actinobacteriota,c__Actinomycetia,o__Mycobacteriales,f__Mycobacteriaceae,g__Gordonia,s__Gordonia insulae,#BD141F,#514CC9,#74EE0B,#3560C9,#CB7498,#F63521
"GCF_001612685,RS_GCF_001612685.1,d__Bacteria",p__Actinobacteriota,c__Actinomycetia,o__Mycobacteriales,f__Mycobacteriaceae,g__Nocardia,s__Nocardia altamirensis,#BD141F,#514CC9,#74EE0B,#3560C9,#199D00,#130EC8
"GCF_000250675,RS_GCF_000250675.2,d__Bacteria",p__Actinobacteriota,c__Actinomycetia,o__Mycobacteriales,f__Mycobacteriaceae,g__Nocardia,s__Nocardia brasiliensis_B,#BD141F,#514CC9,#74EE0B,#3560C9,#199D00,#049560
"GCF_000710915,RS_GCF_000710915.1,d__Bacteria",p__Actinobacteriota,c__Actinomycetia,o__Mycobacteriales,f__Mycobacteriaceae,g__Nocardia,s__Nocardia brasiliensis_A,#BD141F,#514CC9,#74EE0B,#3560C9,#199D00,#39B3B0
"GCF_004011095,RS_GCF_004011095.1,d__Bacteria",p__Actinobacteriota,c__Actinomycetia,o__Actinomycetales,f__Microbacteriaceae,g__Rathayibacter,s__Rathayibacter rathayi,#BD141F,#514CC9,#D404CF,#38F314,#8EA21E,#FFE125
"GCF_004366135,RS_GCF_004366135.1,d__Bacteria",p__Actinobacteriota,c__Actinomycetia,o__Actinomycetales,f__Microbacteriaceae,g__Microbacterium,s__Microbacterium sp004366135,#BD141F,#514CC9,#D404CF,#38F314,#4C0A62,#E67CF3
"GCF_009932475,RS_GCF_009932475.1,d__Bacteria",p__Actinobacteriota,c__Actinomycetia,o__Mycobacteriales,f__Mycobacteriaceae,g__Gordonia,s__Gordonia spumicola,#BD141F,#514CC9,#74EE0B,#3560C9,#CB7498,#49E806
"GCF_014197435,RS_GCF_014197435.1,d__Bacteria",p__Actinobacteriota,c__Actinomycetia,o__Mycobacteriales,f__Mycobacteriaceae,g__Gordonia,s__Gordonia humi,#BD141F,#514CC9,#74EE0B,#3560C9,#CB7498,#6C10F4
"GCA_016197405,GB_GCA_016197405.1,d__Bacteria",p__Actinobacteriota,c__Actinomycetia,o__Mycobacteriales,f__Mycobacteriaceae,g__Mycobacterium,s__Mycobacterium sp016197405,#BD141F,#514CC9,#74EE0B,#3560C9,#920E4F,#793D15
"GCF_000196675,RS_GCF_000196675.1,d__Bacteria",p__Actinobacteriota,c__Actinomycetia,o__Mycobacteriales,f__Pseudonocardiaceae,g__Pseudonocardia,s__Pseudonocardia dioxanivorans,#BD141F,#514CC9,#74EE0B,#B3B502,#5B87A0,#DA4D9B
"GCF_006717045,RS_GCF_006717045.1,d__Bacteria",p__Actinobacteriota,c__Actinomycetia,o__Mycobacteriales,f__Pseudonocardiaceae,g__Pseudonocardia,s__Pseudonocardia cypriaca,#BD141F,#514CC9,#74EE0B,#B3B502,#5B87A0,#7C88A8
"GCF_011758805,RS_GCF_011758805.1,d__Bacteria",p__Actinobacteriota,c__Actinomycetia,o__Mycobacteriales,f__Mycobacteriaceae,g__Mycobacterium,s__Mycobacterium fluoranthenivorans,#BD141F,#514CC9,#74EE0B,#3560C9,#920E4F,#5F5DAC
"GCA_016197365,GB_GCA_016197365.1,d__Bacteria",p__Actinobacteriota,c__Actinomycetia,o__Mycobacteriales,f__Mycobacteriaceae,g__Mycobacterium,s__Mycobacterium cosmeticum_A,#BD141F,#514CC9,#74EE0B,#3560C9,#920E4F,#E188DE
"GCF_014635305,RS_GCF_014635305.1,d__Bacteria",p__Actinobacteriota,c__Actinomycetia,o__Mycobacteriales,f__Mycobacteriaceae,g__Williamsia_A,s__Williamsia_A phyllosphaerae,#BD141F,#514CC9,#74EE0B,#3560C9,#16C526,#8382C9
"GCF_900156495,RS_GCF_900156495.1,d__Bacteria",p__Actinobacteriota,c__Actinomycetia,o__Mycobacteriales,f__Mycobacteriaceae,g__Williamsia_B,s__Williamsia_B sterculiae,#BD141F,#514CC9,#74EE0B,#3560C9,#0A6C3D,#C84494
"GCF_000799285,RS_GCF_000799285.1,d__Bacteria",p__Actinobacteriota,c__Actinomycetia,o__Actinomycetales,f__Microbacteriaceae,g__Microterricola,s__Microterricola sp000799285,#BD141F,#514CC9,#D404CF,#38F314,#CD1FD5,#849ACF
"GCF_001424195,RS_GCF_001424195.1,d__Bacteria",p__Actinobacteriota,c__Actinomycetia,o__Actinomycetales,f__Cellulomonadaceae,g__Cellulomonas,s__Cellulomonas sp001424195,#BD141F,#514CC9,#D404CF,#784BCB,#AE4303,#15BF53
"GCF_009708005,RS_GCF_009708005.2,d__Bacteria",p__Actinobacteriota,c__Actinomycetia,o__Actinomycetales,f__Cellulomonadaceae,g__Cellulosimicrobium,s__Cellulosimicrobium sp009708005,#BD141F,#514CC9,#D404CF,#784BCB,#739411,#0540EF
"GCF_005937995,RS_GCF_005937995.2,d__Bacteria",p__Actinobacteriota,c__Actinomycetia,o__Actinomycetales,f__Cellulomonadaceae,g__Oerskovia,s__Oerskovia sp005937995,#BD141F,#514CC9,#D404CF,#784BCB,#C3E630,#0137C9
"GCF_006494775,RS_GCF_006494775.1,d__Bacteria",p__Actinobacteriota,c__Actinomycetia,o__Propionibacteriales,f__Nocardioidaceae,g__Nocardioides,s__Nocardioides humi,#BD141F,#514CC9,#E2DF74,#50BA32,#A97CF6,#08747F
"GCF_900070355,RS_GCF_900070355.1,d__Bacteria",p__Actinobacteriota,c__Actinomycetia,o__Actinomycetales,f__Dermabacteraceae,g__Devriesea,s__Devriesea agamarum,#BD141F,#514CC9,#D404CF,#17C57D,#AE40E6,#C08AA2
"GCF_000197735,RS_GCF_000197735.1,d__Bacteria",p__Actinobacteriota,c__Actinomycetia,o__Actinomycetales,f__Micrococcaceae,g__Glutamicibacter,s__Glutamicibacter arilaitensis,#BD141F,#514CC9,#D404CF,#33E35D,#E3EC18,#29F808
"GCF_006539925,RS_GCF_006539925.1,d__Bacteria",p__Actinobacteriota,c__Actinomycetia,o__Actinomycetales,f__Micrococcaceae,g__Glutamicibacter,s__Glutamicibacter uratoxydans,#BD141F,#514CC9,#D404CF,#33E35D,#E3EC18,#E336BA
"GCF_900452415,RS_GCF_900452415.1,d__Bacteria",p__Proteobacteria,c__Gammaproteobacteria,o__Legionellales,f__Legionellaceae,g__Legionella,s__Legionella cincinnatiensis,#6BB876,#1A4EB3,#4A8CB3,#BDD845,#C92938,#D1FB51
"GCF_001905125,RS_GCF_001905125.1,d__Bacteria",p__Actinobacteriota,c__Actinomycetia,o__Streptomycetales,f__Streptomycetaceae,g__Streptomyces,s__Streptomyces sp001905125,#BD141F,#514CC9,#79C92A,#59234E,#73476F,#08325C
"GCF_900185725,RS_GCF_900185725.1,d__Bacteria",p__Proteobacteria,c__Alphaproteobacteria,o__Rhizobiales,f__Stappiaceae,g__Stappia,s__Stappia sp900185725,#6BB876,#8F65FE,#AA1BAA,#2BC842,#D467CA,#F1EB3A
"GCF_000720325,RS_GCF_000720325.1,d__Bacteria",p__Actinobacteriota,c__Actinomycetia,o__Streptomycetales,f__Streptomycetaceae,g__Streptomyces,s__Streptomyces sp000720325,#BD141F,#514CC9,#79C92A,#59234E,#73476F,#964CCA
"GCF_003610995,RS_GCF_003610995.1,d__Bacteria",p__Actinobacteriota,c__Actinomycetia,o__Streptomycetales,f__Streptomycetaceae,g__Streptomyces,s__Streptomyces sp003116725,#BD141F,#514CC9,#79C92A,#59234E,#73476F,#6D546A
"GCF_018361265,RS_GCF_018361265.1,d__Bacteria",p__Actinobacteriota,c__Actinomycetia,o__Mycobacteriales,f__Mycobacteriaceae,g__Mycobacterium,s__Mycobacterium sp018361265,#BD141F,#514CC9,#74EE0B,#3560C9,#920E4F,#DE11FA
"GCF_014645815,RS_GCF_014645815.1,d__Bacteria",p__Actinobacteriota,c__Actinomycetia,o__Streptomycetales,f__Streptomycetaceae,g__Streptomyces,s__Streptomyces fuscichromogenes,#BD141F,#514CC9,#79C92A,#59234E,#73476F,#7FB695
"GCA_002722295,GB_GCA_002722295.1,d__Bacteria",p__Proteobacteria,c__Alphaproteobacteria,o__Rhizobiales,f__Stappiaceae,g__Stappia,s__Stappia sp002722295,#6BB876,#8F65FE,#AA1BAA,#2BC842,#D467CA,#AB8C44
"GCF_000705555,RS_GCF_000705555.1,d__Bacteria",p__Proteobacteria,c__Gammaproteobacteria,o__Pseudomonadales,f__Nitrincolaceae,g__Marinobacterium,s__Marinobacterium sp000705555,#6BB876,#1A4EB3,#3ECA58,#C0D159,#871AF6,#3E780E
"GCF_003851495,RS_GCF_003851495.1,d__Bacteria",p__Proteobacteria,c__Gammaproteobacteria,o__Pseudomonadales,f__Pseudomonadaceae,g__Pseudomonas_E,s__Pseudomonas_E fluorescens_BB,#6BB876,#1A4EB3,#3ECA58,#F6FDA1,#78F64A,#0F305D
"GCF_001653135,RS_GCF_001653135.1,d__Bacteria",p__Proteobacteria,c__Gammaproteobacteria,o__Enterobacterales,f__Alteromonadaceae,g__Pseudoalteromonas,s__Pseudoalteromonas neustonica,#6BB876,#1A4EB3,#5987E6,#19E8E7,#DA2F8E,#7217C6
"GCF_002007605,RS_GCF_002007605.1,d__Bacteria",p__Proteobacteria,c__Gammaproteobacteria,o__Pseudomonadales,f__Cellvibrionaceae,g__Cellvibrio,s__Cellvibrio sp002007605,#6BB876,#1A4EB3,#3ECA58,#051F71,#AC2588,#249608
"GCF_000214215,RS_GCF_000214215.1,d__Bacteria",p__Proteobacteria,c__Gammaproteobacteria,o__Pseudomonadales,f__Marinomonadaceae,g__Marinomonas,s__Marinomonas posidonica,#6BB876,#1A4EB3,#3ECA58,#F332C1,#446392,#2374CA
"GCF_000069785,RS_GCF_000069785.1,d__Bacteria",p__Proteobacteria,c__Gammaproteobacteria,o__Burkholderiales,f__Burkholderiaceae,g__Cupriavidus,s__Cupriavidus taiwanensis,#6BB876,#1A4EB3,#B72342,#281118,#4E6889,#C71161
"GCF_014109765,RS_GCF_014109765.1,d__Bacteria",p__Proteobacteria,c__Gammaproteobacteria,o__Pseudomonadales,f__Pseudomonadaceae,g__Pseudomonas_E,s__Pseudomonas_E oleovorans_B,#6BB876,#1A4EB3,#3ECA58,#F6FDA1,#78F64A,#60701F
"GCF_001512295,RS_GCF_001512295.1,d__Bacteria",p__Proteobacteria,c__Gammaproteobacteria,o__Pseudomonadales,f__Pseudomonadaceae,g__Pseudomonas_B,s__Pseudomonas_B sp001512295,#6BB876,#1A4EB3,#3ECA58,#F6FDA1,#F69095,#AB8D11
"GCF_904063065,RS_GCF_904063065.1,d__Bacteria",p__Proteobacteria,c__Gammaproteobacteria,o__Pseudomonadales,f__Pseudomonadaceae,g__Pseudomonas_E,s__Pseudomonas_E paraversuta,#6BB876,#1A4EB3,#3ECA58,#F6FDA1,#78F64A,#719FEF
"GCF_000498395,RS_GCF_000498395.2,d__Bacteria",p__Proteobacteria,c__Gammaproteobacteria,o__Pseudomonadales,f__Pseudomonadaceae,g__Pseudomonas_E,s__Pseudomonas_E putida_Q,#6BB876,#1A4EB3,#3ECA58,#F6FDA1,#78F64A,#F11107
"GCF_001305595,RS_GCF_001305595.1,d__Bacteria",p__Proteobacteria,c__Alphaproteobacteria,o__Azospirillales,f__Azospirillaceae,g__Azospirillum,s__Azospirillum thiophilum,#6BB876,#8F65FE,#E0445F,#600200,#05FFA7,#B95CC1
"GCF_003116035,RS_GCF_003116035.1,d__Bacteria",p__Proteobacteria,c__Alphaproteobacteria,o__Azospirillales,f__Azospirillaceae,g__Azospirillum,s__Azospirillum sp003116035,#6BB876,#8F65FE,#E0445F,#600200,#05FFA7,#429976
"GCF_013523055,RS_GCF_013523055.1,d__Bacteria",p__Proteobacteria,c__Gammaproteobacteria,o__Pseudomonadales,f__Pseudomonadaceae,g__Pseudomonas_E,s__Pseudomonas_E capeferrum_A,#6BB876,#1A4EB3,#3ECA58,#F6FDA1,#78F64A,#8ED852
"GCF_000829415,RS_GCF_000829415.1,d__Bacteria",p__Proteobacteria,c__Gammaproteobacteria,o__Pseudomonadales,f__Pseudomonadaceae,g__Pseudomonas_E,s__Pseudomonas_E sp000829415,#6BB876,#1A4EB3,#3ECA58,#F6FDA1,#78F64A,#88470B
"GCA_000497835,GB_GCA_000497835.1,d__Bacteria",p__Proteobacteria,c__Gammaproteobacteria,o__Pseudomonadales,f__Pseudomonadaceae,g__Pseudomonas_E,s__Pseudomonas_E sp000497835,#6BB876,#1A4EB3,#3ECA58,#F6FDA1,#78F64A,#7DD4E2
"GCF_013395055,RS_GCF_013395055.1,d__Bacteria",p__Proteobacteria,c__Gammaproteobacteria,o__Pseudomonadales,f__Pseudomonadaceae,g__Pseudomonas_Q,s__Pseudomonas_Q sp013395055,#6BB876,#1A4EB3,#3ECA58,#F6FDA1,#C522A2,#4C9D52
"GCF_000026105,RS_GCF_000026105.1,d__Bacteria",p__Proteobacteria,c__Gammaproteobacteria,o__Pseudomonadales,f__Pseudomonadaceae,g__Pseudomonas_E,s__Pseudomonas_E entomophila,#6BB876,#1A4EB3,#3ECA58,#F6FDA1,#78F64A,#A4174A
"GCF_018417635,RS_GCF_018417635.1,d__Bacteria",p__Proteobacteria,c__Gammaproteobacteria,o__Pseudomonadales,f__Pseudomonadaceae,g__Pseudomonas_E,s__Pseudomonas_E sp900101695,#6BB876,#1A4EB3,#3ECA58,#F6FDA1,#78F64A,#0D9933
"GCF_000746525,RS_GCF_000746525.1,d__Bacteria",p__Proteobacteria,c__Gammaproteobacteria,o__Pseudomonadales,f__Pseudomonadaceae,g__Pseudomonas_E,s__Pseudomonas_E alkylphenolica,#6BB876,#1A4EB3,#3ECA58,#F6FDA1,#78F64A,#F667DD
"GCF_019139835,RS_GCF_019139835.1,d__Bacteria",p__Proteobacteria,c__Gammaproteobacteria,o__Pseudomonadales,f__Pseudomonadaceae,g__Pseudomonas_E,s__Pseudomonas_E sp019139835,#6BB876,#1A4EB3,#3ECA58,#F6FDA1,#78F64A,#1C8549
"GCF_001636055,RS_GCF_001636055.1,d__Bacteria",p__Proteobacteria,c__Gammaproteobacteria,o__Pseudomonadales,f__Pseudomonadaceae,g__Pseudomonas_E,s__Pseudomonas_E putida_B,#6BB876,#1A4EB3,#3ECA58,#F6FDA1,#78F64A,#F6C7AD
"GCF_000019225,RS_GCF_000019225.1,d__Bacteria",p__Proteobacteria,c__Gammaproteobacteria,o__Pseudomonadales,f__Cellvibrionaceae,g__Cellvibrio,s__Cellvibrio japonicus,#6BB876,#1A4EB3,#3ECA58,#051F71,#AC2588,#BC1F9E
"GCF_000380335,RS_GCF_000380335.1,d__Bacteria",p__Proteobacteria,c__Gammaproteobacteria,o__Pseudomonadales,f__Pseudomonadaceae,g__Azotobacter,s__Azotobacter vinelandii,#6BB876,#1A4EB3,#3ECA58,#F6FDA1,#7ABB3F,#5EAD6D
"GCA_002163245,GB_GCA_002163245.1,d__Bacteria",p__Proteobacteria,c__Gammaproteobacteria,o__Pseudomonadales,f__Ketobacteraceae,g__42-54-T18,s__42-54-T18 sp002163245,#6BB876,#1A4EB3,#3ECA58,#04128B,#D41E2C,#36234C
"GCF_012767755,RS_GCF_012767755.2,d__Bacteria",p__Proteobacteria,c__Gammaproteobacteria,o__Pseudomonadales,f__Pseudomonadaceae,g__Pseudomonas_F,s__Pseudomonas_F sp003234055,#6BB876,#1A4EB3,#3ECA58,#F6FDA1,#530D26,#4013C0
"GCA_900475325,GB_GCA_900475325.1,d__Bacteria",p__Proteobacteria,c__Gammaproteobacteria,o__Pseudomonadales,f__Pseudomonadaceae,g__Pseudomonas_E,s__Pseudomonas_E sp900475325,#6BB876,#1A4EB3,#3ECA58,#F6FDA1,#78F64A,#A61FE3
"GCF_003626995,RS_GCF_003626995.1,d__Bacteria",p__Proteobacteria,c__Gammaproteobacteria,o__Pseudomonadales,f__Pseudomonadaceae,g__Pseudomonas_E,s__Pseudomonas_E fluorescens_BA,#6BB876,#1A4EB3,#3ECA58,#F6FDA1,#78F64A,#0259D1
"GCF_002934065,RS_GCF_002934065.1,d__Bacteria",p__Proteobacteria,c__Gammaproteobacteria,o__Pseudomonadales,f__Pseudomonadaceae,g__Pseudomonas_E,s__Pseudomonas_E orientalis_A,#6BB876,#1A4EB3,#3ECA58,#F6FDA1,#78F64A,#CC2215
"GCF_002843605,RS_GCF_002843605.1,d__Bacteria",p__Proteobacteria,c__Gammaproteobacteria,o__Pseudomonadales,f__Pseudomonadaceae,g__Pseudomonas_E,s__Pseudomonas_E sp002843605,#6BB876,#1A4EB3,#3ECA58,#F6FDA1,#78F64A,#862D48
"GCF_018325905,RS_GCF_018325905.1,d__Bacteria",p__Proteobacteria,c__Gammaproteobacteria,o__Pseudomonadales,f__Pseudomonadaceae,g__Pseudomonas_E,s__Pseudomonas_E sp018325905,#6BB876,#1A4EB3,#3ECA58,#F6FDA1,#78F64A,#6B7B63
"GCF_001547895,RS_GCF_001547895.1,d__Bacteria",p__Proteobacteria,c__Gammaproteobacteria,o__Pseudomonadales,f__Pseudomonadaceae,g__Pseudomonas_E,s__Pseudomonas_E sp001547895,#6BB876,#1A4EB3,#3ECA58,#F6FDA1,#78F64A,#0D4D5F
"GCF_000397205,RS_GCF_000397205.1,d__Bacteria",p__Proteobacteria,c__Gammaproteobacteria,o__Pseudomonadales,f__Pseudomonadaceae,g__Pseudomonas_E,s__Pseudomonas_E protegens,#6BB876,#1A4EB3,#3ECA58,#F6FDA1,#78F64A,#2F535B
"GCF_000282195,RS_GCF_000282195.1,d__Bacteria",p__Proteobacteria,c__Gammaproteobacteria,o__Pseudomonadales,f__Pseudomonadaceae,g__Pseudomonas_E,s__Pseudomonas_E sp000282195,#6BB876,#1A4EB3,#3ECA58,#F6FDA1,#78F64A,#FE1D4F
"GCF_000282455,RS_GCF_000282455.1,d__Bacteria",p__Proteobacteria,c__Gammaproteobacteria,o__Pseudomonadales,f__Pseudomonadaceae,g__Pseudomonas_E,s__Pseudomonas_E sp000282455,#6BB876,#1A4EB3,#3ECA58,#F6FDA1,#78F64A,#3A04EB
"GCA_019200975,GB_GCA_019200975.1,d__Bacteria",p__Proteobacteria,c__Gammaproteobacteria,o__Pseudomonadales,f__Pseudomonadaceae,g__Pseudomonas_E,s__Pseudomonas_E sp019200975,#6BB876,#1A4EB3,#3ECA58,#F6FDA1,#78F64A,#0F5FC1
"GCF_016651305,RS_GCF_016651305.1,d__Bacteria",p__Proteobacteria,c__Gammaproteobacteria,o__Pseudomonadales,f__Pseudomonadaceae,g__Pseudomonas_E,s__Pseudomonas_E sp016651305,#6BB876,#1A4EB3,#3ECA58,#F6FDA1,#78F64A,#BFD534
"GCF_018326005,RS_GCF_018326005.1,d__Bacteria",p__Proteobacteria,c__Gammaproteobacteria,o__Pseudomonadales,f__Pseudomonadaceae,g__Pseudomonas_E,s__Pseudomonas_E sp002901475,#6BB876,#1A4EB3,#3ECA58,#F6FDA1,#78F64A,#816C87
"GCA_902825215,GB_GCA_902825215.1,d__Bacteria",p__Proteobacteria,c__Gammaproteobacteria,o__Pseudomonadales,f__Pseudomonadaceae,g__Pseudomonas_E,s__Pseudomonas_E fluorescens_G,#6BB876,#1A4EB3,#3ECA58,#F6FDA1,#78F64A,#99CF42
"GCF_000264455,RS_GCF_000264455.2,d__Bacteria",p__Proteobacteria,c__Alphaproteobacteria,o__Tistrellales,f__Tistrellaceae,g__Tistrella,s__Tistrella mobilis,#6BB876,#8F65FE,#C9BAEF,#20D57C,#650C31,#AAE82A
"GCF_000515255,RS_GCF_000515255.1,d__Bacteria",p__Proteobacteria,c__Alphaproteobacteria,o__Kiloniellales,f__Rhodovibrionaceae,g__Rhodovibrio,s__Rhodovibrio salinarum,#6BB876,#8F65FE,#2603EF,#325567,#D71A01,#E81660
"GCF_011806385,RS_GCF_011806385.1,d__Bacteria",p__Proteobacteria,c__Alphaproteobacteria,o__Rhodobacterales,f__Rhodobacteraceae,g__Epibacterium,s__Epibacterium sp011806385,#6BB876,#8F65FE,#EC1DDB,#1D25AC,#BD23BB,#DDB956
"GCF_003003215,RS_GCF_003003215.1,d__Bacteria",p__Proteobacteria,c__Alphaproteobacteria,o__Rhodobacterales,f__Rhodobacteraceae,g__Epibacterium,s__Epibacterium scottomollicae,#6BB876,#8F65FE,#EC1DDB,#1D25AC,#BD23BB,#2E7519
"GCF_000444995,RS_GCF_000444995.1,d__Bacteria",p__Proteobacteria,c__Alphaproteobacteria,o__Rhodobacterales,f__Rhodobacteraceae,g__Paracoccus,s__Paracoccus aminophilus,#6BB876,#8F65FE,#EC1DDB,#1D25AC,#02C00F,#5D093D
"GCA_018798885,GB_GCA_018798885.1,d__Bacteria",p__Proteobacteria,c__Alphaproteobacteria,o__Rhodobacterales,f__Rhodobacteraceae,g__Gemmobacter,s__Gemmobacter sp018798885,#6BB876,#8F65FE,#EC1DDB,#1D25AC,#28920F,#A648B8
"GCF_014490725,RS_GCF_014490725.1,d__Bacteria",p__Proteobacteria,c__Alphaproteobacteria,o__Rhodobacterales,f__Rhodobacteraceae,g__Paracoccus,s__Paracoccus amoyensis,#6BB876,#8F65FE,#EC1DDB,#1D25AC,#02C00F,#424F84
"GCF_003663825,RS_GCF_003663825.1,d__Bacteria",p__Proteobacteria,c__Gammaproteobacteria,o__Burkholderiales,f__Burkholderiaceae,g__Acidovorax,s__Acidovorax sp003663825,#6BB876,#1A4EB3,#B72342,#281118,#77D389,#863407
"GCA_003970805,GB_GCA_003970805.2,d__Bacteria",p__Proteobacteria,c__Gammaproteobacteria,o__Burkholderiales,f__Burkholderiaceae,g__Undibacterium,s__Undibacterium piscinae,#6BB876,#1A4EB3,#B72342,#281118,#88533D,#0FEE8A
"GCF_003416895,RS_GCF_003416895.1,d__Bacteria",p__Proteobacteria,c__Gammaproteobacteria,o__Burkholderiales,f__Burkholderiaceae,g__Duganella,s__Duganella sp003416895,#6BB876,#1A4EB3,#B72342,#281118,#71E40F,#85E940
"GCF_003416985,RS_GCF_003416985.1,d__Bacteria",p__Proteobacteria,c__Gammaproteobacteria,o__Burkholderiales,f__Burkholderiaceae,g__Duganella,s__Duganella sp003416985,#6BB876,#1A4EB3,#B72342,#281118,#71E40F,#2BF9A3
"GCA_000017645,GB_GCA_000017645.1,d__Bacteria",p__Proteobacteria,c__Alphaproteobacteria,o__Rhizobiales,f__Xanthobacteraceae,g__Xanthobacter,s__Xanthobacter autotrophicus,#6BB876,#8F65FE,#AA1BAA,#47636E,#105A1E,#F0B56B
"GCF_001422885,RS_GCF_001422885.1,d__Bacteria",p__Proteobacteria,c__Alphaproteobacteria,o__Rhizobiales,f__Beijerinckiaceae,g__Methylobacterium,s__Methylobacterium sp001422885,#6BB876,#8F65FE,#AA1BAA,#40A7CC,#09ED43,#092228
"GCF_000372825,RS_GCF_000372825.1,d__Bacteria",p__Proteobacteria,c__Alphaproteobacteria,o__Rhizobiales,f__Beijerinckiaceae,g__Methylobacterium,s__Methylobacterium sp000372825,#6BB876,#8F65FE,#AA1BAA,#40A7CC,#09ED43,#75275C
"GCF_016864375,RS_GCF_016864375.1,d__Bacteria",p__Proteobacteria,c__Alphaproteobacteria,o__Rhizobiales,f__Beijerinckiaceae,g__Microvirga,s__Microvirga sp016864375,#6BB876,#8F65FE,#AA1BAA,#40A7CC,#5892E7,#289721
"GCF_900094575,RS_GCF_900094575.1,d__Bacteria",p__Proteobacteria,c__Alphaproteobacteria,o__Rhizobiales,f__Xanthobacteraceae,g__Bradyrhizobium,s__Bradyrhizobium yuanmingense,#6BB876,#8F65FE,#AA1BAA,#47636E,#BC0AE5,#A63DD5
"GCF_000015165,RS_GCF_000015165.1,d__Bacteria",p__Proteobacteria,c__Alphaproteobacteria,o__Rhizobiales,f__Xanthobacteraceae,g__Bradyrhizobium,s__Bradyrhizobium denitrificans,#6BB876,#8F65FE,#AA1BAA,#47636E,#BC0AE5,#F4D137
"GCF_000423185,RS_GCF_000423185.1,d__Bacteria",p__Proteobacteria,c__Alphaproteobacteria,o__DSM-16000,f__Inquilinaceae,g__Inquilinus,s__Inquilinus limosus,#6BB876,#8F65FE,#3F16AC,#0565A3,#1F2A60,#3CB15C
"GCA_003241695,GB_GCA_003241695.1,d__Bacteria",p__Proteobacteria,c__Alphaproteobacteria,o__Rhizobiales,f__Methylopilaceae,g__Hansschlegelia,s__Hansschlegelia sp003241695,#6BB876,#8F65FE,#AA1BAA,#2558DB,#D035F7,#03DBBF
"GCF_902459705,RS_GCF_902459705.1,d__Bacteria",p__Proteobacteria,c__Gammaproteobacteria,o__Burkholderiales,f__Burkholderiaceae,g__Pandoraea,s__Pandoraea terrigena,#6BB876,#1A4EB3,#B72342,#281118,#0F56E9,#5FC3BD
"GCF_012033695,RS_GCF_012033695.1,d__Bacteria",p__Proteobacteria,c__Gammaproteobacteria,o__Pseudomonadales,f__Pseudomonadaceae,g__Pseudomonas_E,s__Pseudomonas_E quercus,#6BB876,#1A4EB3,#3ECA58,#F6FDA1,#78F64A,#B54885
"GCF_900142905,RS_GCF_900142905.1,d__Bacteria",p__Proteobacteria,c__Gammaproteobacteria,o__Burkholderiales,f__Burkholderiaceae,g__Paraburkholderia,s__Paraburkholderia sp900142905,#6BB876,#1A4EB3,#B72342,#281118,#B12A79,#E481E5
"GCF_014200455,RS_GCF_014200455.1,d__Bacteria",p__Proteobacteria,c__Gammaproteobacteria,o__Burkholderiales,f__Burkholderiaceae,g__Paraburkholderia,s__Paraburkholderia bannensis_A,#6BB876,#1A4EB3,#B72342,#281118,#B12A79,#5E9F1C
"GCF_014199935,RS_GCF_014199935.1,d__Bacteria",p__Proteobacteria,c__Alphaproteobacteria,o__Rhizobiales,f__Beijerinckiaceae,g__Methylobacterium,s__Methylobacterium rhodinum,#6BB876,#8F65FE,#AA1BAA,#40A7CC,#09ED43,#9A1B1D
"GCF_000020045,RS_GCF_000020045.1,d__Bacteria",p__Proteobacteria,c__Gammaproteobacteria,o__Burkholderiales,f__Burkholderiaceae,g__Paraburkholderia,s__Paraburkholderia phymatum,#6BB876,#1A4EB3,#B72342,#281118,#B12A79,#64EE86
"GCF_009455625,RS_GCF_009455625.1,d__Bacteria",p__Proteobacteria,c__Gammaproteobacteria,o__Burkholderiales,f__Burkholderiaceae,g__Paraburkholderia,s__Paraburkholderia bonniea,#6BB876,#1A4EB3,#B72342,#281118,#B12A79,#EF9AE1
"GCF_000012945,RS_GCF_000012945.1,d__Bacteria",p__Proteobacteria,c__Gammaproteobacteria,o__Burkholderiales,f__Burkholderiaceae,g__Burkholderia,s__Burkholderia lata,#6BB876,#1A4EB3,#B72342,#281118,#854771,#61ED7D
"GCF_000203915,RS_GCF_000203915.1,d__Bacteria",p__Proteobacteria,c__Gammaproteobacteria,o__Burkholderiales,f__Burkholderiaceae,g__Burkholderia,s__Burkholderia ambifaria,#6BB876,#1A4EB3,#B72342,#281118,#854771,#56B870
"GCF_000011705,RS_GCF_000011705.1,d__Bacteria",p__Proteobacteria,c__Gammaproteobacteria,o__Burkholderiales,f__Burkholderiaceae,g__Burkholderia,s__Burkholderia mallei,#6BB876,#1A4EB3,#B72342,#281118,#854771,#8B0890
"GCA_001544595,GB_GCA_001544595.2,d__Bacteria",p__Proteobacteria,c__Gammaproteobacteria,o__Burkholderiales,f__Burkholderiaceae,g__Caballeronia,s__Caballeronia peredens,#6BB876,#1A4EB3,#B72342,#281118,#7AD1F7,#4FFDBD
"GCF_001557535,RS_GCF_001557535.2,d__Bacteria",p__Proteobacteria,c__Gammaproteobacteria,o__Burkholderiales,f__Burkholderiaceae,g__Caballeronia,s__Caballeronia sp001557535,#6BB876,#1A4EB3,#B72342,#281118,#7AD1F7,#EBA4BB
"GCF_000013645,RS_GCF_000013645.1,d__Bacteria",p__Proteobacteria,c__Gammaproteobacteria,o__Burkholderiales,f__Burkholderiaceae,g__Paraburkholderia,s__Paraburkholderia xenovorans,#6BB876,#1A4EB3,#B72342,#281118,#B12A79,#1C814D
"GCF_902833645,RS_GCF_902833645.1,d__Bacteria",p__Proteobacteria,c__Gammaproteobacteria,o__Burkholderiales,f__Burkholderiaceae,g__Paraburkholderia,s__Paraburkholderia fungorum,#6BB876,#1A4EB3,#B72342,#281118,#B12A79,#5E2B36
"GCF_000016565,RS_GCF_000016565.1,d__Bacteria",p__Proteobacteria,c__Gammaproteobacteria,o__Pseudomonadales,f__Pseudomonadaceae,g__Pseudomonas_E,s__Pseudomonas_E mendocina_A,#6BB876,#1A4EB3,#3ECA58,#F6FDA1,#78F64A,#CC3F97
"GCA_002338065,GB_GCA_002338065.1,d__Bacteria",p__Proteobacteria,c__Gammaproteobacteria,o__Pseudomonadales,f__Pseudomonadaceae,g__Pseudomonas_E,s__Pseudomonas_E sp002338065,#6BB876,#1A4EB3,#3ECA58,#F6FDA1,#78F64A,#797F60
"GCF_001709345,RS_GCF_001709345.1,d__Bacteria",p__Proteobacteria,c__Gammaproteobacteria,o__Pseudomonadales,f__Halomonadaceae,g__Terasakiispira,s__Terasakiispira papahanaumokuakeensis,#6BB876,#1A4EB3,#3ECA58,#51CADE,#1F6FF3,#FC9EB3
"GCF_016917355,RS_GCF_016917355.1,d__Bacteria",p__Proteobacteria,c__Gammaproteobacteria,o__Burkholderiales,f__Burkholderiaceae,g__Glaciimonas,s__Glaciimonas sp016917355,#6BB876,#1A4EB3,#B72342,#281118,#055804,#C70A82
"GCF_013314895,RS_GCF_013314895.1,d__Bacteria",p__Proteobacteria,c__Gammaproteobacteria,o__Burkholderiales,f__Burkholderiaceae,g__Cupriavidus,s__Cupriavidus gilardii_C,#6BB876,#1A4EB3,#B72342,#281118,#4E6889,#65570B
"GCF_008693385,RS_GCF_008693385.1,d__Bacteria",p__Proteobacteria,c__Gammaproteobacteria,o__Burkholderiales,f__Burkholderiaceae,g__Cupriavidus,s__Cupriavidus pauculus_D,#6BB876,#1A4EB3,#B72342,#281118,#4E6889,#8D85ED
"GCF_009363155,RS_GCF_009363155.1,d__Bacteria",p__Proteobacteria,c__Gammaproteobacteria,o__Pseudomonadales,f__Pseudomonadaceae,g__Azotobacter,s__Azotobacter salinestris,#6BB876,#1A4EB3,#3ECA58,#F6FDA1,#7ABB3F,#6F21A1
"GCF_900156545,RS_GCF_900156545.1,d__Bacteria",p__Proteobacteria,c__Gammaproteobacteria,o__Pseudomonadales,f__Pseudomonadaceae,g__Pseudomonas_E,s__Pseudomonas_E alcaligenes_A,#6BB876,#1A4EB3,#3ECA58,#F6FDA1,#78F64A,#54F97B
"GCF_000024725,RS_GCF_000024725.1,d__Bacteria",p__Proteobacteria,c__Gammaproteobacteria,o__Nitrosococcales,f__Nitrosococcaceae,g__Nitrosococcus,s__Nitrosococcus halophilus,#6BB876,#1A4EB3,#F70D83,#ADC641,#3D22BC,#C2D835
"GCF_000009365,RS_GCF_000009365.1,d__Bacteria",p__Proteobacteria,c__Gammaproteobacteria,o__Pseudomonadales,f__Alcanivoracaceae,g__Alcanivorax,s__Alcanivorax borkumensis,#6BB876,#1A4EB3,#3ECA58,#829CFC,#EFC9F5,#39FB0D
"GCA_000953735,GB_GCA_000953735.1,d__Bacteria",p__Proteobacteria,c__Gammaproteobacteria,o__Enterobacterales,f__Moritellaceae,g__Moritella,s__Moritella viscosa,#6BB876,#1A4EB3,#5987E6,#7E53C7,#4C08C8,#314C7D
"GCF_003259225,RS_GCF_003259225.1,d__Bacteria",p__Proteobacteria,c__Gammaproteobacteria,o__Pseudomonadales,f__Marinomonadaceae,g__Marinomonas,s__Marinomonas arctica,#6BB876,#1A4EB3,#3ECA58,#F332C1,#446392,#3AC879
"GCF_005144905,RS_GCF_005144905.1,d__Bacteria",p__Proteobacteria,c__Gammaproteobacteria,o__Enterobacterales,f__Vibrionaceae,g__Vibrio,s__Vibrio cyclitrophicus,#6BB876,#1A4EB3,#5987E6,#D659AE,#37F8F2,#ABEE61
"GCF_000176135,RS_GCF_000176135.1,d__Bacteria",p__Proteobacteria,c__Gammaproteobacteria,o__Enterobacterales,f__Vibrionaceae,g__Vibrio,s__Vibrio coralliilyticus,#6BB876,#1A4EB3,#5987E6,#D659AE,#37F8F2,#38B87D
"GCF_000467125,RS_GCF_000467125.1,d__Bacteria",p__Proteobacteria,c__Gammaproteobacteria,o__Enterobacterales,f__Vibrionaceae,g__Vibrio,s__Vibrio proteolyticus,#6BB876,#1A4EB3,#5987E6,#D659AE,#37F8F2,#0F1E77
"GCF_001482385,RS_GCF_001482385.1,d__Bacteria",p__Proteobacteria,c__Gammaproteobacteria,o__Enterobacterales,f__Alteromonadaceae,g__Pseudoalteromonas,s__Pseudoalteromonas rubra_B,#6BB876,#1A4EB3,#5987E6,#19E8E7,#DA2F8E,#F2703A
"GCF_001865675,RS_GCF_001865675.1,d__Bacteria",p__Proteobacteria,c__Gammaproteobacteria,o__Burkholderiales,f__Burkholderiaceae,g__Janthinobacterium,s__Janthinobacterium sp001865675,#6BB876,#1A4EB3,#B72342,#281118,#B72B34,#FBCEF4
"GCF_002119665,RS_GCF_002119665.1,d__Bacteria",p__Proteobacteria,c__Gammaproteobacteria,o__Burkholderiales,f__Burkholderiaceae,g__Bordetella_B,s__Bordetella_B sp002119665,#6BB876,#1A4EB3,#B72342,#281118,#DAC70F,#92388C
"GCF_000426345,RS_GCF_000426345.1,d__Bacteria",p__Proteobacteria,c__Gammaproteobacteria,o__Burkholderiales,f__Burkholderiaceae,g__Cupriavidus,s__Cupriavidus sp000426345,#6BB876,#1A4EB3,#B72342,#281118,#4E6889,#67FF25
"GCF_004923295,RS_GCF_004923295.1,d__Bacteria",p__Proteobacteria,c__Alphaproteobacteria,o__Azospirillales,f__Azospirillaceae,g__Azospirillum,s__Azospirillum sp003115975,#6BB876,#8F65FE,#E0445F,#600200,#05FFA7,#C15915
"GCF_000730165,RS_GCF_000730165.1,d__Bacteria",p__Proteobacteria,c__Alphaproteobacteria,o__Azospirillales,f__Azospirillaceae,g__Nitrospirillum,s__Nitrospirillum amazonense,#6BB876,#8F65FE,#E0445F,#600200,#EABB9A,#E11D7A
"GCF_003892345,RS_GCF_003892345.1,d__Bacteria",p__Proteobacteria,c__Gammaproteobacteria,o__Burkholderiales,f__Burkholderiaceae,g__Lautropia,s__Lautropia dentalis,#6BB876,#1A4EB3,#B72342,#281118,#46F34A,#697CDF
"GCF_001191005,RS_GCF_001191005.1,d__Bacteria",p__Proteobacteria,c__Gammaproteobacteria,o__Burkholderiales,f__Burkholderiaceae,g__Pseudoduganella,s__Pseudoduganella sp001191005,#6BB876,#1A4EB3,#B72342,#281118,#B5B216,#583848
"GCF_001425265,RS_GCF_001425265.1,d__Bacteria",p__Proteobacteria,c__Gammaproteobacteria,o__Burkholderiales,f__Burkholderiaceae,g__Pseudoduganella,s__Pseudoduganella sp001425265,#6BB876,#1A4EB3,#B72342,#281118,#B5B216,#DC9434
"GCF_001040945,RS_GCF_001040945.1,d__Bacteria",p__Proteobacteria,c__Gammaproteobacteria,o__Burkholderiales,f__Burkholderiaceae,g__Herbaspirillum,s__Herbaspirillum seropedicae,#6BB876,#1A4EB3,#B72342,#281118,#E20693,#6B254F
"GCF_000261365,RS_GCF_000261365.1,d__Bacteria",p__Proteobacteria,c__Gammaproteobacteria,o__Burkholderiales,f__Burkholderiaceae,g__Herbaspirillum,s__Herbaspirillum sp000261365,#6BB876,#1A4EB3,#B72342,#281118,#E20693,#629EF7
"GCF_002257565,RS_GCF_002257565.1,d__Bacteria",p__Proteobacteria,c__Gammaproteobacteria,o__Burkholderiales,f__Burkholderiaceae,g__Herbaspirillum,s__Herbaspirillum sp002257565,#6BB876,#1A4EB3,#B72342,#281118,#E20693,#206ACB
"GCF_009936375,RS_GCF_009936375.1,d__Bacteria",p__Proteobacteria,c__Alphaproteobacteria,o__Rhizobiales,f__Beijerinckiaceae,g__Methylosinus,s__Methylosinus sp009936375,#6BB876,#8F65FE,#AA1BAA,#40A7CC,#71ED9F,#36E926
"GCA_019112875,GB_GCA_019112875.1,d__Bacteria",p__Proteobacteria,c__Gammaproteobacteria,o__Burkholderiales,f__Burkholderiaceae,g__Aquabacterium,s__Aquabacterium excrementipullorum,#6BB876,#1A4EB3,#B72342,#281118,#D081A1,#87AA61
"GCF_902859625,RS_GCF_902859625.1,d__Bacteria",p__Proteobacteria,c__Gammaproteobacteria,o__Burkholderiales,f__Burkholderiaceae,g__Achromobacter,s__Achromobacter pestifer,#6BB876,#1A4EB3,#B72342,#281118,#7B4857,#A53E1B
"GCF_000299335,RS_GCF_000299335.2,d__Bacteria",p__Proteobacteria,c__Gammaproteobacteria,o__Pseudomonadales,f__Alcanivoracaceae,g__Alcanivorax_A,s__Alcanivorax_A pacificus,#6BB876,#1A4EB3,#3ECA58,#829CFC,#975169,#E37426
"GCF_009846755,RS_GCF_009846755.1,d__Bacteria",p__Proteobacteria,c__Gammaproteobacteria,o__Pseudomonadales,f__Alcanivoracaceae,g__Alcanivorax_A,s__Alcanivorax_A sp009846755,#6BB876,#1A4EB3,#3ECA58,#829CFC,#975169,#4F5E55
"GCF_003031405,RS_GCF_003031405.1,d__Bacteria",p__Proteobacteria,c__Gammaproteobacteria,o__Pseudomonadales,f__Halomonadaceae,g__Halomonas,s__Halomonas sp003031405,#6BB876,#1A4EB3,#3ECA58,#51CADE,#6D4C49,#0F73CC
"GCF_010977575,RS_GCF_010977575.1,d__Bacteria",p__Proteobacteria,c__Gammaproteobacteria,o__Pseudomonadales,f__Halomonadaceae,g__Halomonas_B,s__Halomonas_B socia,#6BB876,#1A4EB3,#3ECA58,#51CADE,#9178D8,#19CFF9
"GCF_001676705,RS_GCF_001676705.1,d__Bacteria",p__Proteobacteria,c__Gammaproteobacteria,o__Burkholderiales,f__Burkholderiaceae,g__Bordetella_C,s__Bordetella_C bronchialis,#6BB876,#1A4EB3,#B72342,#281118,#0EF2E8,#0B3B94
"GCF_001269985,RS_GCF_001269985.1,d__Bacteria",p__Proteobacteria,c__Gammaproteobacteria,o__Enterobacterales,f__Alteromonadaceae,g__Pseudoalteromonas,s__Pseudoalteromonas sp001269985,#6BB876,#1A4EB3,#5987E6,#19E8E7,#DA2F8E,#5A0EE9
"GCF_002850255,RS_GCF_002850255.1,d__Bacteria",p__Proteobacteria,c__Gammaproteobacteria,o__Enterobacterales,f__Alteromonadaceae,g__Pseudoalteromonas,s__Pseudoalteromonas sp002850255,#6BB876,#1A4EB3,#5987E6,#19E8E7,#DA2F8E,#B2FC05
"GCF_000764185,RS_GCF_000764185.1,d__Bacteria",p__Proteobacteria,c__Gammaproteobacteria,o__Enterobacterales,f__Alteromonadaceae,g__Colwellia,s__Colwellia psychrerythraea_B,#6BB876,#1A4EB3,#5987E6,#19E8E7,#AE4F4C,#DD0714
"GCA_003056245,GB_GCA_003056245.1,d__Bacteria",p__Proteobacteria,c__Gammaproteobacteria,o__Pseudomonadales,f__Cellvibrionaceae,g__Cellvibrio,s__Cellvibrio sp003056245,#6BB876,#1A4EB3,#3ECA58,#051F71,#AC2588,#9FA876
"GCF_014904815,RS_GCF_014904815.1,d__Bacteria",p__Proteobacteria,c__Gammaproteobacteria,o__Pseudomonadales,f__Cellvibrionaceae,g__Microbulbifer,s__Microbulbifer taiwanensis,#6BB876,#1A4EB3,#3ECA58,#051F71,#34DC4C,#2C97AD
"GCF_000310225,RS_GCF_000310225.1,d__Bacteria",p__Proteobacteria,c__Gammaproteobacteria,o__Burkholderiales,f__Rhodocyclaceae,g__Thauera,s__Thauera phenylacetica,#6BB876,#1A4EB3,#B72342,#4AD770,#B7AC14,#243E3A
"GCF_900078705,RS_GCF_900078705.1,d__Bacteria",p__Proteobacteria,c__Gammaproteobacteria,o__Burkholderiales,f__Burkholderiaceae,g__Bordetella_B,s__Bordetella_B ansorpii_A,#6BB876,#1A4EB3,#B72342,#281118,#DAC70F,#E3FC09
"GCA_013821425,GB_GCA_013821425.1,d__Bacteria",p__Proteobacteria,c__Gammaproteobacteria,o__Burkholderiales,f__Nitrosomonadaceae,g__Nitrosospira,s__Nitrosospira sp013821425,#6BB876,#1A4EB3,#B72342,#994880,#3BF1FE,#71E6BF
"GCA_015709635,GB_GCA_015709635.1,d__Bacteria",p__Proteobacteria,c__Gammaproteobacteria,o__Burkholderiales,f__Nitrosomonadaceae,g__Nitrosomonas,s__Nitrosomonas sp015709635,#6BB876,#1A4EB3,#B72342,#994880,#0F9754,#A21A35
"GCF_002105195,RS_GCF_002105195.1,d__Bacteria",p__Proteobacteria,c__Gammaproteobacteria,o__Burkholderiales,f__Burkholderiaceae,g__Derxia,s__Derxia lacustris,#6BB876,#1A4EB3,#B72342,#281118,#CBE5DF,#428D7F
"GCF_900113225,RS_GCF_900113225.1,d__Bacteria",p__Proteobacteria,c__Gammaproteobacteria,o__Burkholderiales,f__Burkholderiaceae,g__Mitsuaria,s__Mitsuaria sp900113225,#6BB876,#1A4EB3,#B72342,#281118,#8FC721,#98A4B3
"GCF_001591345,RS_GCF_001591345.1,d__Bacteria",p__Proteobacteria,c__Gammaproteobacteria,o__Burkholderiales,f__Burkholderiaceae,g__Variovorax,s__Variovorax boronicumulans,#6BB876,#1A4EB3,#B72342,#281118,#15BB58,#46677B
"GCF_016806145,RS_GCF_016806145.1,d__Bacteria",p__Proteobacteria,c__Gammaproteobacteria,o__Burkholderiales,f__Burkholderiaceae,g__Variovorax,s__Variovorax sp900115375,#6BB876,#1A4EB3,#B72342,#281118,#15BB58,#71C432
"GCF_000463015,RS_GCF_000463015.1,d__Bacteria",p__Proteobacteria,c__Gammaproteobacteria,o__Burkholderiales,f__Burkholderiaceae,g__Variovorax,s__Variovorax paradoxus_E,#6BB876,#1A4EB3,#B72342,#281118,#15BB58,#109CD5
"GCF_000176855,RS_GCF_000176855.2,d__Bacteria",p__Proteobacteria,c__Gammaproteobacteria,o__Burkholderiales,f__Burkholderiaceae,g__Acidovorax_A,s__Acidovorax_A avenae,#6BB876,#1A4EB3,#B72342,#281118,#8E311E,#BF0382
"GCF_014489535,RS_GCF_014489535.1,d__Bacteria",p__Proteobacteria,c__Gammaproteobacteria,o__Burkholderiales,f__Burkholderiaceae,g__Diaphorobacter_A,s__Diaphorobacter_A aerolatus,#6BB876,#1A4EB3,#B72342,#281118,#230074,#121FB4
"GCF_000184745,RS_GCF_000184745.1,d__Bacteria",p__Proteobacteria,c__Gammaproteobacteria,o__Burkholderiales,f__Burkholderiaceae,g__Variovorax,s__Variovorax paradoxus_C,#6BB876,#1A4EB3,#B72342,#281118,#15BB58,#36D1CB
"GCF_009498455,RS_GCF_009498455.1,d__Bacteria",p__Proteobacteria,c__Gammaproteobacteria,o__Burkholderiales,f__Burkholderiaceae,g__Variovorax,s__Variovorax paradoxus_H,#6BB876,#1A4EB3,#B72342,#281118,#15BB58,#0FE1AF
"GCF_900109745,RS_GCF_900109745.1,d__Bacteria",p__Proteobacteria,c__Gammaproteobacteria,o__Burkholderiales,f__Burkholderiaceae,g__Roseateles,s__Roseateles sp900109745,#6BB876,#1A4EB3,#B72342,#281118,#BB6FC7,#3D890C
"GCF_002205645,RS_GCF_002205645.1,d__Bacteria",p__Proteobacteria,c__Gammaproteobacteria,o__Burkholderiales,f__Burkholderiaceae,g__Mitsuaria,s__Mitsuaria aquatilis,#6BB876,#1A4EB3,#B72342,#281118,#8FC721,#CCB4D4
"GCF_008033135,RS_GCF_008033135.1,d__Bacteria",p__Proteobacteria,c__Gammaproteobacteria,o__Burkholderiales,f__Chitinibacteraceae,g__Chitinolyticbacter,s__Chitinolyticbacter meiyuanensis,#6BB876,#1A4EB3,#B72342,#137A75,#77B58B,#A3182E
"GCF_013408655,RS_GCF_013408655.1,d__Bacteria",p__Proteobacteria,c__Gammaproteobacteria,o__Burkholderiales,f__Burkholderiaceae,g__Pigmentiphaga,s__Pigmentiphaga litoralis_A,#6BB876,#1A4EB3,#B72342,#281118,#BA4D23,#CAFF24
"GCF_002116905,RS_GCF_002116905.1,d__Bacteria",p__Proteobacteria,c__Gammaproteobacteria,o__Burkholderiales,f__Burkholderiaceae,g__Rhizobacter,s__Rhizobacter gummiphilus,#6BB876,#1A4EB3,#B72342,#281118,#8D6AE3,#A894F2
"GCF_003953935,RS_GCF_003953935.1,d__Bacteria",p__Proteobacteria,c__Gammaproteobacteria,o__Burkholderiales,f__Burkholderiaceae,g__Massilia,s__Massilia atriviolacea,#6BB876,#1A4EB3,#B72342,#281118,#1792B5,#346C70
"GCF_000165835,RS_GCF_000165835.1,d__Bacteria",p__Proteobacteria,c__Gammaproteobacteria,o__Burkholderiales,f__Burkholderiaceae,g__Achromobacter,s__Achromobacter xylosoxidans_B,#6BB876,#1A4EB3,#B72342,#281118,#7B4857,#B75201
"GCF_000335815,RS_GCF_000335815.1,d__Bacteria",p__Proteobacteria,c__Gammaproteobacteria,o__Burkholderiales,f__Burkholderiaceae,g__Duganella,s__Duganella sp000335815,#6BB876,#1A4EB3,#B72342,#281118,#71E40F,#6B8673
"GCF_011305995,RS_GCF_011305995.1,d__Bacteria",p__Proteobacteria,c__Gammaproteobacteria,o__Burkholderiales,f__Burkholderiaceae,g__Diaphorobacter_A,s__Diaphorobacter_A sp011305995,#6BB876,#1A4EB3,#B72342,#281118,#230074,#045CF9
"GCF_002752655,RS_GCF_002752655.1,d__Bacteria",p__Proteobacteria,c__Alphaproteobacteria,o__Rhizobiales,f__Beijerinckiaceae,g__Methylosinus,s__Methylosinus trichosporium,#6BB876,#8F65FE,#AA1BAA,#40A7CC,#71ED9F,#304B2E
