Pattern,Match,domain,phyla,class,order,family,genus,species,phyla_color,class_color,order_color,family_color,genus_color,species_color
GCF_014466955,RS_GCF_014466955.1,d__Bacteria,p__Actinobacteriota,c__Actinomycetia,o__Mycobacteriales,f__Mycobacteriaceae,g__Nocardia,s__Nocardia wallacei,#C7A7A9,#7A2D02,#C48652,#CC043F,#4483A4,#4B2724
GCF_000250675,RS_GCF_000250675.2,d__Bacteria,p__Actinobacteriota,c__Actinomycetia,o__Mycobacteriales,f__Mycobacteriaceae,g__Nocardia,s__Nocardia brasiliensis_B,#C7A7A9,#7A2D02,#C48652,#CC043F,#4483A4,#F965F2
GCF_000284035,RS_GCF_000284035.1,d__Bacteria,p__Actinobacteriota,c__Actinomycetia,o__Mycobacteriales,f__Mycobacteriaceae,g__Nocardia,s__Nocardia cyriacigeorgica_B,#C7A7A9,#7A2D02,#C48652,#CC043F,#4483A4,#B0A714
GCF_000241305,RS_GCF_000241305.1,d__Bacteria,p__Actinobacteriota,c__Actinomycetia,o__Mycobacteriales,f__Mycobacteriaceae,g__Gordonia,s__Gordonia effusa,#C7A7A9,#7A2D02,#C48652,#CC043F,#88B828,#1FC0E8
GCF_000024785,RS_GCF_000024785.1,d__Bacteria,p__Actinobacteriota,c__Actinomycetia,o__Mycobacteriales,f__Mycobacteriaceae,g__Gordonia,s__Gordonia bronchialis,#C7A7A9,#7A2D02,#C48652,#CC043F,#88B828,#D0A1C6
GCF_000308495,RS_GCF_000308495.1,d__Bacteria,p__Actinobacteriota,c__Actinomycetia,o__Mycobacteriales,f__Mycobacteriaceae,g__Nocardia,s__Nocardia brevicatena,#C7A7A9,#7A2D02,#C48652,#CC043F,#4483A4,#F42C63
GCF_000308515,RS_GCF_000308515.1,d__Bacteria,p__Actinobacteriota,c__Actinomycetia,o__Mycobacteriales,f__Mycobacteriaceae,g__Nocardia,s__Nocardia carnea,#C7A7A9,#7A2D02,#C48652,#CC043F,#4483A4,#0990EE
GCF_000308815,RS_GCF_000308815.1,d__Bacteria,p__Actinobacteriota,c__Actinomycetia,o__Mycobacteriales,f__Mycobacteriaceae,g__Nocardia,s__Nocardia concava,#C7A7A9,#7A2D02,#C48652,#CC043F,#4483A4,#9A6542
GCF_003696265,RS_GCF_003696265.1,d__Bacteria,p__Actinobacteriota,c__Actinomycetia,o__Mycobacteriales,f__Mycobacteriaceae,g__Nocardia,s__Nocardia stercoris,#C7A7A9,#7A2D02,#C48652,#CC043F,#4483A4,#2ECA9F
GCF_000308695,RS_GCF_000308695.1,d__Bacteria,p__Actinobacteriota,c__Actinomycetia,o__Mycobacteriales,f__Mycobacteriaceae,g__Nocardia,s__Nocardia takedensis,#C7A7A9,#7A2D02,#C48652,#CC043F,#4483A4,#305111
GCF_000308575,RS_GCF_000308575.1,d__Bacteria,p__Actinobacteriota,c__Actinomycetia,o__Mycobacteriales,f__Mycobacteriaceae,g__Nocardia,s__Nocardia exalbida,#C7A7A9,#7A2D02,#C48652,#CC043F,#4483A4,#DC6CE6
GCF_001612665,RS_GCF_001612665.1,d__Bacteria,p__Actinobacteriota,c__Actinomycetia,o__Mycobacteriales,f__Mycobacteriaceae,g__Nocardia,s__Nocardia alba,#C7A7A9,#7A2D02,#C48652,#CC043F,#4483A4,#E69989
GCF_016482825,RS_GCF_016482825.1,d__Bacteria,p__Actinobacteriota,c__Actinomycetia,o__Mycobacteriales,f__Mycobacteriaceae,g__Antrihabitans,s__Antrihabitans sp016482825,#C7A7A9,#7A2D02,#C48652,#CC043F,#A588E1,#A97C87
GCF_012932915,RS_GCF_012932915.1,d__Bacteria,p__Actinobacteriota,c__Actinomycetia,o__Mycobacteriales,f__Mycobacteriaceae,g__Antrihabitans,s__Antrihabitans stalactiti,#C7A7A9,#7A2D02,#C48652,#CC043F,#A588E1,#7853E2
GCF_008297975,RS_GCF_008297975.1,d__Bacteria,p__Actinobacteriota,c__Actinomycetia,o__Mycobacteriales,f__Mycobacteriaceae,g__C1-24,s__C1-24 sp008297975,#C7A7A9,#7A2D02,#C48652,#CC043F,#83F911,#17B5FE
GCF_001598915,RS_GCF_001598915.1,d__Bacteria,p__Actinobacteriota,c__Actinomycetia,o__Mycobacteriales,f__Mycobacteriaceae,g__Williamsia,s__Williamsia muralis,#C7A7A9,#7A2D02,#C48652,#CC043F,#44CD2F,#0B13F7
GCF_007489285,RS_GCF_007489285.1,d__Bacteria,p__Actinobacteriota,c__Actinomycetia,o__Mycobacteriales,f__Mycobacteriaceae,g__ID1734,s__ID1734 sp007489285,#C7A7A9,#7A2D02,#C48652,#CC043F,#1262E5,#C7B3A4
GCF_003855095,RS_GCF_003855095.1,d__Bacteria,p__Actinobacteriota,c__Actinomycetia,o__Mycobacteriales,f__Mycobacteriaceae,g__Gordonia,s__Gordonia insulae,#C7A7A9,#7A2D02,#C48652,#CC043F,#88B828,#A71A55
GCF_000333035,RS_GCF_000333035.1,d__Bacteria,p__Actinobacteriota,c__Actinomycetia,o__Mycobacteriales,f__Mycobacteriaceae,g__Gordonia,s__Gordonia sihwensis,#C7A7A9,#7A2D02,#C48652,#CC043F,#88B828,#71B8FB
GCA_002477755,GB_GCA_002477755.1,d__Bacteria,p__Actinobacteriota,c__Actinomycetia,o__Mycobacteriales,f__Mycobacteriaceae,g__Gordonia,s__Gordonia sp002477755,#C7A7A9,#7A2D02,#C48652,#CC043F,#88B828,#6C1008
GCF_000381925,RS_GCF_000381925.1,d__Bacteria,p__Actinobacteriota,c__Actinomycetia,o__Mycobacteriales,f__Mycobacteriaceae,g__Nocardia,s__Nocardia sp000381925,#C7A7A9,#7A2D02,#C48652,#CC043F,#4483A4,#E0E5E4
GCF_000092825,RS_GCF_000092825.1,d__Bacteria,p__Actinobacteriota,c__Actinomycetia,o__Mycobacteriales,f__Mycobacteriaceae,g__Segniliparus,s__Segniliparus rotundus,#C7A7A9,#7A2D02,#C48652,#CC043F,#E80D0F,#6E1EEA
GCF_000185725,RS_GCF_000185725.2,d__Bacteria,p__Actinobacteriota,c__Actinomycetia,o__Mycobacteriales,f__Mycobacteriaceae,g__Segniliparus,s__Segniliparus rugosus,#C7A7A9,#7A2D02,#C48652,#CC043F,#E80D0F,#986603
GCF_002259405,RS_GCF_002259405.1,d__Bacteria,p__Actinobacteriota,c__Actinomycetia,o__Mycobacteriales,f__Mycobacteriaceae,g__Rhodococcus_B,s__Rhodococcus_B sp002259405,#C7A7A9,#7A2D02,#C48652,#CC043F,#D5DF60,#85ACDA
GCF_007859215,RS_GCF_007859215.1,d__Bacteria,p__Actinobacteriota,c__Actinomycetia,o__Mycobacteriales,f__Mycobacteriaceae,g__Corynebacterium,s__Corynebacterium canis,#C7A7A9,#7A2D02,#C48652,#CC043F,#2AE660,#A196D1
GCF_014651115,RS_GCF_014651115.1,d__Bacteria,p__Actinobacteriota,c__Actinomycetia,o__Streptomycetales,f__Streptomycetaceae,g__Streptomyces,s__Streptomyces inusitatus,#C7A7A9,#7A2D02,#02C47D,#B7A6A4,#4345EE,#E47FDF
GCF_004339565,RS_GCF_004339565.1,d__Bacteria,p__Actinobacteriota,c__Actinomycetia,o__Mycobacteriales,f__Pseudonocardiaceae,g__Pseudonocardia,s__Pseudonocardia endophytica,#C7A7A9,#7A2D02,#C48652,#936490,#FFAE88,#44C437
GCF_019090105,RS_GCF_019090105.1,d__Bacteria,p__Actinobacteriota,c__Actinomycetia,o__Streptomycetales,f__Streptomycetaceae,g__Streptomyces,s__Streptomyces sp019090105,#C7A7A9,#7A2D02,#02C47D,#B7A6A4,#4345EE,#685DCE
GCF_016598575,RS_GCF_016598575.1,d__Bacteria,p__Actinobacteriota,c__Actinomycetia,o__Streptomycetales,f__Streptomycetaceae,g__Streptomyces,s__Streptomyces sp016598575,#C7A7A9,#7A2D02,#02C47D,#B7A6A4,#4345EE,#3955F5
GCF_016342265,RS_GCF_016342265.1,d__Bacteria,p__Actinobacteriota,c__Actinomycetia,o__Mycobacteriales,f__Mycobacteriaceae,g__Corynebacterium,s__Corynebacterium sp016342265,#C7A7A9,#7A2D02,#C48652,#CC043F,#2AE660,#83100C
GCF_000023145,RS_GCF_000023145.1,d__Bacteria,p__Actinobacteriota,c__Actinomycetia,o__Mycobacteriales,f__Mycobacteriaceae,g__Corynebacterium,s__Corynebacterium kroppenstedtii,#C7A7A9,#7A2D02,#C48652,#CC043F,#2AE660,#84CD7F
GCF_002994655,RS_GCF_002994655.1,d__Bacteria,p__Actinobacteriota,c__Actinomycetia,o__Mycobacteriales,f__Mycobacteriaceae,g__Corynebacterium,s__Corynebacterium sp002994655,#C7A7A9,#7A2D02,#C48652,#CC043F,#2AE660,#696FD2
GCF_003065405,RS_GCF_003065405.1,d__Bacteria,p__Actinobacteriota,c__Actinomycetia,o__Mycobacteriales,f__Mycobacteriaceae,g__Corynebacterium,s__Corynebacterium yudongzhengii,#C7A7A9,#7A2D02,#C48652,#CC043F,#2AE660,#5658EB
GCF_000375365,RS_GCF_000375365.1,d__Bacteria,p__Actinobacteriota,c__Actinomycetia,o__Mycobacteriales,f__Mycobacteriaceae,g__Corynebacterium,s__Corynebacterium mastitidis,#C7A7A9,#7A2D02,#C48652,#CC043F,#2AE660,#61CF58
GCF_001941505,RS_GCF_001941505.1,d__Bacteria,p__Actinobacteriota,c__Actinomycetia,o__Mycobacteriales,f__Mycobacteriaceae,g__Corynebacterium,s__Corynebacterium sphenisci,#C7A7A9,#7A2D02,#C48652,#CC043F,#2AE660,#79C2FA
GCF_017876455,RS_GCF_017876455.1,d__Bacteria,p__Actinobacteriota,c__Actinomycetia,o__Mycobacteriales,f__Mycobacteriaceae,g__Corynebacterium,s__Corynebacterium freneyi,#C7A7A9,#7A2D02,#C48652,#CC043F,#2AE660,#9DC8E1
GCA_900049755,GB_GCA_900049755.1,d__Bacteria,p__Actinobacteriota,c__Actinomycetia,o__Mycobacteriales,f__Mycobacteriaceae,g__Corynebacterium,s__Corynebacterium provencense,#C7A7A9,#7A2D02,#C48652,#CC043F,#2AE660,#B99C3E
GCA_019120175,GB_GCA_019120175.1,d__Bacteria,p__Actinobacteriota,c__Actinomycetia,o__Mycobacteriales,f__Mycobacteriaceae,g__Corynebacterium,s__Corynebacterium faecigallinarum,#C7A7A9,#7A2D02,#C48652,#CC043F,#2AE660,#E2D2A2
GCF_010731615,RS_GCF_010731615.1,d__Bacteria,p__Actinobacteriota,c__Actinomycetia,o__Mycobacteriales,f__Mycobacteriaceae,g__Mycobacterium,s__Mycobacterium insubricum,#C7A7A9,#7A2D02,#C48652,#CC043F,#BD2673,#F831FC
GCA_000069185,GB_GCA_000069185.1,d__Bacteria,p__Actinobacteriota,c__Actinomycetia,o__Mycobacteriales,f__Mycobacteriaceae,g__Mycobacterium,s__Mycobacterium abscessus,#C7A7A9,#7A2D02,#C48652,#CC043F,#BD2673,#69F14C
GCF_010726245,RS_GCF_010726245.1,d__Bacteria,p__Actinobacteriota,c__Actinomycetia,o__Mycobacteriales,f__Mycobacteriaceae,g__Mycobacterium,s__Mycobacterium aichiense,#C7A7A9,#7A2D02,#C48652,#CC043F,#BD2673,#9AE21F
GCA_900078375,GB_GCA_900078375.1,d__Bacteria,p__Actinobacteriota,c__Actinomycetia,o__Mycobacteriales,f__Mycobacteriaceae,g__Mycobacterium,s__Mycobacterium sp900078375,#C7A7A9,#7A2D02,#C48652,#CC043F,#BD2673,#234217
GCF_001668615,RS_GCF_001668615.1,d__Bacteria,p__Actinobacteriota,c__Actinomycetia,o__Mycobacteriales,f__Mycobacteriaceae,g__Mycobacterium,s__Mycobacterium sp001668615,#C7A7A9,#7A2D02,#C48652,#CC043F,#BD2673,#F51D0B
GCF_010730195,RS_GCF_010730195.1,d__Bacteria,p__Actinobacteriota,c__Actinomycetia,o__Mycobacteriales,f__Mycobacteriaceae,g__Mycobacterium,s__Mycobacterium conspicuum,#C7A7A9,#7A2D02,#C48652,#CC043F,#BD2673,#184D5F
GCF_000157895,RS_GCF_000157895.3,d__Bacteria,p__Actinobacteriota,c__Actinomycetia,o__Mycobacteriales,f__Mycobacteriaceae,g__Mycobacterium,s__Mycobacterium kansasii,#C7A7A9,#7A2D02,#C48652,#CC043F,#BD2673,#09324D
GCF_010731695,RS_GCF_010731695.1,d__Bacteria,p__Actinobacteriota,c__Actinomycetia,o__Mycobacteriales,f__Mycobacteriaceae,g__Mycobacterium,s__Mycobacterium litorale,#C7A7A9,#7A2D02,#C48652,#CC043F,#BD2673,#B16C0B
GCF_010726645,RS_GCF_010726645.1,d__Bacteria,p__Actinobacteriota,c__Actinomycetia,o__Mycobacteriales,f__Mycobacteriaceae,g__Mycobacterium,s__Mycobacterium duvalii,#C7A7A9,#7A2D02,#C48652,#CC043F,#BD2673,#2D6E8B
GCF_000230895,RS_GCF_000230895.2,d__Bacteria,p__Actinobacteriota,c__Actinomycetia,o__Mycobacteriales,f__Mycobacteriaceae,g__Mycobacterium,s__Mycobacterium rhodesiae_A,#C7A7A9,#7A2D02,#C48652,#CC043F,#BD2673,#6B940A
GCF_010727325,RS_GCF_010727325.1,d__Bacteria,p__Actinobacteriota,c__Actinomycetia,o__Mycobacteriales,f__Mycobacteriaceae,g__Mycobacterium,s__Mycobacterium alvei,#C7A7A9,#7A2D02,#C48652,#CC043F,#BD2673,#C4E7CB
GCA_016197405,GB_GCA_016197405.1,d__Bacteria,p__Actinobacteriota,c__Actinomycetia,o__Mycobacteriales,f__Mycobacteriaceae,g__Mycobacterium,s__Mycobacterium sp016197405,#C7A7A9,#7A2D02,#C48652,#CC043F,#BD2673,#2A08EB
GCF_010730955,RS_GCF_010730955.1,d__Bacteria,p__Actinobacteriota,c__Actinomycetia,o__Mycobacteriales,f__Mycobacteriaceae,g__Mycobacterium,s__Mycobacterium aubagnense,#C7A7A9,#7A2D02,#C48652,#CC043F,#BD2673,#7665A4
GCA_016197365,GB_GCA_016197365.1,d__Bacteria,p__Actinobacteriota,c__Actinomycetia,o__Mycobacteriales,f__Mycobacteriaceae,g__Mycobacterium,s__Mycobacterium cosmeticum_A,#C7A7A9,#7A2D02,#C48652,#CC043F,#BD2673,#3F4503
GCF_000317305,RS_GCF_000317305.3,d__Bacteria,p__Actinobacteriota,c__Actinomycetia,o__Mycobacteriales,f__Mycobacteriaceae,g__Mycobacterium,s__Mycobacterium neoaurum_A,#C7A7A9,#7A2D02,#C48652,#CC043F,#BD2673,#AD8F9E
GCF_002101885,RS_GCF_002101885.1,d__Bacteria,p__Actinobacteriota,c__Actinomycetia,o__Mycobacteriales,f__Mycobacteriaceae,g__Mycobacterium,s__Mycobacterium senuense,#C7A7A9,#7A2D02,#C48652,#CC043F,#BD2673,#39E4F5
GCF_010727125,RS_GCF_010727125.1,d__Bacteria,p__Actinobacteriota,c__Actinomycetia,o__Mycobacteriales,f__Mycobacteriaceae,g__Mycobacterium,s__Mycobacterium terrae,#C7A7A9,#7A2D02,#C48652,#CC043F,#BD2673,#31F91B
GCF_002356315,RS_GCF_002356315.1,d__Bacteria,p__Actinobacteriota,c__Actinomycetia,o__Mycobacteriales,f__Mycobacteriaceae,g__Mycobacterium,s__Mycobacterium shigaense,#C7A7A9,#7A2D02,#C48652,#CC043F,#BD2673,#F59BEA
GCF_017086405,RS_GCF_017086405.1,d__Bacteria,p__Actinobacteriota,c__Actinomycetia,o__Mycobacteriales,f__Mycobacteriaceae,g__Mycobacterium,s__Mycobacterium gordonae_D,#C7A7A9,#7A2D02,#C48652,#CC043F,#BD2673,#09ADA9
GCF_000195955,RS_GCF_000195955.2,d__Bacteria,p__Actinobacteriota,c__Actinomycetia,o__Mycobacteriales,f__Mycobacteriaceae,g__Mycobacterium,s__Mycobacterium tuberculosis,#C7A7A9,#7A2D02,#C48652,#CC043F,#BD2673,#05D128
GCF_010731595,RS_GCF_010731595.1,d__Bacteria,p__Actinobacteriota,c__Actinomycetia,o__Mycobacteriales,f__Mycobacteriaceae,g__Mycobacterium,s__Mycobacterium seoulense,#C7A7A9,#7A2D02,#C48652,#CC043F,#BD2673,#4E1D42
GCA_002291465,GB_GCA_002291465.1,d__Bacteria,p__Actinobacteriota,c__Actinomycetia,o__Mycobacteriales,f__Mycobacteriaceae,g__Mycobacterium,s__Mycobacterium lepraemurium,#C7A7A9,#7A2D02,#C48652,#CC043F,#BD2673,#B64F7F
