Pattern,Match,domain,phyla,class,order,family,genus,species,phyla_color,class_color,order_color,family_color,genus_color,species_color
GCF_016907975,RS_GCF_016907975.1,d__Bacteria,p__Proteobacteria,c__Alphaproteobacteria,o__Rhizobiales,f__Methylopilaceae,g__Methylopila,s__Methylopila capsulata,#ED08C0,#1C971F,#F28F79,#ED5360,#8DB5A0,#6040C8
GCF_900231165,RS_GCF_900231165.1,d__Bacteria,p__Proteobacteria,c__Alphaproteobacteria,o__Rhizobiales,f__Pleomorphomonadaceae,g__Hartmannibacter,s__Hartmannibacter diazotrophicus,#ED08C0,#1C971F,#F28F79,#F9C040,#7F6D7C,#66A002
GCF_014490725,RS_GCF_014490725.1,d__Bacteria,p__Proteobacteria,c__Alphaproteobacteria,o__Rhodobacterales,f__Rhodobacteraceae,g__Paracoccus,s__Paracoccus amoyensis,#ED08C0,#1C971F,#3ED792,#AAD566,#A1C040,#B6DE19
GCF_000444995,RS_GCF_000444995.1,d__Bacteria,p__Proteobacteria,c__Alphaproteobacteria,o__Rhodobacterales,f__Rhodobacteraceae,g__Paracoccus,s__Paracoccus aminophilus,#ED08C0,#1C971F,#3ED792,#AAD566,#A1C040,#7E3AF3
GCA_018798885,GB_GCA_018798885.1,d__Bacteria,p__Proteobacteria,c__Alphaproteobacteria,o__Rhodobacterales,f__Rhodobacteraceae,g__Gemmobacter,s__Gemmobacter sp018798885,#ED08C0,#1C971F,#3ED792,#AAD566,#49B050,#80AA02
GCF_011806385,RS_GCF_011806385.1,d__Bacteria,p__Proteobacteria,c__Alphaproteobacteria,o__Rhodobacterales,f__Rhodobacteraceae,g__Epibacterium,s__Epibacterium sp011806385,#ED08C0,#1C971F,#3ED792,#AAD566,#011FF0,#F66148
GCF_003003215,RS_GCF_003003215.1,d__Bacteria,p__Proteobacteria,c__Alphaproteobacteria,o__Rhodobacterales,f__Rhodobacteraceae,g__Epibacterium,s__Epibacterium scottomollicae,#ED08C0,#1C971F,#3ED792,#AAD566,#011FF0,#0A7412
GCF_018130615,RS_GCF_018130615.1,d__Bacteria,p__Proteobacteria,c__Alphaproteobacteria,o__Rhizobiales,f__Xanthobacteraceae,g__Bradyrhizobium,s__Bradyrhizobium manausense_A,#ED08C0,#1C971F,#F28F79,#157C1D,#632CB5,#8425F0
GCF_014192095,RS_GCF_014192095.1,d__Bacteria,p__Proteobacteria,c__Alphaproteobacteria,o__Rhizobiales_A,f__Rhizobiaceae_A,g__Phyllobacterium,s__Phyllobacterium trifolii,#ED08C0,#1C971F,#0E2511,#493AC2,#558500,#F34BD2
GCF_002764115,RS_GCF_002764115.1,d__Bacteria,p__Proteobacteria,c__Alphaproteobacteria,o__Rhizobiales_A,f__Rhizobiaceae_A,g__Phyllobacterium,s__Phyllobacterium zundukense,#ED08C0,#1C971F,#0E2511,#493AC2,#558500,#7AF88F
GCF_000092045,RS_GCF_000092045.1,d__Bacteria,p__Proteobacteria,c__Alphaproteobacteria,o__Rhizobiales,f__Rhizobiaceae,g__Rhizobium,s__Rhizobium etli,#ED08C0,#1C971F,#F28F79,#4CEDD0,#49D2AA,#5A65B4
GCF_017352135,RS_GCF_017352135.1,d__Bacteria,p__Proteobacteria,c__Alphaproteobacteria,o__Rhizobiales,f__Rhizobiaceae,g__Rhizobium,s__Rhizobium lentis,#ED08C0,#1C971F,#F28F79,#4CEDD0,#49D2AA,#476EEA
GCF_000292525,RS_GCF_000292525.1,d__Bacteria,p__Proteobacteria,c__Alphaproteobacteria,o__Rhizobiales,f__Rhizobiaceae,g__Rhizobium,s__Rhizobium sp000292525,#ED08C0,#1C971F,#F28F79,#4CEDD0,#49D2AA,#C626B9
GCF_002953715,RS_GCF_002953715.1,d__Bacteria,p__Proteobacteria,c__Alphaproteobacteria,o__Rhizobiales,f__Rhizobiaceae,g__Rhizobium,s__Rhizobium leguminosarum_K,#ED08C0,#1C971F,#F28F79,#4CEDD0,#49D2AA,#C5F86E
GCF_000009265,RS_GCF_000009265.1,d__Bacteria,p__Proteobacteria,c__Alphaproteobacteria,o__Rhizobiales,f__Rhizobiaceae,g__Rhizobium,s__Rhizobium leguminosarum_L,#ED08C0,#1C971F,#F28F79,#4CEDD0,#49D2AA,#D1EB6C
GCF_000010525,RS_GCF_000010525.1,d__Bacteria,p__Proteobacteria,c__Alphaproteobacteria,o__Rhizobiales,f__Xanthobacteraceae,g__Azorhizobium,s__Azorhizobium caulinodans,#ED08C0,#1C971F,#F28F79,#157C1D,#101D95,#EC14BE
GCA_004564215,GB_GCA_004564215.1,d__Bacteria,p__Proteobacteria,c__Alphaproteobacteria,o__Rhizobiales,f__Beijerinckiaceae,g__Methylocella,s__Methylocella sp004564215,#ED08C0,#1C971F,#F28F79,#8C481A,#FB554F,#F2A54A
GCF_900156605,RS_GCF_900156605.1,d__Bacteria,p__Proteobacteria,c__Alphaproteobacteria,o__Rhodospirillales,f__Rhodospirillaceae,g__Insolitispirillum,s__Insolitispirillum peregrinum,#ED08C0,#1C971F,#A05299,#EB0CF5,#AF73D9,#BF92C7
GCF_013426735,RS_GCF_013426735.1,d__Bacteria,p__Proteobacteria,c__Alphaproteobacteria,o__Rhizobiales,f__Rhizobiaceae,g__Allorhizobium,s__Allorhizobium vitis_D,#ED08C0,#1C971F,#F28F79,#4CEDD0,#A09662,#45EE84
GCA_000421085,GB_GCA_000421085.1,d__Bacteria,p__Proteobacteria,c__Alphaproteobacteria,o__Rhizobiales,f__Rhizobiaceae,g__Sinorhizobium,s__Sinorhizobium sp000421085,#ED08C0,#1C971F,#F28F79,#4CEDD0,#025FFE,#06CA11
GCF_000696095,RS_GCF_000696095.1,d__Bacteria,p__Proteobacteria,c__Alphaproteobacteria,o__Rhizobiales,f__Rhizobiaceae,g__Rhizobium,s__Rhizobium rhizogenes,#ED08C0,#1C971F,#F28F79,#4CEDD0,#49D2AA,#53D1B3
GCF_000330885,RS_GCF_000330885.1,d__Bacteria,p__Proteobacteria,c__Alphaproteobacteria,o__Rhizobiales,f__Rhizobiaceae,g__Rhizobium,s__Rhizobium tropici,#ED08C0,#1C971F,#F28F79,#4CEDD0,#49D2AA,#BDBE44
