Pattern,Match,domain;phyla;class;order;family;genus;species
GCF_014466955,RS_GCF_014466955.1,d__Bacteria;p__Actinobacteriota;c__Actinomycetia;o__Mycobacteriales;f__Mycobacteriaceae;g__Nocardia;s__Nocardia wallacei
GCF_000250675,RS_GCF_000250675.2,d__Bacteria;p__Actinobacteriota;c__Actinomycetia;o__Mycobacteriales;f__Mycobacteriaceae;g__Nocardia;s__Nocardia brasiliensis_B
GCF_000284035,RS_GCF_000284035.1,d__Bacteria;p__Actinobacteriota;c__Actinomycetia;o__Mycobacteriales;f__Mycobacteriaceae;g__Nocardia;s__Nocardia cyriacigeorgica_B
GCF_000241305,RS_GCF_000241305.1,d__Bacteria;p__Actinobacteriota;c__Actinomycetia;o__Mycobacteriales;f__Mycobacteriaceae;g__Gordonia;s__Gordonia effusa
GCF_000024785,RS_GCF_000024785.1,d__Bacteria;p__Actinobacteriota;c__Actinomycetia;o__Mycobacteriales;f__Mycobacteriaceae;g__Gordonia;s__Gordonia bronchialis
GCF_000308495,RS_GCF_000308495.1,d__Bacteria;p__Actinobacteriota;c__Actinomycetia;o__Mycobacteriales;f__Mycobacteriaceae;g__Nocardia;s__Nocardia brevicatena
GCF_000308515,RS_GCF_000308515.1,d__Bacteria;p__Actinobacteriota;c__Actinomycetia;o__Mycobacteriales;f__Mycobacteriaceae;g__Nocardia;s__Nocardia carnea
GCF_000308815,RS_GCF_000308815.1,d__Bacteria;p__Actinobacteriota;c__Actinomycetia;o__Mycobacteriales;f__Mycobacteriaceae;g__Nocardia;s__Nocardia concava
GCF_003696265,RS_GCF_003696265.1,d__Bacteria;p__Actinobacteriota;c__Actinomycetia;o__Mycobacteriales;f__Mycobacteriaceae;g__Nocardia;s__Nocardia stercoris
GCF_000308695,RS_GCF_000308695.1,d__Bacteria;p__Actinobacteriota;c__Actinomycetia;o__Mycobacteriales;f__Mycobacteriaceae;g__Nocardia;s__Nocardia takedensis
GCF_000308575,RS_GCF_000308575.1,d__Bacteria;p__Actinobacteriota;c__Actinomycetia;o__Mycobacteriales;f__Mycobacteriaceae;g__Nocardia;s__Nocardia exalbida
GCF_001612665,RS_GCF_001612665.1,d__Bacteria;p__Actinobacteriota;c__Actinomycetia;o__Mycobacteriales;f__Mycobacteriaceae;g__Nocardia;s__Nocardia alba
GCF_016482825,RS_GCF_016482825.1,d__Bacteria;p__Actinobacteriota;c__Actinomycetia;o__Mycobacteriales;f__Mycobacteriaceae;g__Antrihabitans;s__Antrihabitans sp016482825
GCF_012932915,RS_GCF_012932915.1,d__Bacteria;p__Actinobacteriota;c__Actinomycetia;o__Mycobacteriales;f__Mycobacteriaceae;g__Antrihabitans;s__Antrihabitans stalactiti
GCF_008297975,RS_GCF_008297975.1,d__Bacteria;p__Actinobacteriota;c__Actinomycetia;o__Mycobacteriales;f__Mycobacteriaceae;g__C1-24;s__C1-24 sp008297975
GCF_001598915,RS_GCF_001598915.1,d__Bacteria;p__Actinobacteriota;c__Actinomycetia;o__Mycobacteriales;f__Mycobacteriaceae;g__Williamsia;s__Williamsia muralis
GCF_007489285,RS_GCF_007489285.1,d__Bacteria;p__Actinobacteriota;c__Actinomycetia;o__Mycobacteriales;f__Mycobacteriaceae;g__ID1734;s__ID1734 sp007489285
GCF_003855095,RS_GCF_003855095.1,d__Bacteria;p__Actinobacteriota;c__Actinomycetia;o__Mycobacteriales;f__Mycobacteriaceae;g__Gordonia;s__Gordonia insulae
GCF_000333035,RS_GCF_000333035.1,d__Bacteria;p__Actinobacteriota;c__Actinomycetia;o__Mycobacteriales;f__Mycobacteriaceae;g__Gordonia;s__Gordonia sihwensis
GCA_002477755,GB_GCA_002477755.1,d__Bacteria;p__Actinobacteriota;c__Actinomycetia;o__Mycobacteriales;f__Mycobacteriaceae;g__Gordonia;s__Gordonia sp002477755
GCF_000381925,RS_GCF_000381925.1,d__Bacteria;p__Actinobacteriota;c__Actinomycetia;o__Mycobacteriales;f__Mycobacteriaceae;g__Nocardia;s__Nocardia sp000381925
GCF_000092825,RS_GCF_000092825.1,d__Bacteria;p__Actinobacteriota;c__Actinomycetia;o__Mycobacteriales;f__Mycobacteriaceae;g__Segniliparus;s__Segniliparus rotundus
GCF_000185725,RS_GCF_000185725.2,d__Bacteria;p__Actinobacteriota;c__Actinomycetia;o__Mycobacteriales;f__Mycobacteriaceae;g__Segniliparus;s__Segniliparus rugosus
GCF_002259405,RS_GCF_002259405.1,d__Bacteria;p__Actinobacteriota;c__Actinomycetia;o__Mycobacteriales;f__Mycobacteriaceae;g__Rhodococcus_B;s__Rhodococcus_B sp002259405
GCF_007859215,RS_GCF_007859215.1,d__Bacteria;p__Actinobacteriota;c__Actinomycetia;o__Mycobacteriales;f__Mycobacteriaceae;g__Corynebacterium;s__Corynebacterium canis
GCF_014651115,RS_GCF_014651115.1,d__Bacteria;p__Actinobacteriota;c__Actinomycetia;o__Streptomycetales;f__Streptomycetaceae;g__Streptomyces;s__Streptomyces inusitatus
GCF_004339565,RS_GCF_004339565.1,d__Bacteria;p__Actinobacteriota;c__Actinomycetia;o__Mycobacteriales;f__Pseudonocardiaceae;g__Pseudonocardia;s__Pseudonocardia endophytica
GCF_019090105,RS_GCF_019090105.1,d__Bacteria;p__Actinobacteriota;c__Actinomycetia;o__Streptomycetales;f__Streptomycetaceae;g__Streptomyces;s__Streptomyces sp019090105
GCF_016598575,RS_GCF_016598575.1,d__Bacteria;p__Actinobacteriota;c__Actinomycetia;o__Streptomycetales;f__Streptomycetaceae;g__Streptomyces;s__Streptomyces sp016598575
GCF_016342265,RS_GCF_016342265.1,d__Bacteria;p__Actinobacteriota;c__Actinomycetia;o__Mycobacteriales;f__Mycobacteriaceae;g__Corynebacterium;s__Corynebacterium sp016342265
GCF_000023145,RS_GCF_000023145.1,d__Bacteria;p__Actinobacteriota;c__Actinomycetia;o__Mycobacteriales;f__Mycobacteriaceae;g__Corynebacterium;s__Corynebacterium kroppenstedtii
GCF_002994655,RS_GCF_002994655.1,d__Bacteria;p__Actinobacteriota;c__Actinomycetia;o__Mycobacteriales;f__Mycobacteriaceae;g__Corynebacterium;s__Corynebacterium sp002994655
GCF_003065405,RS_GCF_003065405.1,d__Bacteria;p__Actinobacteriota;c__Actinomycetia;o__Mycobacteriales;f__Mycobacteriaceae;g__Corynebacterium;s__Corynebacterium yudongzhengii
GCF_000375365,RS_GCF_000375365.1,d__Bacteria;p__Actinobacteriota;c__Actinomycetia;o__Mycobacteriales;f__Mycobacteriaceae;g__Corynebacterium;s__Corynebacterium mastitidis
GCF_001941505,RS_GCF_001941505.1,d__Bacteria;p__Actinobacteriota;c__Actinomycetia;o__Mycobacteriales;f__Mycobacteriaceae;g__Corynebacterium;s__Corynebacterium sphenisci
GCF_017876455,RS_GCF_017876455.1,d__Bacteria;p__Actinobacteriota;c__Actinomycetia;o__Mycobacteriales;f__Mycobacteriaceae;g__Corynebacterium;s__Corynebacterium freneyi
GCA_900049755,GB_GCA_900049755.1,d__Bacteria;p__Actinobacteriota;c__Actinomycetia;o__Mycobacteriales;f__Mycobacteriaceae;g__Corynebacterium;s__Corynebacterium provencense
GCA_019120175,GB_GCA_019120175.1,d__Bacteria;p__Actinobacteriota;c__Actinomycetia;o__Mycobacteriales;f__Mycobacteriaceae;g__Corynebacterium;s__Corynebacterium faecigallinarum
GCF_010731615,RS_GCF_010731615.1,d__Bacteria;p__Actinobacteriota;c__Actinomycetia;o__Mycobacteriales;f__Mycobacteriaceae;g__Mycobacterium;s__Mycobacterium insubricum
GCA_000069185,GB_GCA_000069185.1,d__Bacteria;p__Actinobacteriota;c__Actinomycetia;o__Mycobacteriales;f__Mycobacteriaceae;g__Mycobacterium;s__Mycobacterium abscessus
GCF_010726245,RS_GCF_010726245.1,d__Bacteria;p__Actinobacteriota;c__Actinomycetia;o__Mycobacteriales;f__Mycobacteriaceae;g__Mycobacterium;s__Mycobacterium aichiense
GCA_900078375,GB_GCA_900078375.1,d__Bacteria;p__Actinobacteriota;c__Actinomycetia;o__Mycobacteriales;f__Mycobacteriaceae;g__Mycobacterium;s__Mycobacterium sp900078375
GCF_001668615,RS_GCF_001668615.1,d__Bacteria;p__Actinobacteriota;c__Actinomycetia;o__Mycobacteriales;f__Mycobacteriaceae;g__Mycobacterium;s__Mycobacterium sp001668615
GCF_010730195,RS_GCF_010730195.1,d__Bacteria;p__Actinobacteriota;c__Actinomycetia;o__Mycobacteriales;f__Mycobacteriaceae;g__Mycobacterium;s__Mycobacterium conspicuum
GCF_000157895,RS_GCF_000157895.3,d__Bacteria;p__Actinobacteriota;c__Actinomycetia;o__Mycobacteriales;f__Mycobacteriaceae;g__Mycobacterium;s__Mycobacterium kansasii
GCF_010731695,RS_GCF_010731695.1,d__Bacteria;p__Actinobacteriota;c__Actinomycetia;o__Mycobacteriales;f__Mycobacteriaceae;g__Mycobacterium;s__Mycobacterium litorale
GCF_010726645,RS_GCF_010726645.1,d__Bacteria;p__Actinobacteriota;c__Actinomycetia;o__Mycobacteriales;f__Mycobacteriaceae;g__Mycobacterium;s__Mycobacterium duvalii
GCF_000230895,RS_GCF_000230895.2,d__Bacteria;p__Actinobacteriota;c__Actinomycetia;o__Mycobacteriales;f__Mycobacteriaceae;g__Mycobacterium;s__Mycobacterium rhodesiae_A
GCF_010727325,RS_GCF_010727325.1,d__Bacteria;p__Actinobacteriota;c__Actinomycetia;o__Mycobacteriales;f__Mycobacteriaceae;g__Mycobacterium;s__Mycobacterium alvei
GCA_016197405,GB_GCA_016197405.1,d__Bacteria;p__Actinobacteriota;c__Actinomycetia;o__Mycobacteriales;f__Mycobacteriaceae;g__Mycobacterium;s__Mycobacterium sp016197405
GCF_010730955,RS_GCF_010730955.1,d__Bacteria;p__Actinobacteriota;c__Actinomycetia;o__Mycobacteriales;f__Mycobacteriaceae;g__Mycobacterium;s__Mycobacterium aubagnense
GCA_016197365,GB_GCA_016197365.1,d__Bacteria;p__Actinobacteriota;c__Actinomycetia;o__Mycobacteriales;f__Mycobacteriaceae;g__Mycobacterium;s__Mycobacterium cosmeticum_A
GCF_000317305,RS_GCF_000317305.3,d__Bacteria;p__Actinobacteriota;c__Actinomycetia;o__Mycobacteriales;f__Mycobacteriaceae;g__Mycobacterium;s__Mycobacterium neoaurum_A
GCF_002101885,RS_GCF_002101885.1,d__Bacteria;p__Actinobacteriota;c__Actinomycetia;o__Mycobacteriales;f__Mycobacteriaceae;g__Mycobacterium;s__Mycobacterium senuense
GCF_010727125,RS_GCF_010727125.1,d__Bacteria;p__Actinobacteriota;c__Actinomycetia;o__Mycobacteriales;f__Mycobacteriaceae;g__Mycobacterium;s__Mycobacterium terrae
GCF_002356315,RS_GCF_002356315.1,d__Bacteria;p__Actinobacteriota;c__Actinomycetia;o__Mycobacteriales;f__Mycobacteriaceae;g__Mycobacterium;s__Mycobacterium shigaense
GCF_017086405,RS_GCF_017086405.1,d__Bacteria;p__Actinobacteriota;c__Actinomycetia;o__Mycobacteriales;f__Mycobacteriaceae;g__Mycobacterium;s__Mycobacterium gordonae_D
GCF_000195955,RS_GCF_000195955.2,d__Bacteria;p__Actinobacteriota;c__Actinomycetia;o__Mycobacteriales;f__Mycobacteriaceae;g__Mycobacterium;s__Mycobacterium tuberculosis
GCF_010731595,RS_GCF_010731595.1,d__Bacteria;p__Actinobacteriota;c__Actinomycetia;o__Mycobacteriales;f__Mycobacteriaceae;g__Mycobacterium;s__Mycobacterium seoulense
GCA_002291465,GB_GCA_002291465.1,d__Bacteria;p__Actinobacteriota;c__Actinomycetia;o__Mycobacteriales;f__Mycobacteriaceae;g__Mycobacterium;s__Mycobacterium lepraemurium
