Pattern,Match,domain;phyla;class;order;family;genus;species
GCF_016907975,RS_GCF_016907975.1,d__Bacteria;p__Proteobacteria;c__Alphaproteobacteria;o__Rhizobiales;f__Methylopilaceae;g__Methylopila;s__Methylopila capsulata
GCF_900231165,RS_GCF_900231165.1,d__Bacteria;p__Proteobacteria;c__Alphaproteobacteria;o__Rhizobiales;f__Pleomorphomonadaceae;g__Hartmannibacter;s__Hartmannibacter diazotrophicus
GCF_014490725,RS_GCF_014490725.1,d__Bacteria;p__Proteobacteria;c__Alphaproteobacteria;o__Rhodobacterales;f__Rhodobacteraceae;g__Paracoccus;s__Paracoccus amoyensis
GCF_000444995,RS_GCF_000444995.1,d__Bacteria;p__Proteobacteria;c__Alphaproteobacteria;o__Rhodobacterales;f__Rhodobacteraceae;g__Paracoccus;s__Paracoccus aminophilus
GCA_018798885,GB_GCA_018798885.1,d__Bacteria;p__Proteobacteria;c__Alphaproteobacteria;o__Rhodobacterales;f__Rhodobacteraceae;g__Gemmobacter;s__Gemmobacter sp018798885
GCF_011806385,RS_GCF_011806385.1,d__Bacteria;p__Proteobacteria;c__Alphaproteobacteria;o__Rhodobacterales;f__Rhodobacteraceae;g__Epibacterium;s__Epibacterium sp011806385
GCF_003003215,RS_GCF_003003215.1,d__Bacteria;p__Proteobacteria;c__Alphaproteobacteria;o__Rhodobacterales;f__Rhodobacteraceae;g__Epibacterium;s__Epibacterium scottomollicae
GCF_018130615,RS_GCF_018130615.1,d__Bacteria;p__Proteobacteria;c__Alphaproteobacteria;o__Rhizobiales;f__Xanthobacteraceae;g__Bradyrhizobium;s__Bradyrhizobium manausense_A
GCF_014192095,RS_GCF_014192095.1,d__Bacteria;p__Proteobacteria;c__Alphaproteobacteria;o__Rhizobiales_A;f__Rhizobiaceae_A;g__Phyllobacterium;s__Phyllobacterium trifolii
GCF_002764115,RS_GCF_002764115.1,d__Bacteria;p__Proteobacteria;c__Alphaproteobacteria;o__Rhizobiales_A;f__Rhizobiaceae_A;g__Phyllobacterium;s__Phyllobacterium zundukense
GCF_000092045,RS_GCF_000092045.1,d__Bacteria;p__Proteobacteria;c__Alphaproteobacteria;o__Rhizobiales;f__Rhizobiaceae;g__Rhizobium;s__Rhizobium etli
GCF_017352135,RS_GCF_017352135.1,d__Bacteria;p__Proteobacteria;c__Alphaproteobacteria;o__Rhizobiales;f__Rhizobiaceae;g__Rhizobium;s__Rhizobium lentis
GCF_000292525,RS_GCF_000292525.1,d__Bacteria;p__Proteobacteria;c__Alphaproteobacteria;o__Rhizobiales;f__Rhizobiaceae;g__Rhizobium;s__Rhizobium sp000292525
GCF_002953715,RS_GCF_002953715.1,d__Bacteria;p__Proteobacteria;c__Alphaproteobacteria;o__Rhizobiales;f__Rhizobiaceae;g__Rhizobium;s__Rhizobium leguminosarum_K
GCF_000009265,RS_GCF_000009265.1,d__Bacteria;p__Proteobacteria;c__Alphaproteobacteria;o__Rhizobiales;f__Rhizobiaceae;g__Rhizobium;s__Rhizobium leguminosarum_L
GCF_000010525,RS_GCF_000010525.1,d__Bacteria;p__Proteobacteria;c__Alphaproteobacteria;o__Rhizobiales;f__Xanthobacteraceae;g__Azorhizobium;s__Azorhizobium caulinodans
GCA_004564215,GB_GCA_004564215.1,d__Bacteria;p__Proteobacteria;c__Alphaproteobacteria;o__Rhizobiales;f__Beijerinckiaceae;g__Methylocella;s__Methylocella sp004564215
GCF_900156605,RS_GCF_900156605.1,d__Bacteria;p__Proteobacteria;c__Alphaproteobacteria;o__Rhodospirillales;f__Rhodospirillaceae;g__Insolitispirillum;s__Insolitispirillum peregrinum
GCF_013426735,RS_GCF_013426735.1,d__Bacteria;p__Proteobacteria;c__Alphaproteobacteria;o__Rhizobiales;f__Rhizobiaceae;g__Allorhizobium;s__Allorhizobium vitis_D
GCA_000421085,GB_GCA_000421085.1,d__Bacteria;p__Proteobacteria;c__Alphaproteobacteria;o__Rhizobiales;f__Rhizobiaceae;g__Sinorhizobium;s__Sinorhizobium sp000421085
GCF_000696095,RS_GCF_000696095.1,d__Bacteria;p__Proteobacteria;c__Alphaproteobacteria;o__Rhizobiales;f__Rhizobiaceae;g__Rhizobium;s__Rhizobium rhizogenes
GCF_000330885,RS_GCF_000330885.1,d__Bacteria;p__Proteobacteria;c__Alphaproteobacteria;o__Rhizobiales;f__Rhizobiaceae;g__Rhizobium;s__Rhizobium tropici
