Pattern,Match,domain;phyla;class;order;family;genus;species
GCF_015999245,RS_GCF_015999245.1,d__Bacteria;p__Actinobacteriota;c__Actinomycetia;o__Streptomycetales;f__Streptomycetaceae;g__Streptomyces;s__Streptomyces sp015999245
GCF_000429085,RS_GCF_000429085.1,d__Bacteria;p__Actinobacteriota;c__Actinomycetia;o__Streptomycetales;f__Streptomycetaceae;g__Streptomyces;s__Streptomyces flavidovirens
GCF_000696185,RS_GCF_000696185.1,d__Bacteria;p__Actinobacteriota;c__Actinomycetia;o__Streptomycetales;f__Streptomycetaceae;g__Kitasatospora;s__Kitasatospora cheerisanensis
GCF_014651115,RS_GCF_014651115.1,d__Bacteria;p__Actinobacteriota;c__Actinomycetia;o__Streptomycetales;f__Streptomycetaceae;g__Streptomyces;s__Streptomyces inusitatus
GCF_009862265,RS_GCF_009862265.1,d__Bacteria;p__Actinobacteriota;c__Actinomycetia;o__Streptomycetales;f__Streptomycetaceae;g__Streptomyces;s__Streptomyces sp009862265
GCF_900091415,RS_GCF_900091415.1,d__Bacteria;p__Actinobacteriota;c__Actinomycetia;o__Mycobacteriales;f__Micromonosporaceae;g__Micromonospora;s__Micromonospora inyonensis
GCF_004348325,RS_GCF_004348325.1,d__Bacteria;p__Actinobacteriota;c__Actinomycetia;o__Mycobacteriales;f__Micromonosporaceae;g__Micromonospora;s__Micromonospora sp004348325
GCF_003014485,RS_GCF_003014485.1,d__Bacteria;p__Actinobacteriota;c__Actinomycetia;o__Streptosporangiales;f__Streptosporangiaceae;g__Murinocardiopsis;s__Murinocardiopsis flavida
GCF_004323735,RS_GCF_004323735.1,d__Bacteria;p__Actinobacteriota;c__Actinomycetia;o__Streptosporangiales;f__Streptosporangiaceae;g__Streptomonospora;s__Streptomonospora sp004323735
GCF_000341225,RS_GCF_000341225.1,d__Bacteria;p__Actinobacteriota;c__Actinomycetia;o__Streptosporangiales;f__Streptosporangiaceae;g__Nocardiopsis;s__Nocardiopsis alba
GCF_014892575,RS_GCF_014892575.1,d__Bacteria;p__Actinobacteriota;c__Actinomycetia;o__Streptosporangiales;f__Streptosporangiaceae;g__Nocardiopsis;s__Nocardiopsis coralli
GCF_000340985,RS_GCF_000340985.1,d__Bacteria;p__Actinobacteriota;c__Actinomycetia;o__Streptosporangiales;f__Streptosporangiaceae;g__Nocardiopsis;s__Nocardiopsis valliformis
GCF_000062885,RS_GCF_000062885.1,d__Bacteria;p__Actinobacteriota;c__Actinomycetia;o__Mycobacteriales;f__Pseudonocardiaceae;g__Saccharopolyspora_D;s__Saccharopolyspora_D erythraea
GCF_018141105,RS_GCF_018141105.1,d__Bacteria;p__Actinobacteriota;c__Actinomycetia;o__Mycobacteriales;f__Pseudonocardiaceae;g__Saccharopolyspora_D;s__Saccharopolyspora_D erythraea_A
GCF_012933465,RS_GCF_012933465.1,d__Bacteria;p__Actinobacteriota;c__Actinomycetia;o__Mycobacteriales;f__Pseudonocardiaceae;g__Actinomycetospora;s__Actinomycetospora sp012933465
GCF_003096675,RS_GCF_003096675.1,d__Bacteria;p__Actinobacteriota;c__Actinomycetia;o__Mycobacteriales;f__Pseudonocardiaceae;g__Actinomycetospora;s__Actinomycetospora cinnamomea
GCF_004363095,RS_GCF_004363095.1,d__Bacteria;p__Actinobacteriota;c__Actinomycetia;o__Mycobacteriales;f__Pseudonocardiaceae;g__Actinomycetospora;s__Actinomycetospora succinea
GCF_000519325,RS_GCF_000519325.1,d__Bacteria;p__Actinobacteriota;c__Thermoleophilia;o__Solirubrobacterales;f__Solirubrobacteraceae;g__Patulibacter;s__Patulibacter minatonensis
GCF_014647515,RS_GCF_014647515.1,d__Bacteria;p__Actinobacteriota;c__Actinomycetia;o__Mycobacteriales;f__Micromonosporaceae;g__Dactylosporangium;s__Dactylosporangium sucinum
GCF_014647795,RS_GCF_014647795.1,d__Bacteria;p__Actinobacteriota;c__Actinomycetia;o__Mycobacteriales;f__Micromonosporaceae;g__Actinoplanes;s__Actinoplanes campanulatus
GCF_016862455,RS_GCF_016862455.1,d__Bacteria;p__Actinobacteriota;c__Actinomycetia;o__Mycobacteriales;f__Micromonosporaceae;g__Actinoplanes;s__Actinoplanes utahensis
GCF_002285795,RS_GCF_002285795.1,d__Bacteria;p__Actinobacteriota;c__Actinomycetia;o__Mycobacteriales;f__Micromonosporaceae;g__KBS50;s__KBS50 sp002285795
GCF_014764405,RS_GCF_014764405.1,d__Bacteria;p__Actinobacteriota;c__Actinomycetia;o__Mycobacteriales;f__Micromonosporaceae;g__Micromonospora;s__Micromonospora craniellae
GCF_900099985,RS_GCF_900099985.1,d__Bacteria;p__Actinobacteriota;c__Actinomycetia;o__Streptosporangiales;f__Streptosporangiaceae;g__Thermostaphylospora;s__Thermostaphylospora chromogena
GCF_900099965,RS_GCF_900099965.1,d__Bacteria;p__Actinobacteriota;c__Actinomycetia;o__Streptosporangiales;f__Streptosporangiaceae;g__Nonomuraea;s__Nonomuraea jiangxiensis
GCF_014648475,RS_GCF_014648475.1,d__Bacteria;p__Actinobacteriota;c__Actinomycetia;o__Mycobacteriales;f__Pseudonocardiaceae;g__Lentzea;s__Lentzea flava
GCF_014648435,RS_GCF_014648435.1,d__Bacteria;p__Actinobacteriota;c__Actinomycetia;o__Streptosporangiales;f__Streptosporangiaceae;g__Nonomuraea;s__Nonomuraea spiralis
GCF_015751755,RS_GCF_015751755.1,d__Bacteria;p__Actinobacteriota;c__Actinomycetia;o__Streptosporangiales;f__Streptosporangiaceae;g__Spirillospora;s__Spirillospora viridis
GCF_008327685,RS_GCF_008327685.1,d__Bacteria;p__Actinobacteriota;c__Actinomycetia;o__Streptosporangiales;f__Streptosporangiaceae;g__Spirillospora;s__Spirillospora sp008327685
GCF_001552195,RS_GCF_001552195.1,d__Bacteria;p__Actinobacteriota;c__Actinomycetia;o__Streptosporangiales;f__Streptosporangiaceae;g__Spirillospora;s__Spirillospora latina
GCF_018327705,RS_GCF_018327705.1,d__Bacteria;p__Actinobacteriota;c__Actinomycetia;o__Mycobacteriales;f__Micromonosporaceae;g__Catellatospora;s__Catellatospora sp018327705
GCF_011297335,RS_GCF_011297335.1,d__Bacteria;p__Actinobacteriota;c__Actinomycetia;o__Mycobacteriales;f__Micromonosporaceae;g__Catellatospora;s__Catellatospora methionotrophica
GCF_014323705,RS_GCF_014323705.1,d__Bacteria;p__Actinobacteriota;c__Actinomycetia;o__Streptosporangiales;f__Streptosporangiaceae;g__Actinomadura_C;s__Actinomadura_C alba
GCF_014646515,RS_GCF_014646515.1,d__Bacteria;p__Actinobacteriota;c__Actinomycetia;o__Streptosporangiales;f__Streptosporangiaceae;g__Nonomuraea;s__Nonomuraea glycinis
GCF_001552215,RS_GCF_001552215.1,d__Bacteria;p__Actinobacteriota;c__Actinomycetia;o__Streptosporangiales;f__Streptosporangiaceae;g__Spirillospora;s__Spirillospora macra
GCF_014654615,RS_GCF_014654615.1,d__Bacteria;p__Actinobacteriota;c__Actinomycetia;o__Streptosporangiales;f__Streptosporangiaceae;g__Streptosporangium;s__Streptosporangium violaceochromogenes
GCF_900101685,RS_GCF_900101685.1,d__Bacteria;p__Actinobacteriota;c__Actinomycetia;o__Mycobacteriales;f__Pseudonocardiaceae;g__Actinokineospora;s__Actinokineospora iranica
GCF_000372745,RS_GCF_000372745.1,d__Bacteria;p__Actinobacteriota;c__Actinomycetia;o__Streptomycetales;f__Streptomycetaceae;g__Embleya;s__Embleya scabrispora
GCF_900129375,RS_GCF_900129375.1,d__Bacteria;p__Actinobacteriota;c__Actinomycetia;o__Mycobacteriales;f__Pseudonocardiaceae;g__Streptoalloteichus;s__Streptoalloteichus hindustanus
GCF_014204915,RS_GCF_014204915.1,d__Bacteria;p__Actinobacteriota;c__Actinomycetia;o__Mycobacteriales;f__Pseudonocardiaceae;g__Crossiella;s__Crossiella cryophila
GCF_014645795,RS_GCF_014645795.1,d__Bacteria;p__Actinobacteriota;c__Actinomycetia;o__Mycobacteriales;f__Pseudonocardiaceae;g__Longimycelium;s__Longimycelium tulufanense
GCA_014649555,GB_GCA_014649555.1,d__Bacteria;p__Actinobacteriota;c__Actinomycetia;o__Streptomycetales;f__Streptomycetaceae;g__Streptomyces;s__Streptomyces globisporus
GCF_005048155,RS_GCF_005048155.1,d__Bacteria;p__Actinobacteriota;c__Actinomycetia;o__Streptomycetales;f__Streptomycetaceae;g__Streptomyces;s__Streptomyces piniterrae
GCF_002262875,RS_GCF_002262875.1,d__Bacteria;p__Actinobacteriota;c__Actinomycetia;o__Mycobacteriales;f__Pseudonocardiaceae;g__Amycolatopsis;s__Amycolatopsis antarctica
GCF_000166135,RS_GCF_000166135.1,d__Bacteria;p__Actinobacteriota;c__Actinomycetia;o__Mycobacteriales;f__Frankiaceae;g__Frankia;s__Frankia inefficax
GCF_000262465,RS_GCF_000262465.1,d__Bacteria;p__Actinobacteriota;c__Actinomycetia;o__Mycobacteriales;f__Frankiaceae;g__Frankia;s__Frankia sp000262465
GCF_001017755,RS_GCF_001017755.1,d__Bacteria;p__Actinobacteriota;c__Actinomycetia;o__Mycobacteriales;f__Frankiaceae;g__Frankia;s__Frankia coriariae
GCF_001536285,RS_GCF_001536285.1,d__Bacteria;p__Actinobacteriota;c__Actinomycetia;o__Mycobacteriales;f__Frankiaceae;g__Frankia;s__Frankia irregularis
GCF_001636565,RS_GCF_001636565.1,d__Bacteria;p__Actinobacteriota;c__Actinomycetia;o__Mycobacteriales;f__Frankiaceae;g__Frankia;s__Frankia sp001636565
GCF_012726265,RS_GCF_012726265.1,d__Bacteria;p__Actinobacteriota;c__Actinomycetia;o__Streptomycetales;f__Streptomycetaceae;g__Streptomyces;s__Streptomyces sp012726265
GCF_014295035,RS_GCF_014295035.1,d__Bacteria;p__Actinobacteriota;c__Actinomycetia;o__Streptomycetales;f__Streptomycetaceae;g__Streptomyces;s__Streptomyces buecherae
GCA_018114805,GB_GCA_018114805.1,d__Bacteria;p__Actinobacteriota;c__Actinomycetia;o__Streptomycetales;f__Streptomycetaceae;g__Streptomyces;s__Streptomyces philanthi
GCF_014650815,RS_GCF_014650815.1,d__Bacteria;p__Actinobacteriota;c__Actinomycetia;o__Streptomycetales;f__Streptomycetaceae;g__Streptomyces;s__Streptomyces flavofungini
GCA_014649155,GB_GCA_014649155.1,d__Bacteria;p__Actinobacteriota;c__Actinomycetia;o__Streptomycetales;f__Streptomycetaceae;g__Streptomyces;s__Streptomyces griseoviridis
GCF_000349325,RS_GCF_000349325.1,d__Bacteria;p__Actinobacteriota;c__Actinomycetia;o__Streptomycetales;f__Streptomycetaceae;g__Streptomyces;s__Streptomyces davaonensis
GCF_000024865,RS_GCF_000024865.1,d__Bacteria;p__Actinobacteriota;c__Actinomycetia;o__Streptosporangiales;f__Streptosporangiaceae;g__Streptosporangium;s__Streptosporangium roseum
GCF_001570525,RS_GCF_001570525.1,d__Bacteria;p__Actinobacteriota;c__Actinomycetia;o__Streptosporangiales;f__Streptosporangiaceae;g__Herbidospora;s__Herbidospora sakaeratensis
GCF_014651035,RS_GCF_014651035.1,d__Bacteria;p__Actinobacteriota;c__Actinomycetia;o__Streptomycetales;f__Streptomycetaceae;g__Streptomyces;s__Streptomyces lomondensis
GCF_001184025,RS_GCF_001184025.1,d__Bacteria;p__Actinobacteriota;c__Actinomycetia;o__Streptomycetales;f__Streptomycetaceae;g__Streptomyces;s__Streptomyces sp001184025
GCF_003355155,RS_GCF_003355155.1,d__Bacteria;p__Actinobacteriota;c__Actinomycetia;o__Streptomycetales;f__Streptomycetaceae;g__Streptomyces;s__Streptomyces armeniacus
GCF_014646095,RS_GCF_014646095.1,d__Bacteria;p__Actinobacteriota;c__Actinomycetia;o__Streptomycetales;f__Streptomycetaceae;g__Streptomyces;s__Streptomyces lacrimifluminis
GCF_000372465,RS_GCF_000372465.1,d__Bacteria;p__Actinobacteriota;c__Actinomycetia;o__Propionibacteriales;f__Kribbellaceae;g__Kribbella;s__Kribbella catacumbae
GCF_000384115,RS_GCF_000384115.1,d__Bacteria;p__Actinobacteriota;c__Actinomycetia;o__Sporichthyales;f__Sporichthyaceae;g__Sporichthya;s__Sporichthya polymorpha
GCF_018499875,RS_GCF_018499875.1,d__Bacteria;p__Actinobacteriota;c__Actinomycetia;o__Actinomycetales;f__Kineosporiaceae;g__Kineosporia;s__Kineosporia sp018499875
GCA_000719025,GB_GCA_000719025.1,d__Bacteria;p__Actinobacteriota;c__Actinomycetia;o__Actinomycetales;f__Kineosporiaceae;g__Kineosporia;s__Kineosporia aurantiaca
GCF_000737195,RS_GCF_000737195.2,d__Bacteria;p__Actinobacteriota;c__Actinomycetia;o__Mycobacteriales;f__Pseudonocardiaceae;g__Sciscionella;s__Sciscionella sp000737195
GCF_000389965,RS_GCF_000389965.1,d__Bacteria;p__Actinobacteriota;c__Actinomycetia;o__Mycobacteriales;f__Micromonosporaceae;g__Actinoplanes;s__Actinoplanes sp000389965
GCF_006912135,RS_GCF_006912135.1,d__Bacteria;p__Actinobacteriota;c__Actinomycetia;o__Mycobacteriales;f__Cryptosporangiaceae;g__Cryptosporangium;s__Cryptosporangium phraense
GCF_004217545,RS_GCF_004217545.1,d__Bacteria;p__Actinobacteriota;c__Actinomycetia;o__Mycobacteriales;f__Micromonosporaceae;g__Actinoplanes;s__Actinoplanes cinnamomeus
GCF_008042045,RS_GCF_008042045.1,d__Bacteria;p__Actinobacteriota;c__Actinomycetia;o__Streptomycetales;f__Streptomycetaceae;g__Streptomyces;s__Streptomyces sp008042045
GCF_001748085,RS_GCF_001748085.1,d__Bacteria;p__Actinobacteriota;c__Actinomycetia;o__Streptomycetales;f__Streptomycetaceae;g__Streptomyces;s__Streptomyces sp001748085
GCF_014650695,RS_GCF_014650695.1,d__Bacteria;p__Actinobacteriota;c__Actinomycetia;o__Streptomycetales;f__Streptomycetaceae;g__Streptomyces;s__Streptomyces avidinii
GCF_000514775,RS_GCF_000514775.1,d__Bacteria;p__Actinobacteriota;c__Actinomycetia;o__Mycobacteriales;f__Micromonosporaceae;g__Micromonospora;s__Micromonospora pacifica
GCA_000716465,GB_GCA_000716465.1,d__Bacteria;p__Actinobacteriota;c__Actinomycetia;o__Streptomycetales;f__Streptomycetaceae;g__Streptomyces;s__Streptomyces bikiniensis
GCA_007858575,GB_GCA_007858575.1,d__Bacteria;p__Actinobacteriota;c__Actinomycetia;o__Streptomycetales;f__Streptomycetaceae;g__Streptomyces;s__Streptomyces sp003949805
GCA_003268675,GB_GCA_003268675.1,d__Bacteria;p__Actinobacteriota;c__Actinomycetia;o__Streptomycetales;f__Streptomycetaceae;g__Streptomyces;s__Streptomyces bacillaris
GCA_014204745,GB_GCA_014204745.1,d__Bacteria;p__Actinobacteriota;c__Actinomycetia;o__Streptomycetales;f__Streptomycetaceae;g__Streptomyces;s__Streptomyces collinus
GCF_014646115,RS_GCF_014646115.1,d__Bacteria;p__Actinobacteriota;c__Actinomycetia;o__Streptomycetales;f__Streptomycetaceae;g__Streptomyces;s__Streptomyces camponoticapitis
GCA_005405945,GB_GCA_005405945.1,d__Bacteria;p__Actinobacteriota;c__Actinomycetia;o__Streptomycetales;f__Streptomycetaceae;g__Streptomyces;s__Streptomyces violaceusniger
GCF_900105515,RS_GCF_900105515.1,d__Bacteria;p__Actinobacteriota;c__Actinomycetia;o__Streptomycetales;f__Streptomycetaceae;g__Streptomyces;s__Streptomyces sp900105515
GCF_000023245,RS_GCF_000023245.1,d__Bacteria;p__Actinobacteriota;c__Actinomycetia;o__Mycobacteriales;f__Pseudonocardiaceae;g__Actinosynnema;s__Actinosynnema mirum
GCF_009498035,RS_GCF_009498035.1,d__Bacteria;p__Actinobacteriota;c__Actinomycetia;o__Mycobacteriales;f__Pseudonocardiaceae;g__Actinosynnema;s__Actinosynnema syringae
GCF_001280085,RS_GCF_001280085.1,d__Bacteria;p__Actinobacteriota;c__Actinomycetia;o__Mycobacteriales;f__Pseudonocardiaceae;g__Actinosynnema;s__Actinosynnema sp001280085
GCF_014203735,RS_GCF_014203735.1,d__Bacteria;p__Actinobacteriota;c__Actinomycetia;o__Mycobacteriales;f__Pseudonocardiaceae;g__Actinophytocola;s__Actinophytocola algeriensis
GCF_004340875,RS_GCF_004340875.1,d__Bacteria;p__Actinobacteriota;c__Actinomycetia;o__Mycobacteriales;f__Pseudonocardiaceae;g__Tamaricihabitans;s__Tamaricihabitans halophyticus
GCF_011764545,RS_GCF_011764545.1,d__Bacteria;p__Actinobacteriota;c__Actinomycetia;o__Mycobacteriales;f__Micromonosporaceae;g__Phytohabitans;s__Phytohabitans flavus
GCF_011764445,RS_GCF_011764445.1,d__Bacteria;p__Actinobacteriota;c__Actinomycetia;o__Mycobacteriales;f__Micromonosporaceae;g__Phytohabitans;s__Phytohabitans rumicis
GCF_016862915,RS_GCF_016862915.1,d__Bacteria;p__Actinobacteriota;c__Actinomycetia;o__Mycobacteriales;f__Micromonosporaceae;g__Plantactinospora;s__Plantactinospora endophytica
GCF_014204895,RS_GCF_014204895.1,d__Bacteria;p__Actinobacteriota;c__Actinomycetia;o__Mycobacteriales;f__Micromonosporaceae;g__Actinoplanes;s__Actinoplanes abujensis
GCF_016862795,RS_GCF_016862795.1,d__Bacteria;p__Actinobacteriota;c__Actinomycetia;o__Mycobacteriales;f__Micromonosporaceae;g__Dactylosporangium;s__Dactylosporangium siamense
GCF_900091595,RS_GCF_900091595.1,d__Bacteria;p__Actinobacteriota;c__Actinomycetia;o__Mycobacteriales;f__Micromonosporaceae;g__Micromonospora;s__Micromonospora haikouensis
GCF_015751765,RS_GCF_015751765.1,d__Bacteria;p__Actinobacteriota;c__Actinomycetia;o__Mycobacteriales;f__Micromonosporaceae;g__Micromonospora;s__Micromonospora ureilytica
GCF_000585375,RS_GCF_000585375.1,d__Bacteria;p__Actinobacteriota;c__Actinomycetia;o__Mycobacteriales;f__Cryptosporangiaceae;g__Cryptosporangium;s__Cryptosporangium arvum
GCF_018324255,RS_GCF_018324255.1,d__Bacteria;p__Actinobacteriota;c__Actinomycetia;o__Mycobacteriales;f__Micromonosporaceae;g__Polymorphospora;s__Polymorphospora rubra
GCF_000379685,RS_GCF_000379685.1,d__Bacteria;p__Actinobacteriota;c__Actinomycetia;o__Mycobacteriales;f__Micromonosporaceae;g__Catelliglobosispora;s__Catelliglobosispora koreensis
GCF_016907715,RS_GCF_016907715.1,d__Bacteria;p__Actinobacteriota;c__Actinomycetia;o__Propionibacteriales;f__Actinopolymorphaceae;g__Tenggerimyces;s__Tenggerimyces flavus
GCF_013407765,RS_GCF_013407765.1,d__Bacteria;p__Actinobacteriota;c__Actinomycetia;o__Streptomycetales;f__Streptomycetaceae;g__Allostreptomyces;s__Allostreptomyces psammosilenae
GCF_002240355,RS_GCF_002240355.1,d__Bacteria;p__Actinobacteriota;c__Actinomycetia;o__Mycobacteriales;f__Pseudonocardiaceae;g__Saccharomonospora;s__Saccharomonospora marina_A
GCF_013410755,RS_GCF_013410755.1,d__Bacteria;p__Actinobacteriota;c__Actinomycetia;o__Streptosporangiales;f__Streptosporangiaceae;g__Nocardiopsis;s__Nocardiopsis aegyptia
GCF_900070365,RS_GCF_900070365.1,d__Bacteria;p__Actinobacteriota;c__Actinomycetia;o__Mycobacteriales;f__Pseudonocardiaceae;g__Actinokineospora;s__Actinokineospora sp900070365
GCF_004345645,RS_GCF_004345645.1,d__Bacteria;p__Actinobacteriota;c__Actinomycetia;o__Mycobacteriales;f__Pseudonocardiaceae;g__Actinocrispum;s__Actinocrispum wychmicini
GCF_017876405,RS_GCF_017876405.1,d__Bacteria;p__Actinobacteriota;c__Actinomycetia;o__Mycobacteriales;f__Pseudonocardiaceae;g__Kibdelosporangium;s__Kibdelosporangium banguiense
GCF_000478275,RS_GCF_000478275.1,d__Bacteria;p__Actinobacteriota;c__Actinomycetia;o__Mycobacteriales;f__Pseudonocardiaceae;g__Amycolatopsis;s__Amycolatopsis orientalis
GCF_000220945,RS_GCF_000220945.1,d__Bacteria;p__Actinobacteriota;c__Actinomycetia;o__Mycobacteriales;f__Pseudonocardiaceae;g__Amycolatopsis;s__Amycolatopsis mediterranei
GCF_014654205,RS_GCF_014654205.1,d__Bacteria;p__Actinobacteriota;c__Actinomycetia;o__Mycobacteriales;f__Pseudonocardiaceae;g__Amycolatopsis;s__Amycolatopsis bullii
GCF_003312875,RS_GCF_003312875.1,d__Bacteria;p__Actinobacteriota;c__Actinomycetia;o__Mycobacteriales;f__Pseudonocardiaceae;g__Amycolatopsis;s__Amycolatopsis albispora
GCF_018736145,RS_GCF_018736145.1,d__Bacteria;p__Actinobacteriota;c__Actinomycetia;o__Mycobacteriales;f__Pseudonocardiaceae;g__Amycolatopsis;s__Amycolatopsis sp018736145
GCF_000384315,RS_GCF_000384315.1,d__Bacteria;p__Actinobacteriota;c__Actinomycetia;o__Mycobacteriales;f__Pseudonocardiaceae;g__Amycolatopsis;s__Amycolatopsis nigrescens
GCF_001612665,RS_GCF_001612665.1,d__Bacteria;p__Actinobacteriota;c__Actinomycetia;o__Mycobacteriales;f__Mycobacteriaceae;g__Nocardia;s__Nocardia alba
GCF_000231075,RS_GCF_000231075.2,d__Bacteria;p__Actinobacteriota;c__Actinomycetia;o__Mycobacteriales;f__Pseudonocardiaceae;g__Amycolatopsis;s__Amycolatopsis sp000231075
GCF_002796545,RS_GCF_002796545.1,d__Bacteria;p__Actinobacteriota;c__Actinomycetia;o__Mycobacteriales;f__Pseudonocardiaceae;g__Amycolatopsis;s__Amycolatopsis sp002796545
GCF_000383915,RS_GCF_000383915.1,d__Bacteria;p__Actinobacteriota;c__Actinomycetia;o__Mycobacteriales;f__Pseudonocardiaceae;g__Amycolatopsis;s__Amycolatopsis benzoatilytica
GCF_000429025,RS_GCF_000429025.1,d__Bacteria;p__Actinobacteriota;c__Actinomycetia;o__Mycobacteriales;f__Pseudonocardiaceae;g__Pseudonocardia;s__Pseudonocardia spinosispora
GCF_002262885,RS_GCF_002262885.1,d__Bacteria;p__Actinobacteriota;c__Actinomycetia;o__Mycobacteriales;f__Pseudonocardiaceae;g__Pseudonocardia;s__Pseudonocardia sp002262885
GCF_013409505,RS_GCF_013409505.1,d__Bacteria;p__Actinobacteriota;c__Actinomycetia;o__Mycobacteriales;f__Pseudonocardiaceae;g__Actinomycetospora;s__Actinomycetospora corticicola
GCF_004339565,RS_GCF_004339565.1,d__Bacteria;p__Actinobacteriota;c__Actinomycetia;o__Mycobacteriales;f__Pseudonocardiaceae;g__Pseudonocardia;s__Pseudonocardia endophytica
GCF_001698125,RS_GCF_001698125.1,d__Bacteria;p__Actinobacteriota;c__Actinomycetia;o__Mycobacteriales;f__Pseudonocardiaceae;g__Pseudonocardia;s__Pseudonocardia sp001698125
GCF_001420995,RS_GCF_001420995.1,d__Bacteria;p__Actinobacteriota;c__Actinomycetia;o__Mycobacteriales;f__Pseudonocardiaceae;g__Pseudonocardia;s__Pseudonocardia sp001420995
GCF_004217185,RS_GCF_004217185.1,d__Bacteria;p__Actinobacteriota;c__Actinomycetia;o__Mycobacteriales;f__Pseudonocardiaceae;g__Pseudonocardia;s__Pseudonocardia sediminis
GCA_019263585,GB_GCA_019263585.1,d__Bacteria;p__Actinobacteriota;c__Actinomycetia;o__Mycobacteriales;f__Pseudonocardiaceae;g__Pseudonocardia;s__Pseudonocardia sp019263585
GCF_014235185,RS_GCF_014235185.1,d__Bacteria;p__Actinobacteriota;c__Actinomycetia;o__Mycobacteriales;f__Pseudonocardiaceae;g__Pseudonocardia;s__Pseudonocardia sp014235185
GCF_000935125,RS_GCF_000935125.1,d__Bacteria;p__Actinobacteriota;c__Actinomycetia;o__Streptomycetales;f__Streptomycetaceae;g__Streptomyces;s__Streptomyces natalensis
GCF_000158915,RS_GCF_000158915.1,d__Bacteria;p__Actinobacteriota;c__Actinomycetia;o__Streptomycetales;f__Streptomycetaceae;g__Streptomyces;s__Streptomyces himastatinicus
GCF_000058485,RS_GCF_000058485.1,d__Bacteria;p__Actinobacteriota;c__Actinomycetia;o__Mycobacteriales;f__Frankiaceae;g__Frankia;s__Frankia alni
GCF_014654365,RS_GCF_014654365.1,d__Bacteria;p__Actinobacteriota;c__Actinomycetia;o__Mycobacteriales;f__Pseudonocardiaceae;g__Amycolatopsis;s__Amycolatopsis oliviviridis
GCF_001294645,RS_GCF_001294645.1,d__Bacteria;p__Actinobacteriota;c__Actinomycetia;o__Mycobacteriales;f__Pseudonocardiaceae;g__Pseudonocardia;s__Pseudonocardia sp001294645
GCF_002941025,RS_GCF_002941025.1,d__Bacteria;p__Actinobacteriota;c__Actinomycetia;o__Streptomycetales;f__Streptomycetaceae;g__Streptomyces;s__Streptomyces sp002941025
GCA_017419405,GB_GCA_017419405.1,d__Bacteria;p__Actinobacteriota;c__Actinomycetia;o__Actinomycetales;f__Micrococcaceae;g__Renibacterium;s__Renibacterium sp005809195
GCF_000092225,RS_GCF_000092225.1,d__Bacteria;p__Actinobacteriota;c__Actinomycetia;o__Mycobacteriales;f__Mycobacteriaceae;g__Tsukamurella;s__Tsukamurella paurometabola
GCF_900104775,RS_GCF_900104775.1,d__Bacteria;p__Actinobacteriota;c__Actinomycetia;o__Mycobacteriales;f__Mycobacteriaceae;g__Tsukamurella;s__Tsukamurella tyrosinosolvens
GCF_000069945,RS_GCF_000069945.1,d__Bacteria;p__Actinobacteriota;c__Actinomycetia;o__Mycobacteriales;f__Mycobacteriaceae;g__Corynebacterium;s__Corynebacterium urealyticum
GCF_001274895,RS_GCF_001274895.1,d__Bacteria;p__Actinobacteriota;c__Actinomycetia;o__Mycobacteriales;f__Mycobacteriaceae;g__Corynebacterium;s__Corynebacterium lactis
GCF_900187045,RS_GCF_900187045.1,d__Bacteria;p__Actinobacteriota;c__Actinomycetia;o__Actinomycetales;f__Dermatophilaceae;g__Dermatophilus;s__Dermatophilus congolensis
GCF_000241325,RS_GCF_000241325.1,d__Bacteria;p__Actinobacteriota;c__Actinomycetia;o__Mycobacteriales;f__Mycobacteriaceae;g__Gordonia;s__Gordonia polyisoprenivorans
GCF_008312885,RS_GCF_008312885.1,d__Bacteria;p__Actinobacteriota;c__Actinomycetia;o__Mycobacteriales;f__Mycobacteriaceae;g__Hoyosella;s__Hoyosella sp008312885
GCF_014643175,RS_GCF_014643175.1,d__Bacteria;p__Actinobacteriota;c__Actinomycetia;o__Mycobacteriales;f__Mycobacteriaceae;g__Hoyosella;s__Hoyosella rhizosphaerae
GCF_000214175,RS_GCF_000214175.1,d__Bacteria;p__Actinobacteriota;c__Actinomycetia;o__Mycobacteriales;f__Mycobacteriaceae;g__Hoyosella;s__Hoyosella subflava
GCF_016482825,RS_GCF_016482825.1,d__Bacteria;p__Actinobacteriota;c__Actinomycetia;o__Mycobacteriales;f__Mycobacteriaceae;g__Antrihabitans;s__Antrihabitans sp016482825
GCF_000014565,RS_GCF_000014565.1,d__Bacteria;p__Actinobacteriota;c__Actinomycetia;o__Mycobacteriales;f__Mycobacteriaceae;g__Rhodococcus;s__Rhodococcus jostii_A
GCF_001894885,RS_GCF_001894885.1,d__Bacteria;p__Actinobacteriota;c__Actinomycetia;o__Mycobacteriales;f__Mycobacteriaceae;g__Rhodococcus;s__Rhodococcus marinonascens
GCF_000010805,RS_GCF_000010805.1,d__Bacteria;p__Actinobacteriota;c__Actinomycetia;o__Mycobacteriales;f__Mycobacteriaceae;g__Rhodococcus;s__Rhodococcus opacus_C
GCF_001895025,RS_GCF_001895025.1,d__Bacteria;p__Actinobacteriota;c__Actinomycetia;o__Mycobacteriales;f__Mycobacteriaceae;g__Rhodococcus;s__Rhodococcus zopfii
GCF_001894985,RS_GCF_001894985.1,d__Bacteria;p__Actinobacteriota;c__Actinomycetia;o__Mycobacteriales;f__Mycobacteriaceae;g__Rhodococcus;s__Rhodococcus tukisamuensis
GCF_000422745,RS_GCF_000422745.1,d__Bacteria;p__Actinobacteriota;c__Actinomycetia;o__Actinomycetales;f__Microbacteriaceae;g__Microbacterium;s__Microbacterium gubbeenense
GCF_001552615,RS_GCF_001552615.1,d__Bacteria;p__Actinobacteriota;c__Actinomycetia;o__Mycobacteriales;f__Mycobacteriaceae;g__Millisia;s__Millisia brevis
GCF_009184865,RS_GCF_009184865.1,d__Bacteria;p__Actinobacteriota;c__Actinomycetia;o__Streptomycetales;f__Streptomycetaceae;g__Streptomyces;s__Streptomyces phaeolivaceus
GCF_001908375,RS_GCF_001908375.1,d__Bacteria;p__Proteobacteria;c__Alphaproteobacteria;o__Rhizobiales;f__Rhizobiaceae;g__Rhizobium;s__Rhizobium etli_B
GCF_000298175,RS_GCF_000298175.1,d__Bacteria;p__Actinobacteriota;c__Actinomycetia;o__Actinomycetales;f__Dermatophilaceae;g__Austwickia;s__Austwickia chelonae
GCF_006539885,RS_GCF_006539885.1,d__Bacteria;p__Actinobacteriota;c__Actinomycetia;o__Actinomycetales;f__Micrococcaceae;g__Kocuria;s__Kocuria varians
GCF_001886715,RS_GCF_001886715.1,d__Bacteria;p__Actinobacteriota;c__Actinomycetia;o__Mycobacteriales;f__Mycobacteriaceae;g__Nocardia;s__Nocardia mangyaensis
GCF_013410305,RS_GCF_013410305.1,d__Bacteria;p__Actinobacteriota;c__Actinomycetia;o__Mycobacteriales;f__Mycobacteriaceae;g__Corynebacterium;s__Corynebacterium durum
GCA_016864895,GB_GCA_016864895.1,d__Bacteria;p__Proteobacteria;c__Gammaproteobacteria;o__Burkholderiales;f__Neisseriaceae;g__QFNR01;s__QFNR01 sp016864895
GCF_002993285,RS_GCF_002993285.1,d__Bacteria;p__Actinobacteriota;c__Actinomycetia;o__Mycobacteriales;f__Mycobacteriaceae;g__Gordonia;s__Gordonia iterans
GCF_002259405,RS_GCF_002259405.1,d__Bacteria;p__Actinobacteriota;c__Actinomycetia;o__Mycobacteriales;f__Mycobacteriaceae;g__Rhodococcus_B;s__Rhodococcus_B sp002259405
GCF_017377795,RS_GCF_017377795.1,d__Bacteria;p__Actinobacteriota;c__Actinomycetia;o__Mycobacteriales;f__Mycobacteriaceae;g__Williamsia;s__Williamsia sp017377795
GCF_001598915,RS_GCF_001598915.1,d__Bacteria;p__Actinobacteriota;c__Actinomycetia;o__Mycobacteriales;f__Mycobacteriaceae;g__Williamsia;s__Williamsia muralis
GCF_003641205,RS_GCF_003641205.1,d__Bacteria;p__Actinobacteriota;c__Actinomycetia;o__Mycobacteriales;f__Mycobacteriaceae;g__Rhodococcus_B;s__Rhodococcus_B sp003641205
GCF_001894785,RS_GCF_001894785.1,d__Bacteria;p__Actinobacteriota;c__Actinomycetia;o__Mycobacteriales;f__Mycobacteriaceae;g__Rhodococcus_B;s__Rhodococcus_B fascians
GCF_001895005,RS_GCF_001895005.1,d__Bacteria;p__Actinobacteriota;c__Actinomycetia;o__Mycobacteriales;f__Mycobacteriaceae;g__Rhodococcus_B;s__Rhodococcus_B yunnanensis
GCF_002245895,RS_GCF_002245895.1,d__Bacteria;p__Actinobacteriota;c__Actinomycetia;o__Mycobacteriales;f__Mycobacteriaceae;g__Rhodococcus;s__Rhodococcus sp002245895
GCF_003855095,RS_GCF_003855095.1,d__Bacteria;p__Actinobacteriota;c__Actinomycetia;o__Mycobacteriales;f__Mycobacteriaceae;g__Gordonia;s__Gordonia insulae
GCF_001612685,RS_GCF_001612685.1,d__Bacteria;p__Actinobacteriota;c__Actinomycetia;o__Mycobacteriales;f__Mycobacteriaceae;g__Nocardia;s__Nocardia altamirensis
GCF_000250675,RS_GCF_000250675.2,d__Bacteria;p__Actinobacteriota;c__Actinomycetia;o__Mycobacteriales;f__Mycobacteriaceae;g__Nocardia;s__Nocardia brasiliensis_B
GCF_000710915,RS_GCF_000710915.1,d__Bacteria;p__Actinobacteriota;c__Actinomycetia;o__Mycobacteriales;f__Mycobacteriaceae;g__Nocardia;s__Nocardia brasiliensis_A
GCF_004011095,RS_GCF_004011095.1,d__Bacteria;p__Actinobacteriota;c__Actinomycetia;o__Actinomycetales;f__Microbacteriaceae;g__Rathayibacter;s__Rathayibacter rathayi
GCF_004366135,RS_GCF_004366135.1,d__Bacteria;p__Actinobacteriota;c__Actinomycetia;o__Actinomycetales;f__Microbacteriaceae;g__Microbacterium;s__Microbacterium sp004366135
GCF_009932475,RS_GCF_009932475.1,d__Bacteria;p__Actinobacteriota;c__Actinomycetia;o__Mycobacteriales;f__Mycobacteriaceae;g__Gordonia;s__Gordonia spumicola
GCF_014197435,RS_GCF_014197435.1,d__Bacteria;p__Actinobacteriota;c__Actinomycetia;o__Mycobacteriales;f__Mycobacteriaceae;g__Gordonia;s__Gordonia humi
GCA_016197405,GB_GCA_016197405.1,d__Bacteria;p__Actinobacteriota;c__Actinomycetia;o__Mycobacteriales;f__Mycobacteriaceae;g__Mycobacterium;s__Mycobacterium sp016197405
GCF_000196675,RS_GCF_000196675.1,d__Bacteria;p__Actinobacteriota;c__Actinomycetia;o__Mycobacteriales;f__Pseudonocardiaceae;g__Pseudonocardia;s__Pseudonocardia dioxanivorans
GCF_006717045,RS_GCF_006717045.1,d__Bacteria;p__Actinobacteriota;c__Actinomycetia;o__Mycobacteriales;f__Pseudonocardiaceae;g__Pseudonocardia;s__Pseudonocardia cypriaca
GCF_011758805,RS_GCF_011758805.1,d__Bacteria;p__Actinobacteriota;c__Actinomycetia;o__Mycobacteriales;f__Mycobacteriaceae;g__Mycobacterium;s__Mycobacterium fluoranthenivorans
GCA_016197365,GB_GCA_016197365.1,d__Bacteria;p__Actinobacteriota;c__Actinomycetia;o__Mycobacteriales;f__Mycobacteriaceae;g__Mycobacterium;s__Mycobacterium cosmeticum_A
GCF_014635305,RS_GCF_014635305.1,d__Bacteria;p__Actinobacteriota;c__Actinomycetia;o__Mycobacteriales;f__Mycobacteriaceae;g__Williamsia_A;s__Williamsia_A phyllosphaerae
GCF_900156495,RS_GCF_900156495.1,d__Bacteria;p__Actinobacteriota;c__Actinomycetia;o__Mycobacteriales;f__Mycobacteriaceae;g__Williamsia_B;s__Williamsia_B sterculiae
GCF_000799285,RS_GCF_000799285.1,d__Bacteria;p__Actinobacteriota;c__Actinomycetia;o__Actinomycetales;f__Microbacteriaceae;g__Microterricola;s__Microterricola sp000799285
GCF_001424195,RS_GCF_001424195.1,d__Bacteria;p__Actinobacteriota;c__Actinomycetia;o__Actinomycetales;f__Cellulomonadaceae;g__Cellulomonas;s__Cellulomonas sp001424195
GCF_009708005,RS_GCF_009708005.2,d__Bacteria;p__Actinobacteriota;c__Actinomycetia;o__Actinomycetales;f__Cellulomonadaceae;g__Cellulosimicrobium;s__Cellulosimicrobium sp009708005
GCF_005937995,RS_GCF_005937995.2,d__Bacteria;p__Actinobacteriota;c__Actinomycetia;o__Actinomycetales;f__Cellulomonadaceae;g__Oerskovia;s__Oerskovia sp005937995
GCF_006494775,RS_GCF_006494775.1,d__Bacteria;p__Actinobacteriota;c__Actinomycetia;o__Propionibacteriales;f__Nocardioidaceae;g__Nocardioides;s__Nocardioides humi
GCF_900070355,RS_GCF_900070355.1,d__Bacteria;p__Actinobacteriota;c__Actinomycetia;o__Actinomycetales;f__Dermabacteraceae;g__Devriesea;s__Devriesea agamarum
GCF_000197735,RS_GCF_000197735.1,d__Bacteria;p__Actinobacteriota;c__Actinomycetia;o__Actinomycetales;f__Micrococcaceae;g__Glutamicibacter;s__Glutamicibacter arilaitensis
GCF_006539925,RS_GCF_006539925.1,d__Bacteria;p__Actinobacteriota;c__Actinomycetia;o__Actinomycetales;f__Micrococcaceae;g__Glutamicibacter;s__Glutamicibacter uratoxydans
GCF_900452415,RS_GCF_900452415.1,d__Bacteria;p__Proteobacteria;c__Gammaproteobacteria;o__Legionellales;f__Legionellaceae;g__Legionella;s__Legionella cincinnatiensis
GCF_001905125,RS_GCF_001905125.1,d__Bacteria;p__Actinobacteriota;c__Actinomycetia;o__Streptomycetales;f__Streptomycetaceae;g__Streptomyces;s__Streptomyces sp001905125
GCF_900185725,RS_GCF_900185725.1,d__Bacteria;p__Proteobacteria;c__Alphaproteobacteria;o__Rhizobiales;f__Stappiaceae;g__Stappia;s__Stappia sp900185725
GCF_000720325,RS_GCF_000720325.1,d__Bacteria;p__Actinobacteriota;c__Actinomycetia;o__Streptomycetales;f__Streptomycetaceae;g__Streptomyces;s__Streptomyces sp000720325
GCF_003610995,RS_GCF_003610995.1,d__Bacteria;p__Actinobacteriota;c__Actinomycetia;o__Streptomycetales;f__Streptomycetaceae;g__Streptomyces;s__Streptomyces sp003116725
GCF_018361265,RS_GCF_018361265.1,d__Bacteria;p__Actinobacteriota;c__Actinomycetia;o__Mycobacteriales;f__Mycobacteriaceae;g__Mycobacterium;s__Mycobacterium sp018361265
GCF_014645815,RS_GCF_014645815.1,d__Bacteria;p__Actinobacteriota;c__Actinomycetia;o__Streptomycetales;f__Streptomycetaceae;g__Streptomyces;s__Streptomyces fuscichromogenes
GCA_002722295,GB_GCA_002722295.1,d__Bacteria;p__Proteobacteria;c__Alphaproteobacteria;o__Rhizobiales;f__Stappiaceae;g__Stappia;s__Stappia sp002722295
GCF_000705555,RS_GCF_000705555.1,d__Bacteria;p__Proteobacteria;c__Gammaproteobacteria;o__Pseudomonadales;f__Nitrincolaceae;g__Marinobacterium;s__Marinobacterium sp000705555
GCF_003851495,RS_GCF_003851495.1,d__Bacteria;p__Proteobacteria;c__Gammaproteobacteria;o__Pseudomonadales;f__Pseudomonadaceae;g__Pseudomonas_E;s__Pseudomonas_E fluorescens_BB
GCF_001653135,RS_GCF_001653135.1,d__Bacteria;p__Proteobacteria;c__Gammaproteobacteria;o__Enterobacterales;f__Alteromonadaceae;g__Pseudoalteromonas;s__Pseudoalteromonas neustonica
GCF_002007605,RS_GCF_002007605.1,d__Bacteria;p__Proteobacteria;c__Gammaproteobacteria;o__Pseudomonadales;f__Cellvibrionaceae;g__Cellvibrio;s__Cellvibrio sp002007605
GCF_000214215,RS_GCF_000214215.1,d__Bacteria;p__Proteobacteria;c__Gammaproteobacteria;o__Pseudomonadales;f__Marinomonadaceae;g__Marinomonas;s__Marinomonas posidonica
GCF_000069785,RS_GCF_000069785.1,d__Bacteria;p__Proteobacteria;c__Gammaproteobacteria;o__Burkholderiales;f__Burkholderiaceae;g__Cupriavidus;s__Cupriavidus taiwanensis
GCF_014109765,RS_GCF_014109765.1,d__Bacteria;p__Proteobacteria;c__Gammaproteobacteria;o__Pseudomonadales;f__Pseudomonadaceae;g__Pseudomonas_E;s__Pseudomonas_E oleovorans_B
GCF_001512295,RS_GCF_001512295.1,d__Bacteria;p__Proteobacteria;c__Gammaproteobacteria;o__Pseudomonadales;f__Pseudomonadaceae;g__Pseudomonas_B;s__Pseudomonas_B sp001512295
GCF_904063065,RS_GCF_904063065.1,d__Bacteria;p__Proteobacteria;c__Gammaproteobacteria;o__Pseudomonadales;f__Pseudomonadaceae;g__Pseudomonas_E;s__Pseudomonas_E paraversuta
GCF_000498395,RS_GCF_000498395.2,d__Bacteria;p__Proteobacteria;c__Gammaproteobacteria;o__Pseudomonadales;f__Pseudomonadaceae;g__Pseudomonas_E;s__Pseudomonas_E putida_Q
GCF_001305595,RS_GCF_001305595.1,d__Bacteria;p__Proteobacteria;c__Alphaproteobacteria;o__Azospirillales;f__Azospirillaceae;g__Azospirillum;s__Azospirillum thiophilum
GCF_003116035,RS_GCF_003116035.1,d__Bacteria;p__Proteobacteria;c__Alphaproteobacteria;o__Azospirillales;f__Azospirillaceae;g__Azospirillum;s__Azospirillum sp003116035
GCF_013523055,RS_GCF_013523055.1,d__Bacteria;p__Proteobacteria;c__Gammaproteobacteria;o__Pseudomonadales;f__Pseudomonadaceae;g__Pseudomonas_E;s__Pseudomonas_E capeferrum_A
GCF_000829415,RS_GCF_000829415.1,d__Bacteria;p__Proteobacteria;c__Gammaproteobacteria;o__Pseudomonadales;f__Pseudomonadaceae;g__Pseudomonas_E;s__Pseudomonas_E sp000829415
GCA_000497835,GB_GCA_000497835.1,d__Bacteria;p__Proteobacteria;c__Gammaproteobacteria;o__Pseudomonadales;f__Pseudomonadaceae;g__Pseudomonas_E;s__Pseudomonas_E sp000497835
GCF_013395055,RS_GCF_013395055.1,d__Bacteria;p__Proteobacteria;c__Gammaproteobacteria;o__Pseudomonadales;f__Pseudomonadaceae;g__Pseudomonas_Q;s__Pseudomonas_Q sp013395055
GCF_000026105,RS_GCF_000026105.1,d__Bacteria;p__Proteobacteria;c__Gammaproteobacteria;o__Pseudomonadales;f__Pseudomonadaceae;g__Pseudomonas_E;s__Pseudomonas_E entomophila
GCF_018417635,RS_GCF_018417635.1,d__Bacteria;p__Proteobacteria;c__Gammaproteobacteria;o__Pseudomonadales;f__Pseudomonadaceae;g__Pseudomonas_E;s__Pseudomonas_E sp900101695
GCF_000746525,RS_GCF_000746525.1,d__Bacteria;p__Proteobacteria;c__Gammaproteobacteria;o__Pseudomonadales;f__Pseudomonadaceae;g__Pseudomonas_E;s__Pseudomonas_E alkylphenolica
GCF_019139835,RS_GCF_019139835.1,d__Bacteria;p__Proteobacteria;c__Gammaproteobacteria;o__Pseudomonadales;f__Pseudomonadaceae;g__Pseudomonas_E;s__Pseudomonas_E sp019139835
GCF_001636055,RS_GCF_001636055.1,d__Bacteria;p__Proteobacteria;c__Gammaproteobacteria;o__Pseudomonadales;f__Pseudomonadaceae;g__Pseudomonas_E;s__Pseudomonas_E putida_B
GCF_000019225,RS_GCF_000019225.1,d__Bacteria;p__Proteobacteria;c__Gammaproteobacteria;o__Pseudomonadales;f__Cellvibrionaceae;g__Cellvibrio;s__Cellvibrio japonicus
GCF_000380335,RS_GCF_000380335.1,d__Bacteria;p__Proteobacteria;c__Gammaproteobacteria;o__Pseudomonadales;f__Pseudomonadaceae;g__Azotobacter;s__Azotobacter vinelandii
GCA_002163245,GB_GCA_002163245.1,d__Bacteria;p__Proteobacteria;c__Gammaproteobacteria;o__Pseudomonadales;f__Ketobacteraceae;g__42-54-T18;s__42-54-T18 sp002163245
GCF_012767755,RS_GCF_012767755.2,d__Bacteria;p__Proteobacteria;c__Gammaproteobacteria;o__Pseudomonadales;f__Pseudomonadaceae;g__Pseudomonas_F;s__Pseudomonas_F sp003234055
GCA_900475325,GB_GCA_900475325.1,d__Bacteria;p__Proteobacteria;c__Gammaproteobacteria;o__Pseudomonadales;f__Pseudomonadaceae;g__Pseudomonas_E;s__Pseudomonas_E sp900475325
GCF_003626995,RS_GCF_003626995.1,d__Bacteria;p__Proteobacteria;c__Gammaproteobacteria;o__Pseudomonadales;f__Pseudomonadaceae;g__Pseudomonas_E;s__Pseudomonas_E fluorescens_BA
GCF_002934065,RS_GCF_002934065.1,d__Bacteria;p__Proteobacteria;c__Gammaproteobacteria;o__Pseudomonadales;f__Pseudomonadaceae;g__Pseudomonas_E;s__Pseudomonas_E orientalis_A
GCF_002843605,RS_GCF_002843605.1,d__Bacteria;p__Proteobacteria;c__Gammaproteobacteria;o__Pseudomonadales;f__Pseudomonadaceae;g__Pseudomonas_E;s__Pseudomonas_E sp002843605
GCF_018325905,RS_GCF_018325905.1,d__Bacteria;p__Proteobacteria;c__Gammaproteobacteria;o__Pseudomonadales;f__Pseudomonadaceae;g__Pseudomonas_E;s__Pseudomonas_E sp018325905
GCF_001547895,RS_GCF_001547895.1,d__Bacteria;p__Proteobacteria;c__Gammaproteobacteria;o__Pseudomonadales;f__Pseudomonadaceae;g__Pseudomonas_E;s__Pseudomonas_E sp001547895
GCF_000397205,RS_GCF_000397205.1,d__Bacteria;p__Proteobacteria;c__Gammaproteobacteria;o__Pseudomonadales;f__Pseudomonadaceae;g__Pseudomonas_E;s__Pseudomonas_E protegens
GCF_000282195,RS_GCF_000282195.1,d__Bacteria;p__Proteobacteria;c__Gammaproteobacteria;o__Pseudomonadales;f__Pseudomonadaceae;g__Pseudomonas_E;s__Pseudomonas_E sp000282195
GCF_000282455,RS_GCF_000282455.1,d__Bacteria;p__Proteobacteria;c__Gammaproteobacteria;o__Pseudomonadales;f__Pseudomonadaceae;g__Pseudomonas_E;s__Pseudomonas_E sp000282455
GCA_019200975,GB_GCA_019200975.1,d__Bacteria;p__Proteobacteria;c__Gammaproteobacteria;o__Pseudomonadales;f__Pseudomonadaceae;g__Pseudomonas_E;s__Pseudomonas_E sp019200975
GCF_016651305,RS_GCF_016651305.1,d__Bacteria;p__Proteobacteria;c__Gammaproteobacteria;o__Pseudomonadales;f__Pseudomonadaceae;g__Pseudomonas_E;s__Pseudomonas_E sp016651305
GCF_018326005,RS_GCF_018326005.1,d__Bacteria;p__Proteobacteria;c__Gammaproteobacteria;o__Pseudomonadales;f__Pseudomonadaceae;g__Pseudomonas_E;s__Pseudomonas_E sp002901475
GCA_902825215,GB_GCA_902825215.1,d__Bacteria;p__Proteobacteria;c__Gammaproteobacteria;o__Pseudomonadales;f__Pseudomonadaceae;g__Pseudomonas_E;s__Pseudomonas_E fluorescens_G
GCF_000264455,RS_GCF_000264455.2,d__Bacteria;p__Proteobacteria;c__Alphaproteobacteria;o__Tistrellales;f__Tistrellaceae;g__Tistrella;s__Tistrella mobilis
GCF_000515255,RS_GCF_000515255.1,d__Bacteria;p__Proteobacteria;c__Alphaproteobacteria;o__Kiloniellales;f__Rhodovibrionaceae;g__Rhodovibrio;s__Rhodovibrio salinarum
GCF_011806385,RS_GCF_011806385.1,d__Bacteria;p__Proteobacteria;c__Alphaproteobacteria;o__Rhodobacterales;f__Rhodobacteraceae;g__Epibacterium;s__Epibacterium sp011806385
GCF_003003215,RS_GCF_003003215.1,d__Bacteria;p__Proteobacteria;c__Alphaproteobacteria;o__Rhodobacterales;f__Rhodobacteraceae;g__Epibacterium;s__Epibacterium scottomollicae
GCF_000444995,RS_GCF_000444995.1,d__Bacteria;p__Proteobacteria;c__Alphaproteobacteria;o__Rhodobacterales;f__Rhodobacteraceae;g__Paracoccus;s__Paracoccus aminophilus
GCA_018798885,GB_GCA_018798885.1,d__Bacteria;p__Proteobacteria;c__Alphaproteobacteria;o__Rhodobacterales;f__Rhodobacteraceae;g__Gemmobacter;s__Gemmobacter sp018798885
GCF_014490725,RS_GCF_014490725.1,d__Bacteria;p__Proteobacteria;c__Alphaproteobacteria;o__Rhodobacterales;f__Rhodobacteraceae;g__Paracoccus;s__Paracoccus amoyensis
GCF_003663825,RS_GCF_003663825.1,d__Bacteria;p__Proteobacteria;c__Gammaproteobacteria;o__Burkholderiales;f__Burkholderiaceae;g__Acidovorax;s__Acidovorax sp003663825
GCA_003970805,GB_GCA_003970805.2,d__Bacteria;p__Proteobacteria;c__Gammaproteobacteria;o__Burkholderiales;f__Burkholderiaceae;g__Undibacterium;s__Undibacterium piscinae
GCF_003416895,RS_GCF_003416895.1,d__Bacteria;p__Proteobacteria;c__Gammaproteobacteria;o__Burkholderiales;f__Burkholderiaceae;g__Duganella;s__Duganella sp003416895
GCF_003416985,RS_GCF_003416985.1,d__Bacteria;p__Proteobacteria;c__Gammaproteobacteria;o__Burkholderiales;f__Burkholderiaceae;g__Duganella;s__Duganella sp003416985
GCA_000017645,GB_GCA_000017645.1,d__Bacteria;p__Proteobacteria;c__Alphaproteobacteria;o__Rhizobiales;f__Xanthobacteraceae;g__Xanthobacter;s__Xanthobacter autotrophicus
GCF_001422885,RS_GCF_001422885.1,d__Bacteria;p__Proteobacteria;c__Alphaproteobacteria;o__Rhizobiales;f__Beijerinckiaceae;g__Methylobacterium;s__Methylobacterium sp001422885
GCF_000372825,RS_GCF_000372825.1,d__Bacteria;p__Proteobacteria;c__Alphaproteobacteria;o__Rhizobiales;f__Beijerinckiaceae;g__Methylobacterium;s__Methylobacterium sp000372825
GCF_016864375,RS_GCF_016864375.1,d__Bacteria;p__Proteobacteria;c__Alphaproteobacteria;o__Rhizobiales;f__Beijerinckiaceae;g__Microvirga;s__Microvirga sp016864375
GCF_900094575,RS_GCF_900094575.1,d__Bacteria;p__Proteobacteria;c__Alphaproteobacteria;o__Rhizobiales;f__Xanthobacteraceae;g__Bradyrhizobium;s__Bradyrhizobium yuanmingense
GCF_000015165,RS_GCF_000015165.1,d__Bacteria;p__Proteobacteria;c__Alphaproteobacteria;o__Rhizobiales;f__Xanthobacteraceae;g__Bradyrhizobium;s__Bradyrhizobium denitrificans
GCF_000423185,RS_GCF_000423185.1,d__Bacteria;p__Proteobacteria;c__Alphaproteobacteria;o__DSM-16000;f__Inquilinaceae;g__Inquilinus;s__Inquilinus limosus
GCA_003241695,GB_GCA_003241695.1,d__Bacteria;p__Proteobacteria;c__Alphaproteobacteria;o__Rhizobiales;f__Methylopilaceae;g__Hansschlegelia;s__Hansschlegelia sp003241695
GCF_902459705,RS_GCF_902459705.1,d__Bacteria;p__Proteobacteria;c__Gammaproteobacteria;o__Burkholderiales;f__Burkholderiaceae;g__Pandoraea;s__Pandoraea terrigena
GCF_012033695,RS_GCF_012033695.1,d__Bacteria;p__Proteobacteria;c__Gammaproteobacteria;o__Pseudomonadales;f__Pseudomonadaceae;g__Pseudomonas_E;s__Pseudomonas_E quercus
GCF_900142905,RS_GCF_900142905.1,d__Bacteria;p__Proteobacteria;c__Gammaproteobacteria;o__Burkholderiales;f__Burkholderiaceae;g__Paraburkholderia;s__Paraburkholderia sp900142905
GCF_014200455,RS_GCF_014200455.1,d__Bacteria;p__Proteobacteria;c__Gammaproteobacteria;o__Burkholderiales;f__Burkholderiaceae;g__Paraburkholderia;s__Paraburkholderia bannensis_A
GCF_014199935,RS_GCF_014199935.1,d__Bacteria;p__Proteobacteria;c__Alphaproteobacteria;o__Rhizobiales;f__Beijerinckiaceae;g__Methylobacterium;s__Methylobacterium rhodinum
GCF_000020045,RS_GCF_000020045.1,d__Bacteria;p__Proteobacteria;c__Gammaproteobacteria;o__Burkholderiales;f__Burkholderiaceae;g__Paraburkholderia;s__Paraburkholderia phymatum
GCF_009455625,RS_GCF_009455625.1,d__Bacteria;p__Proteobacteria;c__Gammaproteobacteria;o__Burkholderiales;f__Burkholderiaceae;g__Paraburkholderia;s__Paraburkholderia bonniea
GCF_000012945,RS_GCF_000012945.1,d__Bacteria;p__Proteobacteria;c__Gammaproteobacteria;o__Burkholderiales;f__Burkholderiaceae;g__Burkholderia;s__Burkholderia lata
GCF_000203915,RS_GCF_000203915.1,d__Bacteria;p__Proteobacteria;c__Gammaproteobacteria;o__Burkholderiales;f__Burkholderiaceae;g__Burkholderia;s__Burkholderia ambifaria
GCF_000011705,RS_GCF_000011705.1,d__Bacteria;p__Proteobacteria;c__Gammaproteobacteria;o__Burkholderiales;f__Burkholderiaceae;g__Burkholderia;s__Burkholderia mallei
GCA_001544595,GB_GCA_001544595.2,d__Bacteria;p__Proteobacteria;c__Gammaproteobacteria;o__Burkholderiales;f__Burkholderiaceae;g__Caballeronia;s__Caballeronia peredens
GCF_001557535,RS_GCF_001557535.2,d__Bacteria;p__Proteobacteria;c__Gammaproteobacteria;o__Burkholderiales;f__Burkholderiaceae;g__Caballeronia;s__Caballeronia sp001557535
GCF_000013645,RS_GCF_000013645.1,d__Bacteria;p__Proteobacteria;c__Gammaproteobacteria;o__Burkholderiales;f__Burkholderiaceae;g__Paraburkholderia;s__Paraburkholderia xenovorans
GCF_902833645,RS_GCF_902833645.1,d__Bacteria;p__Proteobacteria;c__Gammaproteobacteria;o__Burkholderiales;f__Burkholderiaceae;g__Paraburkholderia;s__Paraburkholderia fungorum
GCF_000016565,RS_GCF_000016565.1,d__Bacteria;p__Proteobacteria;c__Gammaproteobacteria;o__Pseudomonadales;f__Pseudomonadaceae;g__Pseudomonas_E;s__Pseudomonas_E mendocina_A
GCA_002338065,GB_GCA_002338065.1,d__Bacteria;p__Proteobacteria;c__Gammaproteobacteria;o__Pseudomonadales;f__Pseudomonadaceae;g__Pseudomonas_E;s__Pseudomonas_E sp002338065
GCF_001709345,RS_GCF_001709345.1,d__Bacteria;p__Proteobacteria;c__Gammaproteobacteria;o__Pseudomonadales;f__Halomonadaceae;g__Terasakiispira;s__Terasakiispira papahanaumokuakeensis
GCF_016917355,RS_GCF_016917355.1,d__Bacteria;p__Proteobacteria;c__Gammaproteobacteria;o__Burkholderiales;f__Burkholderiaceae;g__Glaciimonas;s__Glaciimonas sp016917355
GCF_013314895,RS_GCF_013314895.1,d__Bacteria;p__Proteobacteria;c__Gammaproteobacteria;o__Burkholderiales;f__Burkholderiaceae;g__Cupriavidus;s__Cupriavidus gilardii_C
GCF_008693385,RS_GCF_008693385.1,d__Bacteria;p__Proteobacteria;c__Gammaproteobacteria;o__Burkholderiales;f__Burkholderiaceae;g__Cupriavidus;s__Cupriavidus pauculus_D
GCF_009363155,RS_GCF_009363155.1,d__Bacteria;p__Proteobacteria;c__Gammaproteobacteria;o__Pseudomonadales;f__Pseudomonadaceae;g__Azotobacter;s__Azotobacter salinestris
GCF_900156545,RS_GCF_900156545.1,d__Bacteria;p__Proteobacteria;c__Gammaproteobacteria;o__Pseudomonadales;f__Pseudomonadaceae;g__Pseudomonas_E;s__Pseudomonas_E alcaligenes_A
GCF_000024725,RS_GCF_000024725.1,d__Bacteria;p__Proteobacteria;c__Gammaproteobacteria;o__Nitrosococcales;f__Nitrosococcaceae;g__Nitrosococcus;s__Nitrosococcus halophilus
GCF_000009365,RS_GCF_000009365.1,d__Bacteria;p__Proteobacteria;c__Gammaproteobacteria;o__Pseudomonadales;f__Alcanivoracaceae;g__Alcanivorax;s__Alcanivorax borkumensis
GCA_000953735,GB_GCA_000953735.1,d__Bacteria;p__Proteobacteria;c__Gammaproteobacteria;o__Enterobacterales;f__Moritellaceae;g__Moritella;s__Moritella viscosa
GCF_003259225,RS_GCF_003259225.1,d__Bacteria;p__Proteobacteria;c__Gammaproteobacteria;o__Pseudomonadales;f__Marinomonadaceae;g__Marinomonas;s__Marinomonas arctica
GCF_005144905,RS_GCF_005144905.1,d__Bacteria;p__Proteobacteria;c__Gammaproteobacteria;o__Enterobacterales;f__Vibrionaceae;g__Vibrio;s__Vibrio cyclitrophicus
GCF_000176135,RS_GCF_000176135.1,d__Bacteria;p__Proteobacteria;c__Gammaproteobacteria;o__Enterobacterales;f__Vibrionaceae;g__Vibrio;s__Vibrio coralliilyticus
GCF_000467125,RS_GCF_000467125.1,d__Bacteria;p__Proteobacteria;c__Gammaproteobacteria;o__Enterobacterales;f__Vibrionaceae;g__Vibrio;s__Vibrio proteolyticus
GCF_001482385,RS_GCF_001482385.1,d__Bacteria;p__Proteobacteria;c__Gammaproteobacteria;o__Enterobacterales;f__Alteromonadaceae;g__Pseudoalteromonas;s__Pseudoalteromonas rubra_B
GCF_001865675,RS_GCF_001865675.1,d__Bacteria;p__Proteobacteria;c__Gammaproteobacteria;o__Burkholderiales;f__Burkholderiaceae;g__Janthinobacterium;s__Janthinobacterium sp001865675
GCF_002119665,RS_GCF_002119665.1,d__Bacteria;p__Proteobacteria;c__Gammaproteobacteria;o__Burkholderiales;f__Burkholderiaceae;g__Bordetella_B;s__Bordetella_B sp002119665
GCF_000426345,RS_GCF_000426345.1,d__Bacteria;p__Proteobacteria;c__Gammaproteobacteria;o__Burkholderiales;f__Burkholderiaceae;g__Cupriavidus;s__Cupriavidus sp000426345
GCF_004923295,RS_GCF_004923295.1,d__Bacteria;p__Proteobacteria;c__Alphaproteobacteria;o__Azospirillales;f__Azospirillaceae;g__Azospirillum;s__Azospirillum sp003115975
GCF_000730165,RS_GCF_000730165.1,d__Bacteria;p__Proteobacteria;c__Alphaproteobacteria;o__Azospirillales;f__Azospirillaceae;g__Nitrospirillum;s__Nitrospirillum amazonense
GCF_003892345,RS_GCF_003892345.1,d__Bacteria;p__Proteobacteria;c__Gammaproteobacteria;o__Burkholderiales;f__Burkholderiaceae;g__Lautropia;s__Lautropia dentalis
GCF_001191005,RS_GCF_001191005.1,d__Bacteria;p__Proteobacteria;c__Gammaproteobacteria;o__Burkholderiales;f__Burkholderiaceae;g__Pseudoduganella;s__Pseudoduganella sp001191005
GCF_001425265,RS_GCF_001425265.1,d__Bacteria;p__Proteobacteria;c__Gammaproteobacteria;o__Burkholderiales;f__Burkholderiaceae;g__Pseudoduganella;s__Pseudoduganella sp001425265
GCF_001040945,RS_GCF_001040945.1,d__Bacteria;p__Proteobacteria;c__Gammaproteobacteria;o__Burkholderiales;f__Burkholderiaceae;g__Herbaspirillum;s__Herbaspirillum seropedicae
GCF_000261365,RS_GCF_000261365.1,d__Bacteria;p__Proteobacteria;c__Gammaproteobacteria;o__Burkholderiales;f__Burkholderiaceae;g__Herbaspirillum;s__Herbaspirillum sp000261365
GCF_002257565,RS_GCF_002257565.1,d__Bacteria;p__Proteobacteria;c__Gammaproteobacteria;o__Burkholderiales;f__Burkholderiaceae;g__Herbaspirillum;s__Herbaspirillum sp002257565
GCF_009936375,RS_GCF_009936375.1,d__Bacteria;p__Proteobacteria;c__Alphaproteobacteria;o__Rhizobiales;f__Beijerinckiaceae;g__Methylosinus;s__Methylosinus sp009936375
GCA_019112875,GB_GCA_019112875.1,d__Bacteria;p__Proteobacteria;c__Gammaproteobacteria;o__Burkholderiales;f__Burkholderiaceae;g__Aquabacterium;s__Aquabacterium excrementipullorum
GCF_902859625,RS_GCF_902859625.1,d__Bacteria;p__Proteobacteria;c__Gammaproteobacteria;o__Burkholderiales;f__Burkholderiaceae;g__Achromobacter;s__Achromobacter pestifer
GCF_000299335,RS_GCF_000299335.2,d__Bacteria;p__Proteobacteria;c__Gammaproteobacteria;o__Pseudomonadales;f__Alcanivoracaceae;g__Alcanivorax_A;s__Alcanivorax_A pacificus
GCF_009846755,RS_GCF_009846755.1,d__Bacteria;p__Proteobacteria;c__Gammaproteobacteria;o__Pseudomonadales;f__Alcanivoracaceae;g__Alcanivorax_A;s__Alcanivorax_A sp009846755
GCF_003031405,RS_GCF_003031405.1,d__Bacteria;p__Proteobacteria;c__Gammaproteobacteria;o__Pseudomonadales;f__Halomonadaceae;g__Halomonas;s__Halomonas sp003031405
GCF_010977575,RS_GCF_010977575.1,d__Bacteria;p__Proteobacteria;c__Gammaproteobacteria;o__Pseudomonadales;f__Halomonadaceae;g__Halomonas_B;s__Halomonas_B socia
GCF_001676705,RS_GCF_001676705.1,d__Bacteria;p__Proteobacteria;c__Gammaproteobacteria;o__Burkholderiales;f__Burkholderiaceae;g__Bordetella_C;s__Bordetella_C bronchialis
GCF_001269985,RS_GCF_001269985.1,d__Bacteria;p__Proteobacteria;c__Gammaproteobacteria;o__Enterobacterales;f__Alteromonadaceae;g__Pseudoalteromonas;s__Pseudoalteromonas sp001269985
GCF_002850255,RS_GCF_002850255.1,d__Bacteria;p__Proteobacteria;c__Gammaproteobacteria;o__Enterobacterales;f__Alteromonadaceae;g__Pseudoalteromonas;s__Pseudoalteromonas sp002850255
GCF_000764185,RS_GCF_000764185.1,d__Bacteria;p__Proteobacteria;c__Gammaproteobacteria;o__Enterobacterales;f__Alteromonadaceae;g__Colwellia;s__Colwellia psychrerythraea_B
GCA_003056245,GB_GCA_003056245.1,d__Bacteria;p__Proteobacteria;c__Gammaproteobacteria;o__Pseudomonadales;f__Cellvibrionaceae;g__Cellvibrio;s__Cellvibrio sp003056245
GCF_014904815,RS_GCF_014904815.1,d__Bacteria;p__Proteobacteria;c__Gammaproteobacteria;o__Pseudomonadales;f__Cellvibrionaceae;g__Microbulbifer;s__Microbulbifer taiwanensis
GCF_000310225,RS_GCF_000310225.1,d__Bacteria;p__Proteobacteria;c__Gammaproteobacteria;o__Burkholderiales;f__Rhodocyclaceae;g__Thauera;s__Thauera phenylacetica
GCF_900078705,RS_GCF_900078705.1,d__Bacteria;p__Proteobacteria;c__Gammaproteobacteria;o__Burkholderiales;f__Burkholderiaceae;g__Bordetella_B;s__Bordetella_B ansorpii_A
GCA_013821425,GB_GCA_013821425.1,d__Bacteria;p__Proteobacteria;c__Gammaproteobacteria;o__Burkholderiales;f__Nitrosomonadaceae;g__Nitrosospira;s__Nitrosospira sp013821425
GCA_015709635,GB_GCA_015709635.1,d__Bacteria;p__Proteobacteria;c__Gammaproteobacteria;o__Burkholderiales;f__Nitrosomonadaceae;g__Nitrosomonas;s__Nitrosomonas sp015709635
GCF_002105195,RS_GCF_002105195.1,d__Bacteria;p__Proteobacteria;c__Gammaproteobacteria;o__Burkholderiales;f__Burkholderiaceae;g__Derxia;s__Derxia lacustris
GCF_900113225,RS_GCF_900113225.1,d__Bacteria;p__Proteobacteria;c__Gammaproteobacteria;o__Burkholderiales;f__Burkholderiaceae;g__Mitsuaria;s__Mitsuaria sp900113225
GCF_001591345,RS_GCF_001591345.1,d__Bacteria;p__Proteobacteria;c__Gammaproteobacteria;o__Burkholderiales;f__Burkholderiaceae;g__Variovorax;s__Variovorax boronicumulans
GCF_016806145,RS_GCF_016806145.1,d__Bacteria;p__Proteobacteria;c__Gammaproteobacteria;o__Burkholderiales;f__Burkholderiaceae;g__Variovorax;s__Variovorax sp900115375
GCF_000463015,RS_GCF_000463015.1,d__Bacteria;p__Proteobacteria;c__Gammaproteobacteria;o__Burkholderiales;f__Burkholderiaceae;g__Variovorax;s__Variovorax paradoxus_E
GCF_000176855,RS_GCF_000176855.2,d__Bacteria;p__Proteobacteria;c__Gammaproteobacteria;o__Burkholderiales;f__Burkholderiaceae;g__Acidovorax_A;s__Acidovorax_A avenae
GCF_014489535,RS_GCF_014489535.1,d__Bacteria;p__Proteobacteria;c__Gammaproteobacteria;o__Burkholderiales;f__Burkholderiaceae;g__Diaphorobacter_A;s__Diaphorobacter_A aerolatus
GCF_000184745,RS_GCF_000184745.1,d__Bacteria;p__Proteobacteria;c__Gammaproteobacteria;o__Burkholderiales;f__Burkholderiaceae;g__Variovorax;s__Variovorax paradoxus_C
GCF_009498455,RS_GCF_009498455.1,d__Bacteria;p__Proteobacteria;c__Gammaproteobacteria;o__Burkholderiales;f__Burkholderiaceae;g__Variovorax;s__Variovorax paradoxus_H
GCF_900109745,RS_GCF_900109745.1,d__Bacteria;p__Proteobacteria;c__Gammaproteobacteria;o__Burkholderiales;f__Burkholderiaceae;g__Roseateles;s__Roseateles sp900109745
GCF_002205645,RS_GCF_002205645.1,d__Bacteria;p__Proteobacteria;c__Gammaproteobacteria;o__Burkholderiales;f__Burkholderiaceae;g__Mitsuaria;s__Mitsuaria aquatilis
GCF_008033135,RS_GCF_008033135.1,d__Bacteria;p__Proteobacteria;c__Gammaproteobacteria;o__Burkholderiales;f__Chitinibacteraceae;g__Chitinolyticbacter;s__Chitinolyticbacter meiyuanensis
GCF_013408655,RS_GCF_013408655.1,d__Bacteria;p__Proteobacteria;c__Gammaproteobacteria;o__Burkholderiales;f__Burkholderiaceae;g__Pigmentiphaga;s__Pigmentiphaga litoralis_A
GCF_002116905,RS_GCF_002116905.1,d__Bacteria;p__Proteobacteria;c__Gammaproteobacteria;o__Burkholderiales;f__Burkholderiaceae;g__Rhizobacter;s__Rhizobacter gummiphilus
GCF_003953935,RS_GCF_003953935.1,d__Bacteria;p__Proteobacteria;c__Gammaproteobacteria;o__Burkholderiales;f__Burkholderiaceae;g__Massilia;s__Massilia atriviolacea
GCF_000165835,RS_GCF_000165835.1,d__Bacteria;p__Proteobacteria;c__Gammaproteobacteria;o__Burkholderiales;f__Burkholderiaceae;g__Achromobacter;s__Achromobacter xylosoxidans_B
GCF_000335815,RS_GCF_000335815.1,d__Bacteria;p__Proteobacteria;c__Gammaproteobacteria;o__Burkholderiales;f__Burkholderiaceae;g__Duganella;s__Duganella sp000335815
GCF_011305995,RS_GCF_011305995.1,d__Bacteria;p__Proteobacteria;c__Gammaproteobacteria;o__Burkholderiales;f__Burkholderiaceae;g__Diaphorobacter_A;s__Diaphorobacter_A sp011305995
GCF_002752655,RS_GCF_002752655.1,d__Bacteria;p__Proteobacteria;c__Alphaproteobacteria;o__Rhizobiales;f__Beijerinckiaceae;g__Methylosinus;s__Methylosinus trichosporium
