Pattern,Match,domain,phyla,class,order,family,genus,species,phyla_color,class_color,order_color,family_color,genus_color,species_color
GCF_014230465,RS_GCF_014230465.1,d__Bacteria,p__Proteobacteria,c__Gammaproteobacteria,o__Pseudomonadales,f__Pseudomonadaceae,g__Pseudomonas_E,s__Pseudomonas_E cremoris,#D6A8E0,#0271AF,#5C5633,#FEDA7C,#6446AB,#D368AA
GCF_018417635,RS_GCF_018417635.1,d__Bacteria,p__Proteobacteria,c__Gammaproteobacteria,o__Pseudomonadales,f__Pseudomonadaceae,g__Pseudomonas_E,s__Pseudomonas_E sp900101695,#D6A8E0,#0271AF,#5C5633,#FEDA7C,#6446AB,#106377
GCF_000026105,RS_GCF_000026105.1,d__Bacteria,p__Proteobacteria,c__Gammaproteobacteria,o__Pseudomonadales,f__Pseudomonadaceae,g__Pseudomonas_E,s__Pseudomonas_E entomophila,#D6A8E0,#0271AF,#5C5633,#FEDA7C,#6446AB,#B2DE54
GCF_000019445,RS_GCF_000019445.1,d__Bacteria,p__Proteobacteria,c__Gammaproteobacteria,o__Pseudomonadales,f__Pseudomonadaceae,g__Pseudomonas_E,s__Pseudomonas_E putida_E,#D6A8E0,#0271AF,#5C5633,#FEDA7C,#6446AB,#14F86A
GCF_001636055,RS_GCF_001636055.1,d__Bacteria,p__Proteobacteria,c__Gammaproteobacteria,o__Pseudomonadales,f__Pseudomonadaceae,g__Pseudomonas_E,s__Pseudomonas_E putida_B,#D6A8E0,#0271AF,#5C5633,#FEDA7C,#6446AB,#6CCD4C
GCF_001534745,RS_GCF_001534745.1,d__Bacteria,p__Proteobacteria,c__Gammaproteobacteria,o__Pseudomonadales,f__Pseudomonadaceae,g__Pseudomonas_E,s__Pseudomonas_E monteilii_A,#D6A8E0,#0271AF,#5C5633,#FEDA7C,#6446AB,#931BE2
GCF_019139835,RS_GCF_019139835.1,d__Bacteria,p__Proteobacteria,c__Gammaproteobacteria,o__Pseudomonadales,f__Pseudomonadaceae,g__Pseudomonas_E,s__Pseudomonas_E sp019139835,#D6A8E0,#0271AF,#5C5633,#FEDA7C,#6446AB,#C92242
GCF_000397205,RS_GCF_000397205.1,d__Bacteria,p__Proteobacteria,c__Gammaproteobacteria,o__Pseudomonadales,f__Pseudomonadaceae,g__Pseudomonas_E,s__Pseudomonas_E protegens,#D6A8E0,#0271AF,#5C5633,#FEDA7C,#6446AB,#29491F
GCF_000829415,RS_GCF_000829415.1,d__Bacteria,p__Proteobacteria,c__Gammaproteobacteria,o__Pseudomonadales,f__Pseudomonadaceae,g__Pseudomonas_E,s__Pseudomonas_E sp000829415,#D6A8E0,#0271AF,#5C5633,#FEDA7C,#6446AB,#7B0597
GCF_000412675,RS_GCF_000412675.1,d__Bacteria,p__Proteobacteria,c__Gammaproteobacteria,o__Pseudomonadales,f__Pseudomonadaceae,g__Pseudomonas_E,s__Pseudomonas_E putida,#D6A8E0,#0271AF,#5C5633,#FEDA7C,#6446AB,#626C78
GCF_000380335,RS_GCF_000380335.1,d__Bacteria,p__Proteobacteria,c__Gammaproteobacteria,o__Pseudomonadales,f__Pseudomonadaceae,g__Azotobacter,s__Azotobacter vinelandii,#D6A8E0,#0271AF,#5C5633,#FEDA7C,#4C6972,#55D3F1
GCF_000019225,RS_GCF_000019225.1,d__Bacteria,p__Proteobacteria,c__Gammaproteobacteria,o__Pseudomonadales,f__Cellvibrionaceae,g__Cellvibrio,s__Cellvibrio japonicus,#D6A8E0,#0271AF,#5C5633,#C320EE,#A59CB7,#985012
GCF_000746525,RS_GCF_000746525.1,d__Bacteria,p__Proteobacteria,c__Gammaproteobacteria,o__Pseudomonadales,f__Pseudomonadaceae,g__Pseudomonas_E,s__Pseudomonas_E alkylphenolica,#D6A8E0,#0271AF,#5C5633,#FEDA7C,#6446AB,#AFF632
GCF_013395055,RS_GCF_013395055.1,d__Bacteria,p__Proteobacteria,c__Gammaproteobacteria,o__Pseudomonadales,f__Pseudomonadaceae,g__Pseudomonas_Q,s__Pseudomonas_Q sp013395055,#D6A8E0,#0271AF,#5C5633,#FEDA7C,#509750,#000EBA
GCF_013523055,RS_GCF_013523055.1,d__Bacteria,p__Proteobacteria,c__Gammaproteobacteria,o__Pseudomonadales,f__Pseudomonadaceae,g__Pseudomonas_E,s__Pseudomonas_E capeferrum_A,#D6A8E0,#0271AF,#5C5633,#FEDA7C,#6446AB,#2F53B6
GCF_005080685,RS_GCF_005080685.1,d__Bacteria,p__Proteobacteria,c__Gammaproteobacteria,o__Pseudomonadales,f__Pseudomonadaceae,g__Pseudomonas_E,s__Pseudomonas_E putida_V,#D6A8E0,#0271AF,#5C5633,#FEDA7C,#6446AB,#AE6FC6
GCA_000497835,GB_GCA_000497835.1,d__Bacteria,p__Proteobacteria,c__Gammaproteobacteria,o__Pseudomonadales,f__Pseudomonadaceae,g__Pseudomonas_E,s__Pseudomonas_E sp000497835,#D6A8E0,#0271AF,#5C5633,#FEDA7C,#6446AB,#4D9C60
GCF_012767755,RS_GCF_012767755.2,d__Bacteria,p__Proteobacteria,c__Gammaproteobacteria,o__Pseudomonadales,f__Pseudomonadaceae,g__Pseudomonas_F,s__Pseudomonas_F sp003234055,#D6A8E0,#0271AF,#5C5633,#FEDA7C,#826FC4,#9BEFEE
GCA_003428805,GB_GCA_003428805.1,d__Bacteria,p__Proteobacteria,c__Gammaproteobacteria,o__Pseudomonadales,f__Pseudomonadaceae,g__Pseudomonas_E,s__Pseudomonas_E sp003428805,#D6A8E0,#0271AF,#5C5633,#FEDA7C,#6446AB,#771C15
GCF_000282455,RS_GCF_000282455.1,d__Bacteria,p__Proteobacteria,c__Gammaproteobacteria,o__Pseudomonadales,f__Pseudomonadaceae,g__Pseudomonas_E,s__Pseudomonas_E sp000282455,#D6A8E0,#0271AF,#5C5633,#FEDA7C,#6446AB,#BD1F69
GCA_019200975,GB_GCA_019200975.1,d__Bacteria,p__Proteobacteria,c__Gammaproteobacteria,o__Pseudomonadales,f__Pseudomonadaceae,g__Pseudomonas_E,s__Pseudomonas_E sp019200975,#D6A8E0,#0271AF,#5C5633,#FEDA7C,#6446AB,#FDAA7F
GCF_016651305,RS_GCF_016651305.1,d__Bacteria,p__Proteobacteria,c__Gammaproteobacteria,o__Pseudomonadales,f__Pseudomonadaceae,g__Pseudomonas_E,s__Pseudomonas_E sp016651305,#D6A8E0,#0271AF,#5C5633,#FEDA7C,#6446AB,#810B3B
GCF_009866765,RS_GCF_009866765.1,d__Bacteria,p__Proteobacteria,c__Gammaproteobacteria,o__Pseudomonadales,f__Pseudomonadaceae,g__Pseudomonas_E,s__Pseudomonas_E sp009866765,#D6A8E0,#0271AF,#5C5633,#FEDA7C,#6446AB,#817461
GCF_000263715,RS_GCF_000263715.2,d__Bacteria,p__Proteobacteria,c__Gammaproteobacteria,o__Pseudomonadales,f__Pseudomonadaceae,g__Pseudomonas_E,s__Pseudomonas_E synxantha_A,#D6A8E0,#0271AF,#5C5633,#FEDA7C,#6446AB,#9A82B0
GCF_001708445,RS_GCF_001708445.1,d__Bacteria,p__Proteobacteria,c__Gammaproteobacteria,o__Pseudomonadales,f__Pseudomonadaceae,g__Pseudomonas_E,s__Pseudomonas_E fluorescens_AN,#D6A8E0,#0271AF,#5C5633,#FEDA7C,#6446AB,#3DDA57
GCF_001186335,RS_GCF_001186335.1,d__Bacteria,p__Proteobacteria,c__Gammaproteobacteria,o__Pseudomonadales,f__Pseudomonadaceae,g__Pseudomonas_E,s__Pseudomonas_E trivialis_B,#D6A8E0,#0271AF,#5C5633,#FEDA7C,#6446AB,#849521
GCF_003626995,RS_GCF_003626995.1,d__Bacteria,p__Proteobacteria,c__Gammaproteobacteria,o__Pseudomonadales,f__Pseudomonadaceae,g__Pseudomonas_E,s__Pseudomonas_E fluorescens_BA,#D6A8E0,#0271AF,#5C5633,#FEDA7C,#6446AB,#93D2C6
GCF_018326005,RS_GCF_018326005.1,d__Bacteria,p__Proteobacteria,c__Gammaproteobacteria,o__Pseudomonadales,f__Pseudomonadaceae,g__Pseudomonas_E,s__Pseudomonas_E sp002901475,#D6A8E0,#0271AF,#5C5633,#FEDA7C,#6446AB,#950124
GCF_000282195,RS_GCF_000282195.1,d__Bacteria,p__Proteobacteria,c__Gammaproteobacteria,o__Pseudomonadales,f__Pseudomonadaceae,g__Pseudomonas_E,s__Pseudomonas_E sp000282195,#D6A8E0,#0271AF,#5C5633,#FEDA7C,#6446AB,#BE17DF
GCF_018325905,RS_GCF_018325905.1,d__Bacteria,p__Proteobacteria,c__Gammaproteobacteria,o__Pseudomonadales,f__Pseudomonadaceae,g__Pseudomonas_E,s__Pseudomonas_E sp018325905,#D6A8E0,#0271AF,#5C5633,#FEDA7C,#6446AB,#94F132
GCA_902825215,GB_GCA_902825215.1,d__Bacteria,p__Proteobacteria,c__Gammaproteobacteria,o__Pseudomonadales,f__Pseudomonadaceae,g__Pseudomonas_E,s__Pseudomonas_E fluorescens_G,#D6A8E0,#0271AF,#5C5633,#FEDA7C,#6446AB,#2147DD
GCF_000800255,RS_GCF_000800255.1,d__Bacteria,p__Proteobacteria,c__Gammaproteobacteria,o__Pseudomonadales,f__Pseudomonadaceae,g__Pseudomonas_E,s__Pseudomonas_E parafulva_A,#D6A8E0,#0271AF,#5C5633,#FEDA7C,#6446AB,#0D4442
GCF_014268755,RS_GCF_014268755.2,d__Bacteria,p__Proteobacteria,c__Gammaproteobacteria,o__Pseudomonadales,f__Pseudomonadaceae,g__Pseudomonas_E,s__Pseudomonas_E sp014268755,#D6A8E0,#0271AF,#5C5633,#FEDA7C,#6446AB,#335028
GCF_001547895,RS_GCF_001547895.1,d__Bacteria,p__Proteobacteria,c__Gammaproteobacteria,o__Pseudomonadales,f__Pseudomonadaceae,g__Pseudomonas_E,s__Pseudomonas_E sp001547895,#D6A8E0,#0271AF,#5C5633,#FEDA7C,#6446AB,#EC4A27
GCA_900475325,GB_GCA_900475325.1,d__Bacteria,p__Proteobacteria,c__Gammaproteobacteria,o__Pseudomonadales,f__Pseudomonadaceae,g__Pseudomonas_E,s__Pseudomonas_E sp900475325,#D6A8E0,#0271AF,#5C5633,#FEDA7C,#6446AB,#0C4B57
GCA_002434265,GB_GCA_002434265.1,d__Bacteria,p__Proteobacteria,c__Gammaproteobacteria,o__Pseudomonadales,f__Pseudomonadaceae,g__Pseudomonas_E,s__Pseudomonas_E sp002434265,#D6A8E0,#0271AF,#5C5633,#FEDA7C,#6446AB,#CFBAF3
GCF_009176725,RS_GCF_009176725.1,d__Bacteria,p__Proteobacteria,c__Gammaproteobacteria,o__Pseudomonadales,f__Pseudomonadaceae,g__Pseudomonas_E,s__Pseudomonas_E syringae_M,#D6A8E0,#0271AF,#5C5633,#FEDA7C,#6446AB,#52025E
