Pattern,Match,domain,phyla,class,order,family,genus,species,phyla_color,class_color,order_color,family_color,genus_color,species_color
GCF_001547895,RS_GCF_001547895.1,d__Bacteria,p__Proteobacteria,c__Gammaproteobacteria,o__Pseudomonadales,f__Pseudomonadaceae,g__Pseudomonas_E,s__Pseudomonas_E sp001547895,#97DC5C,#9F8B58,#58BC14,#3B0043,#C86290,#45BEB5
GCF_003626995,RS_GCF_003626995.1,d__Bacteria,p__Proteobacteria,c__Gammaproteobacteria,o__Pseudomonadales,f__Pseudomonadaceae,g__Pseudomonas_E,s__Pseudomonas_E fluorescens_BA,#97DC5C,#9F8B58,#58BC14,#3B0043,#C86290,#2D7DD2
GCF_001708445,RS_GCF_001708445.1,d__Bacteria,p__Proteobacteria,c__Gammaproteobacteria,o__Pseudomonadales,f__Pseudomonadaceae,g__Pseudomonas_E,s__Pseudomonas_E fluorescens_AN,#97DC5C,#9F8B58,#58BC14,#3B0043,#C86290,#ECCDD8
GCF_001186335,RS_GCF_001186335.1,d__Bacteria,p__Proteobacteria,c__Gammaproteobacteria,o__Pseudomonadales,f__Pseudomonadaceae,g__Pseudomonas_E,s__Pseudomonas_E trivialis_B,#97DC5C,#9F8B58,#58BC14,#3B0043,#C86290,#A892B5
GCF_000263715,RS_GCF_000263715.2,d__Bacteria,p__Proteobacteria,c__Gammaproteobacteria,o__Pseudomonadales,f__Pseudomonadaceae,g__Pseudomonas_E,s__Pseudomonas_E synxantha_A,#97DC5C,#9F8B58,#58BC14,#3B0043,#C86290,#75719E
GCF_009866765,RS_GCF_009866765.1,d__Bacteria,p__Proteobacteria,c__Gammaproteobacteria,o__Pseudomonadales,f__Pseudomonadaceae,g__Pseudomonas_E,s__Pseudomonas_E sp009866765,#97DC5C,#9F8B58,#58BC14,#3B0043,#C86290,#89341D
GCF_018326005,RS_GCF_018326005.1,d__Bacteria,p__Proteobacteria,c__Gammaproteobacteria,o__Pseudomonadales,f__Pseudomonadaceae,g__Pseudomonas_E,s__Pseudomonas_E sp002901475,#97DC5C,#9F8B58,#58BC14,#3B0043,#C86290,#766B61
GCF_000282195,RS_GCF_000282195.1,d__Bacteria,p__Proteobacteria,c__Gammaproteobacteria,o__Pseudomonadales,f__Pseudomonadaceae,g__Pseudomonas_E,s__Pseudomonas_E sp000282195,#97DC5C,#9F8B58,#58BC14,#3B0043,#C86290,#4B7367
GCF_018325905,RS_GCF_018325905.1,d__Bacteria,p__Proteobacteria,c__Gammaproteobacteria,o__Pseudomonadales,f__Pseudomonadaceae,g__Pseudomonas_E,s__Pseudomonas_E sp018325905,#97DC5C,#9F8B58,#58BC14,#3B0043,#C86290,#753228
GCA_902825215,GB_GCA_902825215.1,d__Bacteria,p__Proteobacteria,c__Gammaproteobacteria,o__Pseudomonadales,f__Pseudomonadaceae,g__Pseudomonas_E,s__Pseudomonas_E fluorescens_G,#97DC5C,#9F8B58,#58BC14,#3B0043,#C86290,#D1D03E
GCA_019200975,GB_GCA_019200975.1,d__Bacteria,p__Proteobacteria,c__Gammaproteobacteria,o__Pseudomonadales,f__Pseudomonadaceae,g__Pseudomonas_E,s__Pseudomonas_E sp019200975,#97DC5C,#9F8B58,#58BC14,#3B0043,#C86290,#F6FF5C
GCF_016651305,RS_GCF_016651305.1,d__Bacteria,p__Proteobacteria,c__Gammaproteobacteria,o__Pseudomonadales,f__Pseudomonadaceae,g__Pseudomonas_E,s__Pseudomonas_E sp016651305,#97DC5C,#9F8B58,#58BC14,#3B0043,#C86290,#FFAA89
GCF_000282455,RS_GCF_000282455.1,d__Bacteria,p__Proteobacteria,c__Gammaproteobacteria,o__Pseudomonadales,f__Pseudomonadaceae,g__Pseudomonas_E,s__Pseudomonas_E sp000282455,#97DC5C,#9F8B58,#58BC14,#3B0043,#C86290,#E597CC
GCF_014268755,RS_GCF_014268755.2,d__Bacteria,p__Proteobacteria,c__Gammaproteobacteria,o__Pseudomonadales,f__Pseudomonadaceae,g__Pseudomonas_E,s__Pseudomonas_E sp014268755,#97DC5C,#9F8B58,#58BC14,#3B0043,#C86290,#593E9C
GCF_009176725,RS_GCF_009176725.1,d__Bacteria,p__Proteobacteria,c__Gammaproteobacteria,o__Pseudomonadales,f__Pseudomonadaceae,g__Pseudomonas_E,s__Pseudomonas_E syringae_M,#97DC5C,#9F8B58,#58BC14,#3B0043,#C86290,#A0A7C4
GCF_014230465,RS_GCF_014230465.1,d__Bacteria,p__Proteobacteria,c__Gammaproteobacteria,o__Pseudomonadales,f__Pseudomonadaceae,g__Pseudomonas_E,s__Pseudomonas_E cremoris,#97DC5C,#9F8B58,#58BC14,#3B0043,#C86290,#4265A2
GCA_900475325,GB_GCA_900475325.1,d__Bacteria,p__Proteobacteria,c__Gammaproteobacteria,o__Pseudomonadales,f__Pseudomonadaceae,g__Pseudomonas_E,s__Pseudomonas_E sp900475325,#97DC5C,#9F8B58,#58BC14,#3B0043,#C86290,#3C883C
GCF_000019445,RS_GCF_000019445.1,d__Bacteria,p__Proteobacteria,c__Gammaproteobacteria,o__Pseudomonadales,f__Pseudomonadaceae,g__Pseudomonas_E,s__Pseudomonas_E putida_E,#97DC5C,#9F8B58,#58BC14,#3B0043,#C86290,#D029F1
GCF_000412675,RS_GCF_000412675.1,d__Bacteria,p__Proteobacteria,c__Gammaproteobacteria,o__Pseudomonadales,f__Pseudomonadaceae,g__Pseudomonas_E,s__Pseudomonas_E putida,#97DC5C,#9F8B58,#58BC14,#3B0043,#C86290,#FB84DF
GCF_000746525,RS_GCF_000746525.1,d__Bacteria,p__Proteobacteria,c__Gammaproteobacteria,o__Pseudomonadales,f__Pseudomonadaceae,g__Pseudomonas_E,s__Pseudomonas_E alkylphenolica,#97DC5C,#9F8B58,#58BC14,#3B0043,#C86290,#48422A
GCF_016861355,RS_GCF_016861355.1,d__Bacteria,p__Proteobacteria,c__Gammaproteobacteria,o__Pseudomonadales,f__Pseudomonadaceae,g__Pseudomonas_E,s__Pseudomonas_E sp001259595,#97DC5C,#9F8B58,#58BC14,#3B0043,#C86290,#B5FBDD
GCF_001534745,RS_GCF_001534745.1,d__Bacteria,p__Proteobacteria,c__Gammaproteobacteria,o__Pseudomonadales,f__Pseudomonadaceae,g__Pseudomonas_E,s__Pseudomonas_E monteilii_A,#97DC5C,#9F8B58,#58BC14,#3B0043,#C86290,#8038C5
GCF_012767755,RS_GCF_012767755.2,d__Bacteria,p__Proteobacteria,c__Gammaproteobacteria,o__Pseudomonadales,f__Pseudomonadaceae,g__Pseudomonas_F,s__Pseudomonas_F sp003234055,#97DC5C,#9F8B58,#58BC14,#3B0043,#AFC220,#A0EBF1
GCA_003428805,GB_GCA_003428805.1,d__Bacteria,p__Proteobacteria,c__Gammaproteobacteria,o__Pseudomonadales,f__Pseudomonadaceae,g__Pseudomonas_E,s__Pseudomonas_E sp003428805,#97DC5C,#9F8B58,#58BC14,#3B0043,#C86290,#D8F305
GCF_000397205,RS_GCF_000397205.1,d__Bacteria,p__Proteobacteria,c__Gammaproteobacteria,o__Pseudomonadales,f__Pseudomonadaceae,g__Pseudomonas_E,s__Pseudomonas_E protegens,#97DC5C,#9F8B58,#58BC14,#3B0043,#C86290,#B62F18
GCF_000019225,RS_GCF_000019225.1,d__Bacteria,p__Proteobacteria,c__Gammaproteobacteria,o__Pseudomonadales,f__Cellvibrionaceae,g__Cellvibrio,s__Cellvibrio japonicus,#97DC5C,#9F8B58,#58BC14,#D600C4,#986DC2,#AC6E83
GCF_013395055,RS_GCF_013395055.1,d__Bacteria,p__Proteobacteria,c__Gammaproteobacteria,o__Pseudomonadales,f__Pseudomonadaceae,g__Pseudomonas_Q,s__Pseudomonas_Q sp013395055,#97DC5C,#9F8B58,#58BC14,#3B0043,#412437,#935384
GCF_000829415,RS_GCF_000829415.1,d__Bacteria,p__Proteobacteria,c__Gammaproteobacteria,o__Pseudomonadales,f__Pseudomonadaceae,g__Pseudomonas_E,s__Pseudomonas_E sp000829415,#97DC5C,#9F8B58,#58BC14,#3B0043,#C86290,#0946BE
GCF_000380335,RS_GCF_000380335.1,d__Bacteria,p__Proteobacteria,c__Gammaproteobacteria,o__Pseudomonadales,f__Pseudomonadaceae,g__Azotobacter,s__Azotobacter vinelandii,#97DC5C,#9F8B58,#58BC14,#3B0043,#0FC3D4,#695BF6
GCF_013523055,RS_GCF_013523055.1,d__Bacteria,p__Proteobacteria,c__Gammaproteobacteria,o__Pseudomonadales,f__Pseudomonadaceae,g__Pseudomonas_E,s__Pseudomonas_E capeferrum_A,#97DC5C,#9F8B58,#58BC14,#3B0043,#C86290,#E12C0F
GCF_005080685,RS_GCF_005080685.1,d__Bacteria,p__Proteobacteria,c__Gammaproteobacteria,o__Pseudomonadales,f__Pseudomonadaceae,g__Pseudomonas_E,s__Pseudomonas_E putida_V,#97DC5C,#9F8B58,#58BC14,#3B0043,#C86290,#D5D177
GCA_000497835,GB_GCA_000497835.1,d__Bacteria,p__Proteobacteria,c__Gammaproteobacteria,o__Pseudomonadales,f__Pseudomonadaceae,g__Pseudomonas_E,s__Pseudomonas_E sp000497835,#97DC5C,#9F8B58,#58BC14,#3B0043,#C86290,#66EB6C
