Pattern,Match,domain,phyla,class,order,family,genus,species,phyla_color,class_color,order_color,family_color,genus_color,species_color
GCA_001017435,GB_GCA_001017435.1,d__Bacteria,p__Proteobacteria,c__Gammaproteobacteria,o__Burkholderiales,f__Burkholderiaceae,g__Polyangium_A,s__Polyangium_A brachysporum,#7D6D4C,#883FAD,#BDD1CA,#B4646F,#EFAA1A,#8FE53B
GCF_000427445,RS_GCF_000427445.1,d__Bacteria,p__Proteobacteria,c__Alphaproteobacteria,o__Rhizobiales,f__Beijerinckiaceae,g__Methylocella,s__Methylocella acidiphila,#7D6D4C,#0BCEFF,#C66B2F,#B40DA6,#B71FFE,#F0F1DF
GCA_004564215,GB_GCA_004564215.1,d__Bacteria,p__Proteobacteria,c__Alphaproteobacteria,o__Rhizobiales,f__Beijerinckiaceae,g__Methylocella,s__Methylocella sp004564215,#7D6D4C,#0BCEFF,#C66B2F,#B40DA6,#B71FFE,#F3F4F7
GCF_000746085,RS_GCF_000746085.1,d__Bacteria,p__Proteobacteria,c__Alphaproteobacteria,o__Rhizobiales,f__Beijerinckiaceae,g__Methylocella,s__Methylocella aurea,#7D6D4C,#0BCEFF,#C66B2F,#B40DA6,#B71FFE,#637C63
GCF_900114285,RS_GCF_900114285.1,d__Bacteria,p__Proteobacteria,c__Alphaproteobacteria,o__Rhizobiales,f__Beijerinckiaceae,g__Methylocella,s__Methylocella palsarum,#7D6D4C,#0BCEFF,#C66B2F,#B40DA6,#B71FFE,#D960F9
GCA_013178375,GB_GCA_013178375.1,d__Bacteria,p__Proteobacteria,c__Gammaproteobacteria,o__Pseudomonadales,f__Ketobacteraceae,g__Ch67,s__Ch67 sp013178375,#7D6D4C,#883FAD,#0D3AD6,#49614C,#512647,#544620
GCF_900113905,RS_GCF_900113905.1,d__Bacteria,p__Proteobacteria,c__Gammaproteobacteria,o__Pseudomonadales,f__Pseudomonadaceae,g__Pseudomonas_E,s__Pseudomonas_E argentinensis,#7D6D4C,#883FAD,#0D3AD6,#56C152,#C18D32,#69DD83
GCA_002354735,GB_GCA_002354735.1,d__Bacteria,p__Proteobacteria,c__Gammaproteobacteria,o__Pseudomonadales,f__Oleiphilaceae,g__UBA2679,s__UBA2679 sp002354735,#7D6D4C,#883FAD,#0D3AD6,#5F7969,#76FFB6,#404800
GCF_002752675,RS_GCF_002752675.1,d__Bacteria,p__Proteobacteria,c__Gammaproteobacteria,o__Burkholderiales,f__Burkholderiaceae,g__Massilia,s__Massilia violaceinigra,#7D6D4C,#883FAD,#BDD1CA,#B4646F,#C792A5,#5CA5BA
GCF_002356535,RS_GCF_002356535.2,d__Bacteria,p__Proteobacteria,c__Gammaproteobacteria,o__Pseudomonadales,f__Pseudomonadaceae,g__Pseudomonas_E,s__Pseudomonas_E sp002356535,#7D6D4C,#883FAD,#0D3AD6,#56C152,#C18D32,#6858B0
GCF_018325905,RS_GCF_018325905.1,d__Bacteria,p__Proteobacteria,c__Gammaproteobacteria,o__Pseudomonadales,f__Pseudomonadaceae,g__Pseudomonas_E,s__Pseudomonas_E sp018325905,#7D6D4C,#883FAD,#0D3AD6,#56C152,#C18D32,#AEB126
GCF_003033885,RS_GCF_003033885.1,d__Bacteria,p__Proteobacteria,c__Gammaproteobacteria,o__Pseudomonadales,f__Pseudomonadaceae,g__Pseudomonas_E,s__Pseudomonas_E sp003033885,#7D6D4C,#883FAD,#0D3AD6,#56C152,#C18D32,#997E04
GCF_900105355,RS_GCF_900105355.1,d__Bacteria,p__Proteobacteria,c__Gammaproteobacteria,o__Pseudomonadales,f__Pseudomonadaceae,g__Pseudomonas_E,s__Pseudomonas_E anguilliseptica,#7D6D4C,#883FAD,#0D3AD6,#56C152,#C18D32,#94CE3F
GCF_000281895,RS_GCF_000281895.1,d__Bacteria,p__Proteobacteria,c__Gammaproteobacteria,o__Pseudomonadales,f__Pseudomonadaceae,g__Pseudomonas_E,s__Pseudomonas_E fluorescens_S,#7D6D4C,#883FAD,#0D3AD6,#56C152,#C18D32,#2BBB65
GCF_004138485,RS_GCF_004138485.1,d__Bacteria,p__Proteobacteria,c__Gammaproteobacteria,o__Steroidobacterales,f__Steroidobacteraceae,g__Steroidobacter_A,s__Steroidobacter_A soli,#7D6D4C,#883FAD,#2C685D,#6A0BFF,#071E80,#8E9E20
GCF_000153205,RS_GCF_000153205.1,d__Bacteria,p__Proteobacteria,c__Gammaproteobacteria,o__Nitrococcales,f__Nitrococcaceae,g__Nitrococcus,s__Nitrococcus mobilis,#7D6D4C,#883FAD,#A7FFD4,#553702,#1FABB4,#5D8BBC
GCF_000498395,RS_GCF_000498395.2,d__Bacteria,p__Proteobacteria,c__Gammaproteobacteria,o__Pseudomonadales,f__Pseudomonadaceae,g__Pseudomonas_E,s__Pseudomonas_E putida_Q,#7D6D4C,#883FAD,#0D3AD6,#56C152,#C18D32,#3A5206
GCF_000282455,RS_GCF_000282455.1,d__Bacteria,p__Proteobacteria,c__Gammaproteobacteria,o__Pseudomonadales,f__Pseudomonadaceae,g__Pseudomonas_E,s__Pseudomonas_E sp000282455,#7D6D4C,#883FAD,#0D3AD6,#56C152,#C18D32,#D63904
GCF_018417635,RS_GCF_018417635.1,d__Bacteria,p__Proteobacteria,c__Gammaproteobacteria,o__Pseudomonadales,f__Pseudomonadaceae,g__Pseudomonas_E,s__Pseudomonas_E sp900101695,#7D6D4C,#883FAD,#0D3AD6,#56C152,#C18D32,#8D38A9
GCF_001547895,RS_GCF_001547895.1,d__Bacteria,p__Proteobacteria,c__Gammaproteobacteria,o__Pseudomonadales,f__Pseudomonadaceae,g__Pseudomonas_E,s__Pseudomonas_E sp001547895,#7D6D4C,#883FAD,#0D3AD6,#56C152,#C18D32,#5E4DA4
GCF_000026105,RS_GCF_000026105.1,d__Bacteria,p__Proteobacteria,c__Gammaproteobacteria,o__Pseudomonadales,f__Pseudomonadaceae,g__Pseudomonas_E,s__Pseudomonas_E entomophila,#7D6D4C,#883FAD,#0D3AD6,#56C152,#C18D32,#63F464
GCF_000829415,RS_GCF_000829415.1,d__Bacteria,p__Proteobacteria,c__Gammaproteobacteria,o__Pseudomonadales,f__Pseudomonadaceae,g__Pseudomonas_E,s__Pseudomonas_E sp000829415,#7D6D4C,#883FAD,#0D3AD6,#56C152,#C18D32,#5DDB5B
