Pattern,Match,domain;phyla;class;order;family;genus;species
GCA_001017435,GB_GCA_001017435.1,d__Bacteria;p__Proteobacteria;c__Gammaproteobacteria;o__Burkholderiales;f__Burkholderiaceae;g__Polyangium_A;s__Polyangium_A brachysporum
GCF_000427445,RS_GCF_000427445.1,d__Bacteria;p__Proteobacteria;c__Alphaproteobacteria;o__Rhizobiales;f__Beijerinckiaceae;g__Methylocella;s__Methylocella acidiphila
GCA_004564215,GB_GCA_004564215.1,d__Bacteria;p__Proteobacteria;c__Alphaproteobacteria;o__Rhizobiales;f__Beijerinckiaceae;g__Methylocella;s__Methylocella sp004564215
GCF_000746085,RS_GCF_000746085.1,d__Bacteria;p__Proteobacteria;c__Alphaproteobacteria;o__Rhizobiales;f__Beijerinckiaceae;g__Methylocella;s__Methylocella aurea
GCF_900114285,RS_GCF_900114285.1,d__Bacteria;p__Proteobacteria;c__Alphaproteobacteria;o__Rhizobiales;f__Beijerinckiaceae;g__Methylocella;s__Methylocella palsarum
GCA_013178375,GB_GCA_013178375.1,d__Bacteria;p__Proteobacteria;c__Gammaproteobacteria;o__Pseudomonadales;f__Ketobacteraceae;g__Ch67;s__Ch67 sp013178375
GCF_900113905,RS_GCF_900113905.1,d__Bacteria;p__Proteobacteria;c__Gammaproteobacteria;o__Pseudomonadales;f__Pseudomonadaceae;g__Pseudomonas_E;s__Pseudomonas_E argentinensis
GCA_002354735,GB_GCA_002354735.1,d__Bacteria;p__Proteobacteria;c__Gammaproteobacteria;o__Pseudomonadales;f__Oleiphilaceae;g__UBA2679;s__UBA2679 sp002354735
GCF_002752675,RS_GCF_002752675.1,d__Bacteria;p__Proteobacteria;c__Gammaproteobacteria;o__Burkholderiales;f__Burkholderiaceae;g__Massilia;s__Massilia violaceinigra
GCF_002356535,RS_GCF_002356535.2,d__Bacteria;p__Proteobacteria;c__Gammaproteobacteria;o__Pseudomonadales;f__Pseudomonadaceae;g__Pseudomonas_E;s__Pseudomonas_E sp002356535
GCF_018325905,RS_GCF_018325905.1,d__Bacteria;p__Proteobacteria;c__Gammaproteobacteria;o__Pseudomonadales;f__Pseudomonadaceae;g__Pseudomonas_E;s__Pseudomonas_E sp018325905
GCF_003033885,RS_GCF_003033885.1,d__Bacteria;p__Proteobacteria;c__Gammaproteobacteria;o__Pseudomonadales;f__Pseudomonadaceae;g__Pseudomonas_E;s__Pseudomonas_E sp003033885
GCF_900105355,RS_GCF_900105355.1,d__Bacteria;p__Proteobacteria;c__Gammaproteobacteria;o__Pseudomonadales;f__Pseudomonadaceae;g__Pseudomonas_E;s__Pseudomonas_E anguilliseptica
GCF_000281895,RS_GCF_000281895.1,d__Bacteria;p__Proteobacteria;c__Gammaproteobacteria;o__Pseudomonadales;f__Pseudomonadaceae;g__Pseudomonas_E;s__Pseudomonas_E fluorescens_S
GCF_004138485,RS_GCF_004138485.1,d__Bacteria;p__Proteobacteria;c__Gammaproteobacteria;o__Steroidobacterales;f__Steroidobacteraceae;g__Steroidobacter_A;s__Steroidobacter_A soli
GCF_000153205,RS_GCF_000153205.1,d__Bacteria;p__Proteobacteria;c__Gammaproteobacteria;o__Nitrococcales;f__Nitrococcaceae;g__Nitrococcus;s__Nitrococcus mobilis
GCF_000498395,RS_GCF_000498395.2,d__Bacteria;p__Proteobacteria;c__Gammaproteobacteria;o__Pseudomonadales;f__Pseudomonadaceae;g__Pseudomonas_E;s__Pseudomonas_E putida_Q
GCF_000282455,RS_GCF_000282455.1,d__Bacteria;p__Proteobacteria;c__Gammaproteobacteria;o__Pseudomonadales;f__Pseudomonadaceae;g__Pseudomonas_E;s__Pseudomonas_E sp000282455
GCF_018417635,RS_GCF_018417635.1,d__Bacteria;p__Proteobacteria;c__Gammaproteobacteria;o__Pseudomonadales;f__Pseudomonadaceae;g__Pseudomonas_E;s__Pseudomonas_E sp900101695
GCF_001547895,RS_GCF_001547895.1,d__Bacteria;p__Proteobacteria;c__Gammaproteobacteria;o__Pseudomonadales;f__Pseudomonadaceae;g__Pseudomonas_E;s__Pseudomonas_E sp001547895
GCF_000026105,RS_GCF_000026105.1,d__Bacteria;p__Proteobacteria;c__Gammaproteobacteria;o__Pseudomonadales;f__Pseudomonadaceae;g__Pseudomonas_E;s__Pseudomonas_E entomophila
GCF_000829415,RS_GCF_000829415.1,d__Bacteria;p__Proteobacteria;c__Gammaproteobacteria;o__Pseudomonadales;f__Pseudomonadaceae;g__Pseudomonas_E;s__Pseudomonas_E sp000829415
