Pattern,Match,domain,phyla,class,order,family,genus,species,phyla_color,class_color,order_color,family_color,genus_color,species_color
GCF_009495745,RS_GCF_009495745.1,d__Bacteria,p__Proteobacteria,c__Alphaproteobacteria,o__Azospirillales,f__Azospirillaceae,g__Niveispirillum,s__Niveispirillum sp009495745,#408827,#282779,#4A475C,#3CA5CC,#177437,#6AAFD2
GCF_000294655,RS_GCF_000294655.1,d__Bacteria,p__Proteobacteria,c__Alphaproteobacteria,o__Rhodospirillales,f__Magnetospirillaceae,g__Phaeospirillum,s__Phaeospirillum molischianum,#408827,#282779,#A466E0,#038AD7,#74E386,#A2F86B
GCF_004343155,RS_GCF_004343155.1,d__Bacteria,p__Proteobacteria,c__Gammaproteobacteria,o__Chromatiales,f__Chromatiaceae,g__Marichromatium,s__Marichromatium gracile,#408827,#2BB6AC,#CF3703,#A64FB4,#E566CE,#911E9F
GCF_000224005,RS_GCF_000224005.2,d__Bacteria,p__Proteobacteria,c__Gammaproteobacteria,o__Chromatiales,f__Chromatiaceae,g__Marichromatium,s__Marichromatium purpuratum,#408827,#2BB6AC,#CF3703,#A64FB4,#E566CE,#93FD99
GCF_900187975,RS_GCF_900187975.1,d__Bacteria,p__Proteobacteria,c__Gammaproteobacteria,o__Pseudomonadales,f__Pseudomonadaceae,g__Pseudomonas,s__Pseudomonas delhiensis,#408827,#2BB6AC,#B934AC,#5F59C8,#1C57CF,#3D1799
GCF_013385985,RS_GCF_013385985.1,d__Bacteria,p__Proteobacteria,c__Gammaproteobacteria,o__Pseudomonadales,f__Pseudomonadaceae,g__Pseudomonas_E,s__Pseudomonas_E sp013385985,#408827,#2BB6AC,#B934AC,#5F59C8,#F93A22,#D29113
GCF_008710095,RS_GCF_008710095.1,d__Bacteria,p__Proteobacteria,c__Gammaproteobacteria,o__Enterobacterales,f__Enterobacteriaceae,g__Affinibrenneria,s__Affinibrenneria salicis,#408827,#2BB6AC,#50DF49,#621F18,#B7E908,#71EBB7
GCF_902498995,RS_GCF_902498995.1,d__Bacteria,p__Proteobacteria,c__Gammaproteobacteria,o__Burkholderiales,f__Burkholderiaceae,g__Burkholderia,s__Burkholderia anthina,#408827,#2BB6AC,#76CF6B,#254635,#1604A5,#0C221A
GCF_002848345,RS_GCF_002848345.1,d__Bacteria,p__Proteobacteria,c__Gammaproteobacteria,o__Burkholderiales,f__Chromobacteriaceae,g__Chromobacterium,s__Chromobacterium sp002848345,#408827,#2BB6AC,#76CF6B,#BAAF4D,#209E3D,#808054
GCF_000759535,RS_GCF_000759535.1,d__Bacteria,p__Proteobacteria,c__Gammaproteobacteria,o__Pseudomonadales,f__Pseudomonadaceae,g__Pseudomonas_E,s__Pseudomonas_E cremoricolorata_A,#408827,#2BB6AC,#B934AC,#5F59C8,#F93A22,#08AB48
GCF_002332255,RS_GCF_002332255.1,d__Bacteria,p__Proteobacteria,c__Gammaproteobacteria,o__Pseudomonadales,f__Halomonadaceae,g__Halomonas,s__Halomonas sp002332255,#408827,#2BB6AC,#B934AC,#BA4F37,#F9E950,#EEDAA2
GCF_014647635,RS_GCF_014647635.1,d__Bacteria,p__Proteobacteria,c__Gammaproteobacteria,o__Pseudomonadales,f__Pseudomonadaceae,g__Pseudomonas_P,s__Pseudomonas_P matsuisoli,#408827,#2BB6AC,#B934AC,#5F59C8,#A920D1,#A04DFA
GCF_002002905,RS_GCF_002002905.1,d__Bacteria,p__Proteobacteria,c__Gammaproteobacteria,o__Burkholderiales,f__Aquaspirillaceae,g__Rivicola,s__Rivicola sp002002905,#408827,#2BB6AC,#76CF6B,#6BBCDE,#1EA125,#D7290E
GCF_000260965,RS_GCF_000260965.1,d__Bacteria,p__Proteobacteria,c__Gammaproteobacteria,o__Nitrosococcales,f__Methylophagaceae,g__Methylophaga,s__Methylophaga frappieri,#408827,#2BB6AC,#DA16BC,#87AE61,#4F28B5,#422D5E
GCF_002265265,RS_GCF_002265265.1,d__Bacteria,p__Proteobacteria,c__Gammaproteobacteria,o__Enterobacterales,f__Vibrionaceae,g__Photobacterium,s__Photobacterium sanguinicancri,#408827,#2BB6AC,#50DF49,#302E60,#0315A4,#6AF40A
GCF_013403875,RS_GCF_013403875.1,d__Bacteria,p__Proteobacteria,c__Gammaproteobacteria,o__Burkholderiales,f__Burkholderiaceae,g__Burkholderia,s__Burkholderia guangdongensis,#408827,#2BB6AC,#76CF6B,#254635,#1604A5,#40F4F5
GCF_017498525,RS_GCF_017498525.1,d__Bacteria,p__Proteobacteria,c__Gammaproteobacteria,o__Burkholderiales,f__Burkholderiaceae,g__Ottowia,s__Ottowia sp017498525,#408827,#2BB6AC,#76CF6B,#254635,#E602A3,#30CD66
GCF_000418325,RS_GCF_000418325.1,d__Bacteria,p__Myxococcota,c__Polyangia,o__Polyangiales,f__Polyangiaceae,g__Sorangium,s__Sorangium cellulosum_D,#1F5CDF,#9582FF,#17F69A,#FE9922,#70B1FB,#C47BA1
GCF_003991975,RS_GCF_003991975.1,d__Bacteria,p__Proteobacteria,c__Gammaproteobacteria,o__Pseudomonadales,f__Pseudomonadaceae,g__Entomomonas,s__Entomomonas moraniae,#408827,#2BB6AC,#B934AC,#5F59C8,#C0ADE0,#0AD291
GCF_001693435,RS_GCF_001693435.1,d__Bacteria,p__Proteobacteria,c__Gammaproteobacteria,o__Enterobacterales,f__Enterobacteriaceae,g__Gilliamella,s__Gilliamella apicola_N,#408827,#2BB6AC,#50DF49,#621F18,#F2A655,#6940F5
GCF_000196255,RS_GCF_000196255.1,d__Bacteria,p__Proteobacteria,c__Gammaproteobacteria,o__Enterobacterales,f__Vibrionaceae,g__Photobacterium,s__Photobacterium profundum_A,#408827,#2BB6AC,#50DF49,#302E60,#0315A4,#CCC7E6
GCA_013214905,GB_GCA_013214905.1,d__Bacteria,p__Proteobacteria,c__Gammaproteobacteria,o__Enterobacterales,f__Psychrobiaceae,g__Psychrobium,s__Psychrobium sp013214905,#408827,#2BB6AC,#50DF49,#269DDF,#C228A0,#0070C8
GCF_900637055,RS_GCF_900637055.1,d__Bacteria,p__Firmicutes,c__Bacilli,o__Brevibacillales,f__Brevibacillaceae,g__Brevibacillus,s__Brevibacillus brevis,#DDA570,#30F5A4,#D8B411,#2ADC16,#E5FAA8,#1CBA49
GCF_000175795,RS_GCF_000175795.2,d__Bacteria,p__Firmicutes_A,c__Clostridia,o__Acetivibrionales,f__DSM-27016,g__Ruminiclostridium,s__Ruminiclostridium papyrosolvens,#21435D,#C70308,#76FDDF,#0EBEAE,#3A3C12,#4F9A86
GCF_007830295,RS_GCF_007830295.1,d__Bacteria,p__Firmicutes_C,c__Negativicutes,o__Sporomusales,f__Sporomusaceae,g__Sporomusa,s__Sporomusa sp007830295,#684278,#1CDFEA,#11DF58,#1D5342,#0B9783,#C64F38
GCF_000024205,RS_GCF_000024205.1,d__Bacteria,p__Firmicutes_B,c__Desulfotomaculia,o__Desulfotomaculales,f__Desulfofarciminaceae,g__Desulfofarcimen,s__Desulfofarcimen acetoxidans,#A59F31,#DD07C8,#B510C1,#2C0572,#7D715F,#9552D2
GCF_000445445,RS_GCF_000445445.1,d__Bacteria,p__Firmicutes_C,c__Negativicutes,o__Sporomusales,f__Sporomusaceae,g__Sporomusa,s__Sporomusa ovata,#684278,#1CDFEA,#11DF58,#1D5342,#0B9783,#23617F
GCF_003966895,RS_GCF_003966895.1,d__Bacteria,p__Firmicutes_C,c__Negativicutes,o__Sporomusales,f__Sporomusaceae,g__Methylomusa,s__Methylomusa anaerophila,#684278,#1CDFEA,#11DF58,#1D5342,#E66457,#CD8172
GCF_900112775,RS_GCF_900112775.1,d__Bacteria,p__Firmicutes_A,c__Clostridia,o__Lachnospirales,f__Lachnospiraceae,g__Clostridium_AI,s__Clostridium_AI populeti,#21435D,#C70308,#91FE4C,#3BE5E5,#C8714E,#FFE5AC
GCF_000816085,RS_GCF_000816085.1,d__Bacteria,p__Firmicutes,c__Bacilli,o__Staphylococcales,f__Staphylococcaceae,g__Staphylococcus,s__Staphylococcus hyicus,#DDA570,#30F5A4,#8B7AF4,#CE1B3E,#94E661,#9D39CF
GCF_003862475,RS_GCF_003862475.1,d__Bacteria,p__Firmicutes_A,c__Clostridia,o__Lachnospirales,f__Lachnospiraceae,g__Lachnoanaerobaculum,s__Lachnoanaerobaculum gingivalis,#21435D,#C70308,#91FE4C,#3BE5E5,#0B5BC4,#DF13CB
GCF_900445265,RS_GCF_900445265.1,d__Bacteria,p__Firmicutes_A,c__Clostridia,o__Tissierellales,f__Peptoniphilaceae,g__Anaerococcus,s__Anaerococcus octavius,#21435D,#C70308,#FF17B5,#A776C8,#4B9D25,#F80FDD
GCF_000321005,RS_GCF_000321005.1,d__Bacteria,p__Firmicutes_A,c__Clostridia,o__Tissierellales,f__Peptoniphilaceae,g__Anaerococcus,s__Anaerococcus senegalensis,#21435D,#C70308,#FF17B5,#A776C8,#4B9D25,#2046E8
GCF_000473995,RS_GCF_000473995.1,d__Bacteria,p__Firmicutes_A,c__Clostridia,o__Clostridiales,f__Clostridiaceae,g__Clostridium,s__Clostridium saccharobutylicum,#21435D,#C70308,#482ED9,#781EB1,#356D55,#66F3A2
GCF_003208175,RS_GCF_003208175.1,d__Bacteria,p__Firmicutes_A,c__Clostridia,o__Acetivibrionales,f__DSM-27016,g__Ruminiclostridium,s__Ruminiclostridium sufflavum,#21435D,#C70308,#76FDDF,#0EBEAE,#3A3C12,#9B1693
GCF_001404335,RS_GCF_001404335.1,d__Bacteria,p__Firmicutes_A,c__Clostridia,o__Lachnospirales,f__Lachnospiraceae,g__Muricomes,s__Muricomes contortus_B,#21435D,#C70308,#91FE4C,#3BE5E5,#23141C,#CF80ED
GCF_000021925,RS_GCF_000021925.1,d__Bacteria,p__Firmicutes_B,c__Desulfitobacteriia,o__Desulfitobacteriales,f__Desulfitobacteriaceae,g__Desulfitobacterium,s__Desulfitobacterium hafniense,#A59F31,#3D55B4,#90AA16,#5D1006,#CC8BBC,#C9FEFB
GCF_000350485,RS_GCF_000350485.1,d__Bacteria,p__Firmicutes_A,c__Clostridia,o__Acetivibrionales,f__DSM-27016,g__Ruminiclostridium,s__Ruminiclostridium termitidis,#21435D,#C70308,#76FDDF,#0EBEAE,#3A3C12,#4BAA1B
GCF_015163655,RS_GCF_015163655.1,d__Bacteria,p__Proteobacteria,c__Gammaproteobacteria,o__Enterobacterales,f__Enterobacteriaceae,g__Xenorhabdus,s__Xenorhabdus griffiniae,#408827,#2BB6AC,#50DF49,#621F18,#0A2D1E,#DF1E02
GCF_003343245,RS_GCF_003343245.1,d__Bacteria,p__Proteobacteria,c__Gammaproteobacteria,o__Enterobacterales,f__Enterobacteriaceae,g__Photorhabdus,s__Photorhabdus laumondii,#408827,#2BB6AC,#50DF49,#621F18,#E0B23F,#0F7171
GCF_002632485,RS_GCF_002632485.1,d__Bacteria,p__Proteobacteria,c__Gammaproteobacteria,o__Enterobacterales,f__Enterobacteriaceae,g__Xenorhabdus,s__Xenorhabdus innexi,#408827,#2BB6AC,#50DF49,#621F18,#0A2D1E,#39C215
GCF_000292345,RS_GCF_000292345.1,d__Bacteria,p__Proteobacteria,c__Gammaproteobacteria,o__Burkholderiales,f__Burkholderiaceae,g__Cupriavidus,s__Cupriavidus sp000292345,#408827,#2BB6AC,#76CF6B,#254635,#419B18,#BD14D7
GCF_001043955,RS_GCF_001043955.1,d__Bacteria,p__Proteobacteria,c__Alphaproteobacteria,o__Rhizobiales,f__Beijerinckiaceae,g__Methylobacterium,s__Methylobacterium tarhaniae,#408827,#282779,#8F19D2,#9F751A,#77FC81,#34277F
GCF_000015565,RS_GCF_000015565.1,d__Bacteria,p__Proteobacteria,c__Gammaproteobacteria,o__Burkholderiales,f__Burkholderiaceae,g__Acidovorax,s__Acidovorax eiseniae,#408827,#2BB6AC,#76CF6B,#254635,#A3EFC7,#D35873
GCF_009455685,RS_GCF_009455685.1,d__Bacteria,p__Proteobacteria,c__Gammaproteobacteria,o__Burkholderiales,f__Burkholderiaceae,g__Paraburkholderia,s__Paraburkholderia hayleyella,#408827,#2BB6AC,#76CF6B,#254635,#BAE1CB,#B9A4E4
GCF_000175935,RS_GCF_000175935.2,d__Bacteria,p__Proteobacteria,c__Gammaproteobacteria,o__Enterobacterales,f__Enterobacteriaceae,g__Pantoea,s__Pantoea sp000175935,#408827,#2BB6AC,#50DF49,#621F18,#350C42,#B3537A
GCF_001598295,RS_GCF_001598295.1,d__Bacteria,p__Proteobacteria,c__Gammaproteobacteria,o__Enterobacterales,f__Enterobacteriaceae,g__Klebsiella,s__Klebsiella ornithinolytica,#408827,#2BB6AC,#50DF49,#621F18,#BA5BC7,#375710
GCA_016864895,GB_GCA_016864895.1,d__Bacteria,p__Proteobacteria,c__Gammaproteobacteria,o__Burkholderiales,f__Neisseriaceae,g__QFNR01,s__QFNR01 sp016864895,#408827,#2BB6AC,#76CF6B,#9591E3,#A66210,#DA39A9
GCF_001653135,RS_GCF_001653135.1,d__Bacteria,p__Proteobacteria,c__Gammaproteobacteria,o__Enterobacterales,f__Alteromonadaceae,g__Pseudoalteromonas,s__Pseudoalteromonas neustonica,#408827,#2BB6AC,#50DF49,#6C0D29,#DF0BBF,#7CB4B9
GCF_002007605,RS_GCF_002007605.1,d__Bacteria,p__Proteobacteria,c__Gammaproteobacteria,o__Pseudomonadales,f__Cellvibrionaceae,g__Cellvibrio,s__Cellvibrio sp002007605,#408827,#2BB6AC,#B934AC,#5C912C,#7EE3C6,#E675FC
GCF_000214215,RS_GCF_000214215.1,d__Bacteria,p__Proteobacteria,c__Gammaproteobacteria,o__Pseudomonadales,f__Marinomonadaceae,g__Marinomonas,s__Marinomonas posidonica,#408827,#2BB6AC,#B934AC,#F04EBD,#79B992,#476C8B
GCA_017746715,GB_GCA_017746715.1,d__Bacteria,p__Cyanobacteria,c__Cyanobacteriia,o__Cyanobacteriales,f__Spirulinaceae,g__CCY15215,s__CCY15215 sp017746715,#18FE66,#3A5EA4,#C16303,#945035,#19BE30,#7008C0
GCF_000332155,RS_GCF_000332155.1,d__Bacteria,p__Cyanobacteria,c__Cyanobacteriia,o__Cyanobacteriales,f__Microcoleaceae,g__Kamptonema,s__Kamptonema formosum,#18FE66,#3A5EA4,#C16303,#8221FE,#F50F5D,#B146EC
GCF_000317145,RS_GCF_000317145.1,d__Bacteria,p__Cyanobacteria,c__Cyanobacteriia,o__Cyanobacteriales,f__Chamaesiphonaceae,g__Chamaesiphon,s__Chamaesiphon minutus,#18FE66,#3A5EA4,#C16303,#2BE889,#8401EE,#81CD85
GCA_002148405,GB_GCA_002148405.1,d__Bacteria,p__Cyanobacteria,c__Cyanobacteriia,o__Leptolyngbyales,f__Leptolyngbyaceae,g__MUGG01,s__MUGG01 sp002148405,#18FE66,#3A5EA4,#A1B90F,#4AD725,#6BCA3A,#4F1591
GCA_011009555,GB_GCA_011009555.1,d__Bacteria,p__Cyanobacteria,c__Cyanobacteriia,o__Phormidesmiales,f__Phormidesmiaceae,g__Leptothoe,s__Leptothoe sp011009555,#18FE66,#3A5EA4,#481A0C,#920739,#D3F2D0,#041F8D
GCF_015207755,RS_GCF_015207755.1,d__Bacteria,p__Cyanobacteria,c__Cyanobacteriia,o__Cyanobacteriales,f__Nostocaceae,g__Nodularia,s__Nodularia sp015207755,#18FE66,#3A5EA4,#C16303,#1D0789,#C7FB33,#C411D0
GCA_010672865,GB_GCA_010672865.1,d__Bacteria,p__Cyanobacteria,c__Cyanobacteriia,o__Cyanobacteriales,f__SIO1D9,g__SIO1D9,s__SIO1D9 sp010672865,#18FE66,#3A5EA4,#C16303,#E9A6A1,#C0BF6F,#5FAAE3
GCF_014695895,RS_GCF_014695895.1,d__Bacteria,p__Cyanobacteria,c__Cyanobacteriia,o__Cyanobacteriales,f__Coleofasciculaceae,g__PCC7113,s__PCC7113 sp014695895,#18FE66,#3A5EA4,#C16303,#790E13,#6DC687,#3D9B1C
GCF_000018105,RS_GCF_000018105.1,d__Bacteria,p__Cyanobacteria,c__Cyanobacteriia,o__Thermosynechococcales,f__Thermosynechococcaceae,g__Acaryochloris,s__Acaryochloris marina,#18FE66,#3A5EA4,#2760D4,#28C127,#F7F432,#04ADB9
GCF_000317515,RS_GCF_000317515.1,d__Bacteria,p__Cyanobacteria,c__Cyanobacteriia,o__Cyanobacteriales,f__Coleofasciculaceae,g__PCC7113,s__PCC7113 sp000317515,#18FE66,#3A5EA4,#C16303,#790E13,#6DC687,#41F478
GCF_015207735,RS_GCF_015207735.1,d__Bacteria,p__Cyanobacteria,c__Cyanobacteriia,o__Cyanobacteriales,f__Phormidiaceae_A,g__Phormidium_B,s__Phormidium_B sp015207735,#18FE66,#3A5EA4,#C16303,#098ED0,#5E5004,#70DE7B
GCF_000317125,RS_GCF_000317125.1,d__Bacteria,p__Cyanobacteria,c__Cyanobacteriia,o__Cyanobacteriales,f__Chroococcidiopsidaceae,g__Chroococcidiopsis,s__Chroococcidiopsis thermalis,#18FE66,#3A5EA4,#C16303,#EC87BB,#60A461,#45F7B0
GCF_002218085,RS_GCF_002218085.1,d__Bacteria,p__Cyanobacteria,c__Cyanobacteriia,o__Cyanobacteriales,f__Nostocaceae,g__Hassallia,s__Hassallia sp002218085,#18FE66,#3A5EA4,#C16303,#1D0789,#66B813,#E34790
GCF_000317695,RS_GCF_000317695.1,d__Bacteria,p__Cyanobacteria,c__Cyanobacteriia,o__Cyanobacteriales,f__Nostocaceae,g__Anabaena,s__Anabaena cylindrica,#18FE66,#3A5EA4,#C16303,#1D0789,#D7C058,#5DCE98
GCF_014698965,RS_GCF_014698965.1,d__Bacteria,p__Cyanobacteria,c__Cyanobacteriia,o__Cyanobacteriales,f__Nostocaceae,g__Iningainema,s__Iningainema tapete,#18FE66,#3A5EA4,#C16303,#1D0789,#C39AD5,#2726F8
GCF_000316575,RS_GCF_000316575.1,d__Bacteria,p__Cyanobacteria,c__Cyanobacteriia,o__Cyanobacteriales,f__Nostocaceae,g__Fortiea,s__Fortiea sp000316575,#18FE66,#3A5EA4,#C16303,#1D0789,#A0EFD8,#186BC3
GCF_000734895,RS_GCF_000734895.2,d__Bacteria,p__Cyanobacteria,c__Cyanobacteriia,o__Cyanobacteriales,f__Nostocaceae,g__Calothrix,s__Calothrix sp000734895,#18FE66,#3A5EA4,#C16303,#1D0789,#611253,#0BF66B
GCA_015207155,GB_GCA_015207155.1,d__Bacteria,p__Cyanobacteria,c__Cyanobacteriia,o__Cyanobacteriales,f__Nostocaceae,g__Nodularia,s__Nodularia sp015207155,#18FE66,#3A5EA4,#C16303,#1D0789,#C7FB33,#128E1C
GCF_002368095,RS_GCF_002368095.1,d__Bacteria,p__Cyanobacteria,c__Cyanobacteriia,o__Cyanobacteriales,f__Nostocaceae,g__Rivularia,s__Rivularia parasitica,#18FE66,#3A5EA4,#C16303,#1D0789,#FA0E09,#44CEE5
GCA_010672825,GB_GCA_010672825.2,d__Bacteria,p__Cyanobacteria,c__Cyanobacteriia,o__Phormidesmiales,f__Phormidesmiaceae,g__SIO1E4,s__SIO1E4 sp010672825,#18FE66,#3A5EA4,#481A0C,#920739,#84093B,#374375
GCA_010692645,GB_GCA_010692645.1,d__Bacteria,p__Cyanobacteria,c__Cyanobacteriia,o__Cyanobacteriales,f__Coleofasciculaceae,g__SIO3C6,s__SIO3C6 sp010692645,#18FE66,#3A5EA4,#C16303,#790E13,#17EC62,#A035C7
GCA_010692425,GB_GCA_010692425.1,d__Bacteria,p__Cyanobacteria,c__Cyanobacteriia,o__Cyanobacteriales,f__Coleofasciculaceae,g__SIO3C6,s__SIO3C6 sp010692425,#18FE66,#3A5EA4,#C16303,#790E13,#17EC62,#6EEC9C
GCF_900176515,RS_GCF_900176515.1,d__Bacteria,p__Actinobacteriota,c__Actinomycetia,o__Mycobacteriales,f__Pseudonocardiaceae,g__Kibdelosporangium,s__Kibdelosporangium aridum,#D9473A,#07FA94,#8F1821,#48FE4A,#1DA0F9,#5851EE
GCF_000377965,RS_GCF_000377965.1,d__Bacteria,p__Actinobacteriota,c__Actinomycetia,o__Streptomycetales,f__Streptomycetaceae,g__Streptomyces,s__Streptomyces sp000377965,#D9473A,#07FA94,#0326D7,#3BFC83,#7FD6EB,#31373D
GCF_014208095,RS_GCF_014208095.1,d__Bacteria,p__Actinobacteriota,c__Actinomycetia,o__Mycobacteriales,f__Pseudonocardiaceae,g__Pseudonocardia,s__Pseudonocardia eucalypti,#D9473A,#07FA94,#8F1821,#48FE4A,#DFFDCE,#95A95D
GCF_000262465,RS_GCF_000262465.1,d__Bacteria,p__Actinobacteriota,c__Actinomycetia,o__Mycobacteriales,f__Frankiaceae,g__Frankia,s__Frankia sp000262465,#D9473A,#07FA94,#8F1821,#485299,#EDC427,#E5044B
GCF_000717135,RS_GCF_000717135.1,d__Bacteria,p__Actinobacteriota,c__Actinomycetia,o__Mycobacteriales,f__Micromonosporaceae,g__Catenuloplanes,s__Catenuloplanes japonicus,#D9473A,#07FA94,#8F1821,#D7E13B,#95F8C8,#DA0420
GCF_900091415,RS_GCF_900091415.1,d__Bacteria,p__Actinobacteriota,c__Actinomycetia,o__Mycobacteriales,f__Micromonosporaceae,g__Micromonospora,s__Micromonospora inyonensis,#D9473A,#07FA94,#8F1821,#D7E13B,#927D61,#F22221
GCF_004348325,RS_GCF_004348325.1,d__Bacteria,p__Actinobacteriota,c__Actinomycetia,o__Mycobacteriales,f__Micromonosporaceae,g__Micromonospora,s__Micromonospora sp004348325,#D9473A,#07FA94,#8F1821,#D7E13B,#927D61,#99CE84
GCF_001908375,RS_GCF_001908375.1,d__Bacteria,p__Proteobacteria,c__Alphaproteobacteria,o__Rhizobiales,f__Rhizobiaceae,g__Rhizobium,s__Rhizobium etli_B,#408827,#282779,#8F19D2,#39EC82,#D82799,#6AB59D
GCF_001294645,RS_GCF_001294645.1,d__Bacteria,p__Actinobacteriota,c__Actinomycetia,o__Mycobacteriales,f__Pseudonocardiaceae,g__Pseudonocardia,s__Pseudonocardia sp001294645,#D9473A,#07FA94,#8F1821,#48FE4A,#DFFDCE,#D7E09C
GCF_002262885,RS_GCF_002262885.1,d__Bacteria,p__Actinobacteriota,c__Actinomycetia,o__Mycobacteriales,f__Pseudonocardiaceae,g__Pseudonocardia,s__Pseudonocardia sp002262885,#D9473A,#07FA94,#8F1821,#48FE4A,#DFFDCE,#DA9E5A
GCF_015477765,RS_GCF_015477765.1,d__Bacteria,p__Actinobacteriota,c__Actinomycetia,o__Mycobacteriales,f__Mycobacteriaceae,g__Nocardia,s__Nocardia transvalensis_A,#D9473A,#07FA94,#8F1821,#712F36,#C112B7,#221A60
GCF_013410405,RS_GCF_013410405.1,d__Bacteria,p__Actinobacteriota,c__Actinomycetia,o__Mycobacteriales,f__Pseudonocardiaceae,g__Amycolatopsis,s__Amycolatopsis endophytica,#D9473A,#07FA94,#8F1821,#48FE4A,#BB3117,#6F9B2A
GCF_900116145,RS_GCF_900116145.1,d__Bacteria,p__Actinobacteriota,c__Actinomycetia,o__Streptomycetales,f__Streptomycetaceae,g__Streptomyces,s__Streptomyces harbinensis,#D9473A,#07FA94,#0326D7,#3BFC83,#7FD6EB,#E0FC8A
GCF_001984575,RS_GCF_001984575.1,d__Bacteria,p__Actinobacteriota,c__Actinomycetia,o__Streptomycetales,f__Streptomycetaceae,g__Streptomyces,s__Streptomyces sp001984575,#D9473A,#07FA94,#0326D7,#3BFC83,#7FD6EB,#56DE4A
GCF_006539165,RS_GCF_006539165.1,d__Bacteria,p__Actinobacteriota,c__Actinomycetia,o__Streptomycetales,f__Streptomycetaceae,g__Streptomyces,s__Streptomyces cacaoi,#D9473A,#07FA94,#0326D7,#3BFC83,#7FD6EB,#2C84B1
GCF_000424825,RS_GCF_000424825.1,d__Bacteria,p__Actinobacteriota,c__Actinomycetia,o__Streptomycetales,f__Streptomycetaceae,g__Streptomyces,s__Streptomyces sp000424825,#D9473A,#07FA94,#0326D7,#3BFC83,#7FD6EB,#8D13E1
GCF_000478275,RS_GCF_000478275.1,d__Bacteria,p__Actinobacteriota,c__Actinomycetia,o__Mycobacteriales,f__Pseudonocardiaceae,g__Amycolatopsis,s__Amycolatopsis orientalis,#D9473A,#07FA94,#8F1821,#48FE4A,#BB3117,#2A146C
GCF_014648475,RS_GCF_014648475.1,d__Bacteria,p__Actinobacteriota,c__Actinomycetia,o__Mycobacteriales,f__Pseudonocardiaceae,g__Lentzea,s__Lentzea flava,#D9473A,#07FA94,#8F1821,#48FE4A,#83AAF9,#49E87B
GCF_001698125,RS_GCF_001698125.1,d__Bacteria,p__Actinobacteriota,c__Actinomycetia,o__Mycobacteriales,f__Pseudonocardiaceae,g__Pseudonocardia,s__Pseudonocardia sp001698125,#D9473A,#07FA94,#8F1821,#48FE4A,#DFFDCE,#B6EB87
GCF_900105055,RS_GCF_900105055.1,d__Bacteria,p__Actinobacteriota,c__Actinomycetia,o__Mycobacteriales,f__Pseudonocardiaceae,g__Amycolatopsis,s__Amycolatopsis lurida,#D9473A,#07FA94,#8F1821,#48FE4A,#BB3117,#3D852D
GCF_000342005,RS_GCF_000342005.1,d__Bacteria,p__Actinobacteriota,c__Actinomycetia,o__Mycobacteriales,f__Pseudonocardiaceae,g__Amycolatopsis,s__Amycolatopsis decaplanina,#D9473A,#07FA94,#8F1821,#48FE4A,#BB3117,#924186
GCF_003751085,RS_GCF_003751085.1,d__Bacteria,p__Actinobacteriota,c__Actinomycetia,o__Mycobacteriales,f__Micromonosporaceae,g__Micromonospora_E,s__Micromonospora_E sp003751085,#D9473A,#07FA94,#8F1821,#D7E13B,#8BC1FD,#B5C376
GCF_900091565,RS_GCF_900091565.1,d__Bacteria,p__Actinobacteriota,c__Actinomycetia,o__Mycobacteriales,f__Micromonosporaceae,g__Micromonospora,s__Micromonospora marina,#D9473A,#07FA94,#8F1821,#D7E13B,#927D61,#8D50DF
GCF_000429085,RS_GCF_000429085.1,d__Bacteria,p__Actinobacteriota,c__Actinomycetia,o__Streptomycetales,f__Streptomycetaceae,g__Streptomyces,s__Streptomyces flavidovirens,#D9473A,#07FA94,#0326D7,#3BFC83,#7FD6EB,#5CCF14
GCF_900100275,RS_GCF_900100275.1,d__Bacteria,p__Actinobacteriota,c__Actinomycetia,o__Mycobacteriales,f__Pseudonocardiaceae,g__Lentzea,s__Lentzea violacea,#D9473A,#07FA94,#8F1821,#48FE4A,#83AAF9,#B736B8
GCF_900104175,RS_GCF_900104175.1,d__Bacteria,p__Actinobacteriota,c__Actinomycetia,o__Mycobacteriales,f__Pseudonocardiaceae,g__Lentzea,s__Lentzea jiangxiensis,#D9473A,#07FA94,#8F1821,#48FE4A,#83AAF9,#674A34
GCF_900111005,RS_GCF_900111005.1,d__Bacteria,p__Actinobacteriota,c__Actinomycetia,o__Mycobacteriales,f__Pseudonocardiaceae,g__Lentzea,s__Lentzea albida,#D9473A,#07FA94,#8F1821,#48FE4A,#83AAF9,#AB1D6B
GCF_900091435,RS_GCF_900091435.1,d__Bacteria,p__Actinobacteriota,c__Actinomycetia,o__Mycobacteriales,f__Micromonosporaceae,g__Micromonospora,s__Micromonospora chaiyaphumensis,#D9473A,#07FA94,#8F1821,#D7E13B,#927D61,#BF8BDD
GCF_003634935,RS_GCF_003634935.1,d__Bacteria,p__Actinobacteriota,c__Actinomycetia,o__Mycobacteriales,f__Pseudonocardiaceae,g__Actinosynnema,s__Actinosynnema australiense,#D9473A,#07FA94,#8F1821,#48FE4A,#46B8B0,#0DF8BB
GCF_001953865,RS_GCF_001953865.1,d__Bacteria,p__Actinobacteriota,c__Actinomycetia,o__Mycobacteriales,f__Pseudonocardiaceae,g__Amycolatopsis,s__Amycolatopsis coloradensis,#D9473A,#07FA94,#8F1821,#48FE4A,#BB3117,#2CFF4E
GCF_000744225,RS_GCF_000744225.1,d__Bacteria,p__Actinobacteriota,c__Actinomycetia,o__Streptomycetales,f__Streptomycetaceae,g__Kitasatospora,s__Kitasatospora mediocidica,#D9473A,#07FA94,#0326D7,#3BFC83,#A247C1,#20F773
GCF_001905345,RS_GCF_001905345.1,d__Bacteria,p__Actinobacteriota,c__Actinomycetia,o__Streptomycetales,f__Streptomycetaceae,g__Streptomyces,s__Streptomyces uncialis,#D9473A,#07FA94,#0326D7,#3BFC83,#7FD6EB,#041E47
GCF_014202315,RS_GCF_014202315.1,d__Bacteria,p__Actinobacteriota,c__Actinomycetia,o__Streptosporangiales,f__Streptosporangiaceae,g__Thermocatellispora,s__Thermocatellispora tengchongensis,#D9473A,#07FA94,#E9F4C6,#04FE92,#591E6E,#EDC714
GCF_013870515,RS_GCF_013870515.1,d__Bacteria,p__Actinobacteriota,c__Actinomycetia,o__Streptomycetales,f__Streptomycetaceae,g__Streptomyces,s__Streptomyces albidus,#D9473A,#07FA94,#0326D7,#3BFC83,#7FD6EB,#DB7B10
GCF_014204915,RS_GCF_014204915.1,d__Bacteria,p__Actinobacteriota,c__Actinomycetia,o__Mycobacteriales,f__Pseudonocardiaceae,g__Crossiella,s__Crossiella cryophila,#D9473A,#07FA94,#8F1821,#48FE4A,#40B7F9,#CA61E3
GCF_000062885,RS_GCF_000062885.1,d__Bacteria,p__Actinobacteriota,c__Actinomycetia,o__Mycobacteriales,f__Pseudonocardiaceae,g__Saccharopolyspora_D,s__Saccharopolyspora_D erythraea,#D9473A,#07FA94,#8F1821,#48FE4A,#A9CD50,#1AB0DA
GCF_014323725,RS_GCF_014323725.1,d__Bacteria,p__Actinobacteriota,c__Actinomycetia,o__Mycobacteriales,f__Pseudonocardiaceae,g__Actinokineospora,s__Actinokineospora xionganensis,#D9473A,#07FA94,#8F1821,#48FE4A,#6E5999,#11E42E
GCF_000355695,RS_GCF_000355695.1,d__Bacteria,p__Actinobacteriota,c__Actinomycetia,o__Actinomycetales,f__Microbacteriaceae,g__Clavibacter,s__Clavibacter nebraskensis,#D9473A,#07FA94,#423C45,#DAF79A,#A9D25A,#755763
GCF_005048155,RS_GCF_005048155.1,d__Bacteria,p__Actinobacteriota,c__Actinomycetia,o__Streptomycetales,f__Streptomycetaceae,g__Streptomyces,s__Streptomyces piniterrae,#D9473A,#07FA94,#0326D7,#3BFC83,#7FD6EB,#5C45C3
GCF_002005565,RS_GCF_002005565.1,d__Bacteria,p__Actinobacteriota,c__Actinomycetia,o__Streptomycetales,f__Streptomycetaceae,g__Streptomyces,s__Streptomyces sp002005565,#D9473A,#07FA94,#0326D7,#3BFC83,#7FD6EB,#C083C4
GCF_900119315,RS_GCF_900119315.1,d__Bacteria,p__Actinobacteriota,c__Actinomycetia,o__Mycobacteriales,f__Micromonosporaceae,g__Actinoplanes,s__Actinoplanes sp900119315,#D9473A,#07FA94,#8F1821,#D7E13B,#53A219,#A980DD
GCF_001590865,RS_GCF_001590865.1,d__Bacteria,p__Actinobacteriota,c__Actinomycetia,o__Streptomycetales,f__Streptomycetaceae,g__Streptomyces,s__Streptomyces sp001590865,#D9473A,#07FA94,#0326D7,#3BFC83,#7FD6EB,#5DC54C
GCF_000761215,RS_GCF_000761215.1,d__Bacteria,p__Actinobacteriota,c__Actinomycetia,o__Streptomycetales,f__Streptomycetaceae,g__Streptomyces,s__Streptomyces glaucescens,#D9473A,#07FA94,#0326D7,#3BFC83,#7FD6EB,#4DDE91
GCF_003865135,RS_GCF_003865135.1,d__Bacteria,p__Actinobacteriota,c__Actinomycetia,o__Streptomycetales,f__Streptomycetaceae,g__Streptomyces,s__Streptomyces chrestomyceticus,#D9473A,#07FA94,#0326D7,#3BFC83,#7FD6EB,#F2FE5D
GCF_000091305,RS_GCF_000091305.1,d__Bacteria,p__Actinobacteriota,c__Actinomycetia,o__Streptomycetales,f__Streptomycetaceae,g__Streptomyces,s__Streptomyces scabiei,#D9473A,#07FA94,#0326D7,#3BFC83,#7FD6EB,#04C24F
GCF_014645895,RS_GCF_014645895.1,d__Bacteria,p__Actinobacteriota,c__Actinomycetia,o__Streptomycetales,f__Streptomycetaceae,g__Streptomyces,s__Streptomyces daqingensis,#D9473A,#07FA94,#0326D7,#3BFC83,#7FD6EB,#9BD004
GCF_011193355,RS_GCF_011193355.1,d__Bacteria,p__Actinobacteriota,c__Actinomycetia,o__Streptomycetales,f__Streptomycetaceae,g__Streptomyces,s__Streptomyces sp011193355,#D9473A,#07FA94,#0326D7,#3BFC83,#7FD6EB,#7A2BBA
GCF_004363835,RS_GCF_004363835.1,d__Bacteria,p__Actinobacteriota,c__Actinomycetia,o__Streptomycetales,f__Streptomycetaceae,g__Streptomyces,s__Streptomyces sp004363835,#D9473A,#07FA94,#0326D7,#3BFC83,#7FD6EB,#F8BF5E
GCF_900100955,RS_GCF_900100955.1,d__Bacteria,p__Actinobacteriota,c__Actinomycetia,o__Mycobacteriales,f__Pseudonocardiaceae,g__Lentzea,s__Lentzea fradiae,#D9473A,#07FA94,#8F1821,#48FE4A,#83AAF9,#6F3DE5
GCF_014648415,RS_GCF_014648415.1,d__Bacteria,p__Actinobacteriota,c__Actinomycetia,o__Mycobacteriales,f__Pseudonocardiaceae,g__Actinokineospora,s__Actinokineospora fastidiosa,#D9473A,#07FA94,#8F1821,#48FE4A,#6E5999,#E130A4
GCF_010550675,RS_GCF_010550675.1,d__Bacteria,p__Actinobacteriota,c__Actinomycetia,o__Jiangellales,f__Jiangellaceae,g__Phytoactinopolyspora,s__Phytoactinopolyspora halotolerans,#D9473A,#07FA94,#EA56FB,#0B766D,#894913,#A78BB4
GCF_001815905,RS_GCF_001815905.1,d__Bacteria,p__Actinobacteriota,c__Actinomycetia,o__Actinomycetales,f__Brevibacteriaceae,g__Brevibacterium,s__Brevibacterium sp001815905,#D9473A,#07FA94,#423C45,#0E616F,#A7CB78,#BFA00D
GCF_014655715,RS_GCF_014655715.1,d__Bacteria,p__Actinobacteriota,c__Actinomycetia,o__Streptomycetales,f__Streptomycetaceae,g__Streptomyces,s__Streptomyces lanatus,#D9473A,#07FA94,#0326D7,#3BFC83,#7FD6EB,#B5C010
GCF_000177195,RS_GCF_000177195.2,d__Bacteria,p__Actinobacteriota,c__Actinomycetia,o__Streptomycetales,f__Streptomycetaceae,g__Streptomyces,s__Streptomyces sp000177195,#D9473A,#07FA94,#0326D7,#3BFC83,#7FD6EB,#77AB97
GCF_014651155,RS_GCF_014651155.1,d__Bacteria,p__Actinobacteriota,c__Actinomycetia,o__Streptomycetales,f__Streptomycetaceae,g__Streptomyces,s__Streptomyces anthocyanicus,#D9473A,#07FA94,#0326D7,#3BFC83,#7FD6EB,#73AB29
GCF_000620785,RS_GCF_000620785.1,d__Bacteria,p__Actinobacteriota,c__Actinomycetia,o__Mycobacteriales,f__Pseudonocardiaceae,g__Pseudonocardia,s__Pseudonocardia acaciae,#D9473A,#07FA94,#8F1821,#48FE4A,#DFFDCE,#2E5125
GCF_001921215,RS_GCF_001921215.1,d__Bacteria,p__Actinobacteriota,c__Actinomycetia,o__Mycobacteriales,f__Pseudonocardiaceae,g__Actinophytocola,s__Actinophytocola xinjiangensis,#D9473A,#07FA94,#8F1821,#48FE4A,#57ABBD,#0DF668
GCF_013410755,RS_GCF_013410755.1,d__Bacteria,p__Actinobacteriota,c__Actinomycetia,o__Streptosporangiales,f__Streptosporangiaceae,g__Nocardiopsis,s__Nocardiopsis aegyptia,#D9473A,#07FA94,#E9F4C6,#04FE92,#57FAAF,#4E90A8
GCF_900101685,RS_GCF_900101685.1,d__Bacteria,p__Actinobacteriota,c__Actinomycetia,o__Mycobacteriales,f__Pseudonocardiaceae,g__Actinokineospora,s__Actinokineospora iranica,#D9473A,#07FA94,#8F1821,#48FE4A,#6E5999,#C1450C
GCF_014647895,RS_GCF_014647895.1,d__Bacteria,p__Actinobacteriota,c__Actinomycetia,o__Mycobacteriales,f__Micromonosporaceae,g__Pilimelia,s__Pilimelia anulata,#D9473A,#07FA94,#8F1821,#D7E13B,#122845,#C0F023
GCF_013131805,RS_GCF_013131805.1,d__Bacteria,p__Actinobacteriota,c__Actinomycetia,o__Propionibacteriales,f__Kribbellaceae,g__Kribbella,s__Kribbella sandramycini,#D9473A,#07FA94,#3701DE,#756EEA,#2D7005,#D0CD38
GCF_001280015,RS_GCF_001280015.1,d__Bacteria,p__Actinobacteriota,c__Actinomycetia,o__Streptomycetales,f__Streptomycetaceae,g__Streptomyces,s__Streptomyces sp001280015,#D9473A,#07FA94,#0326D7,#3BFC83,#7FD6EB,#657B49
GCF_007829815,RS_GCF_007829815.1,d__Bacteria,p__Actinobacteriota,c__Actinomycetia,o__Streptomycetales,f__Streptomycetaceae,g__Kitasatospora,s__Kitasatospora viridis,#D9473A,#07FA94,#0326D7,#3BFC83,#A247C1,#EF35C0
GCF_000720635,RS_GCF_000720635.1,d__Bacteria,p__Actinobacteriota,c__Actinomycetia,o__Streptomycetales,f__Streptomycetaceae,g__Kitasatospora,s__Kitasatospora sp000720635,#D9473A,#07FA94,#0326D7,#3BFC83,#A247C1,#6017B6
GCF_001612745,RS_GCF_001612745.1,d__Bacteria,p__Actinobacteriota,c__Actinomycetia,o__Mycobacteriales,f__Mycobacteriaceae,g__Nocardia,s__Nocardia amamiensis,#D9473A,#07FA94,#8F1821,#712F36,#C112B7,#435796
GCF_003315035,RS_GCF_003315035.1,d__Bacteria,p__Actinobacteriota,c__Actinomycetia,o__Mycobacteriales,f__Mycobacteriaceae,g__Nocardia,s__Nocardia puris,#D9473A,#07FA94,#8F1821,#712F36,#C112B7,#F20520
GCF_000284035,RS_GCF_000284035.1,d__Bacteria,p__Actinobacteriota,c__Actinomycetia,o__Mycobacteriales,f__Mycobacteriaceae,g__Nocardia,s__Nocardia cyriacigeorgica_B,#D9473A,#07FA94,#8F1821,#712F36,#C112B7,#20F85F
GCF_000308455,RS_GCF_000308455.1,d__Bacteria,p__Actinobacteriota,c__Actinomycetia,o__Mycobacteriales,f__Mycobacteriaceae,g__Nocardia,s__Nocardia abscessus,#D9473A,#07FA94,#8F1821,#712F36,#C112B7,#0D8F40
GCF_001280085,RS_GCF_001280085.1,d__Bacteria,p__Actinobacteriota,c__Actinomycetia,o__Mycobacteriales,f__Pseudonocardiaceae,g__Actinosynnema,s__Actinosynnema sp001280085,#D9473A,#07FA94,#8F1821,#48FE4A,#46B8B0,#40D5F8
GCF_004339565,RS_GCF_004339565.1,d__Bacteria,p__Actinobacteriota,c__Actinomycetia,o__Mycobacteriales,f__Pseudonocardiaceae,g__Pseudonocardia,s__Pseudonocardia endophytica,#D9473A,#07FA94,#8F1821,#48FE4A,#DFFDCE,#88D881
GCF_014651035,RS_GCF_014651035.1,d__Bacteria,p__Actinobacteriota,c__Actinomycetia,o__Streptomycetales,f__Streptomycetaceae,g__Streptomyces,s__Streptomyces lomondensis,#D9473A,#07FA94,#0326D7,#3BFC83,#7FD6EB,#556FF6
GCF_016756395,RS_GCF_016756395.1,d__Bacteria,p__Actinobacteriota,c__Actinomycetia,o__Streptomycetales,f__Streptomycetaceae,g__Streptomyces,s__Streptomyces sp016756395,#D9473A,#07FA94,#0326D7,#3BFC83,#7FD6EB,#37629E
GCF_001854695,RS_GCF_001854695.1,d__Bacteria,p__Actinobacteriota,c__Actinomycetia,o__Mycobacteriales,f__Frankiaceae,g__Frankia,s__Frankia soli,#D9473A,#07FA94,#8F1821,#485299,#EDC427,#4EF44D
GCF_014646255,RS_GCF_014646255.1,d__Bacteria,p__Actinobacteriota,c__Actinomycetia,o__Mycobacteriales,f__Pseudonocardiaceae,g__Lentzea,s__Lentzea pudingi,#D9473A,#07FA94,#8F1821,#48FE4A,#83AAF9,#66CFB7
GCF_000231075,RS_GCF_000231075.2,d__Bacteria,p__Actinobacteriota,c__Actinomycetia,o__Mycobacteriales,f__Pseudonocardiaceae,g__Amycolatopsis,s__Amycolatopsis sp000231075,#D9473A,#07FA94,#8F1821,#48FE4A,#BB3117,#A1365A
GCF_002796545,RS_GCF_002796545.1,d__Bacteria,p__Actinobacteriota,c__Actinomycetia,o__Mycobacteriales,f__Pseudonocardiaceae,g__Amycolatopsis,s__Amycolatopsis sp002796545,#D9473A,#07FA94,#8F1821,#48FE4A,#BB3117,#43CE1C
GCF_000383915,RS_GCF_000383915.1,d__Bacteria,p__Actinobacteriota,c__Actinomycetia,o__Mycobacteriales,f__Pseudonocardiaceae,g__Amycolatopsis,s__Amycolatopsis benzoatilytica,#D9473A,#07FA94,#8F1821,#48FE4A,#BB3117,#474E55
GCF_000024385,RS_GCF_000024385.1,d__Bacteria,p__Actinobacteriota,c__Actinomycetia,o__Streptosporangiales,f__Streptosporangiaceae,g__Thermomonospora,s__Thermomonospora curvata,#D9473A,#07FA94,#E9F4C6,#04FE92,#B2559E,#9A297A
GCF_003589885,RS_GCF_003589885.1,d__Bacteria,p__Actinobacteriota,c__Actinomycetia,o__Streptosporangiales,f__Streptosporangiaceae,g__Thermomonospora,s__Thermomonospora amylolytica,#D9473A,#07FA94,#E9F4C6,#04FE92,#B2559E,#3EA31F
GCF_015751755,RS_GCF_015751755.1,d__Bacteria,p__Actinobacteriota,c__Actinomycetia,o__Streptosporangiales,f__Streptosporangiaceae,g__Spirillospora,s__Spirillospora viridis,#D9473A,#07FA94,#E9F4C6,#04FE92,#D77CBD,#77CBF1
GCF_001552195,RS_GCF_001552195.1,d__Bacteria,p__Actinobacteriota,c__Actinomycetia,o__Streptosporangiales,f__Streptosporangiaceae,g__Spirillospora,s__Spirillospora latina,#D9473A,#07FA94,#E9F4C6,#04FE92,#D77CBD,#AA8072
GCF_008327685,RS_GCF_008327685.1,d__Bacteria,p__Actinobacteriota,c__Actinomycetia,o__Streptosporangiales,f__Streptosporangiaceae,g__Spirillospora,s__Spirillospora sp008327685,#D9473A,#07FA94,#E9F4C6,#04FE92,#D77CBD,#116351
GCF_017573505,RS_GCF_017573505.1,d__Bacteria,p__Actinobacteriota,c__Actinomycetia,o__Streptosporangiales,f__Streptosporangiaceae,g__Spirillospora,s__Spirillospora barringtoniae,#D9473A,#07FA94,#E9F4C6,#04FE92,#D77CBD,#36F75A
GCF_001747425,RS_GCF_001747425.1,d__Bacteria,p__Actinobacteriota,c__Actinomycetia,o__Mycobacteriales,f__Pseudonocardiaceae,g__Actinoalloteichus,s__Actinoalloteichus hymeniacidonis,#D9473A,#07FA94,#8F1821,#48FE4A,#AB5214,#566697
GCF_000341265,RS_GCF_000341265.1,d__Bacteria,p__Actinobacteriota,c__Actinomycetia,o__Streptosporangiales,f__Streptosporangiaceae,g__Nocardiopsis,s__Nocardiopsis prasina,#D9473A,#07FA94,#E9F4C6,#04FE92,#57FAAF,#243881
GCF_001894785,RS_GCF_001894785.1,d__Bacteria,p__Actinobacteriota,c__Actinomycetia,o__Mycobacteriales,f__Mycobacteriaceae,g__Rhodococcus_B,s__Rhodococcus_B fascians,#D9473A,#07FA94,#8F1821,#712F36,#A93077,#E10061
GCF_002259405,RS_GCF_002259405.1,d__Bacteria,p__Actinobacteriota,c__Actinomycetia,o__Mycobacteriales,f__Mycobacteriaceae,g__Rhodococcus_B,s__Rhodococcus_B sp002259405,#D9473A,#07FA94,#8F1821,#712F36,#A93077,#106183
GCF_001598915,RS_GCF_001598915.1,d__Bacteria,p__Actinobacteriota,c__Actinomycetia,o__Mycobacteriales,f__Mycobacteriaceae,g__Williamsia,s__Williamsia muralis,#D9473A,#07FA94,#8F1821,#712F36,#F8047F,#50E9EE
GCA_013348785,GB_GCA_013348785.1,d__Bacteria,p__Actinobacteriota,c__Actinomycetia,o__Mycobacteriales,f__Mycobacteriaceae,g__Gordonia,s__Gordonia sp013348785,#D9473A,#07FA94,#8F1821,#712F36,#FA276F,#E0199F
GCF_000024785,RS_GCF_000024785.1,d__Bacteria,p__Actinobacteriota,c__Actinomycetia,o__Mycobacteriales,f__Mycobacteriaceae,g__Gordonia,s__Gordonia bronchialis,#D9473A,#07FA94,#8F1821,#712F36,#FA276F,#FACDC4
GCF_000333035,RS_GCF_000333035.1,d__Bacteria,p__Actinobacteriota,c__Actinomycetia,o__Mycobacteriales,f__Mycobacteriaceae,g__Gordonia,s__Gordonia sihwensis,#D9473A,#07FA94,#8F1821,#712F36,#FA276F,#A033D9
GCF_003855095,RS_GCF_003855095.1,d__Bacteria,p__Actinobacteriota,c__Actinomycetia,o__Mycobacteriales,f__Mycobacteriaceae,g__Gordonia,s__Gordonia insulae,#D9473A,#07FA94,#8F1821,#712F36,#FA276F,#4C00E0
GCF_000241305,RS_GCF_000241305.1,d__Bacteria,p__Actinobacteriota,c__Actinomycetia,o__Mycobacteriales,f__Mycobacteriaceae,g__Gordonia,s__Gordonia effusa,#D9473A,#07FA94,#8F1821,#712F36,#FA276F,#0FD008
GCA_002477755,GB_GCA_002477755.1,d__Bacteria,p__Actinobacteriota,c__Actinomycetia,o__Mycobacteriales,f__Mycobacteriaceae,g__Gordonia,s__Gordonia sp002477755,#D9473A,#07FA94,#8F1821,#712F36,#FA276F,#5DBF21
GCA_014041935,GB_GCA_014041935.1,d__Bacteria,p__Actinobacteriota,c__Actinomycetia,o__Mycobacteriales,f__Mycobacteriaceae,g__Gordonia,s__Gordonia sp014041935,#D9473A,#07FA94,#8F1821,#712F36,#FA276F,#C5FD49
GCF_000964005,RS_GCF_000964005.1,d__Bacteria,p__Actinobacteriota,c__Actinomycetia,o__Mycobacteriales,f__Mycobacteriaceae,g__Williamsia_A,s__Williamsia_A herbipolensis,#D9473A,#07FA94,#8F1821,#712F36,#3767A0,#B58A88
GCF_000010805,RS_GCF_000010805.1,d__Bacteria,p__Actinobacteriota,c__Actinomycetia,o__Mycobacteriales,f__Mycobacteriaceae,g__Rhodococcus,s__Rhodococcus opacus_C,#D9473A,#07FA94,#8F1821,#712F36,#7457E1,#56EE5B
GCF_016482825,RS_GCF_016482825.1,d__Bacteria,p__Actinobacteriota,c__Actinomycetia,o__Mycobacteriales,f__Mycobacteriaceae,g__Antrihabitans,s__Antrihabitans sp016482825,#D9473A,#07FA94,#8F1821,#712F36,#D42CE9,#43A389
GCF_012932915,RS_GCF_012932915.1,d__Bacteria,p__Actinobacteriota,c__Actinomycetia,o__Mycobacteriales,f__Mycobacteriaceae,g__Antrihabitans,s__Antrihabitans stalactiti,#D9473A,#07FA94,#8F1821,#712F36,#D42CE9,#93110A
GCF_007489285,RS_GCF_007489285.1,d__Bacteria,p__Actinobacteriota,c__Actinomycetia,o__Mycobacteriales,f__Mycobacteriaceae,g__ID1734,s__ID1734 sp007489285,#D9473A,#07FA94,#8F1821,#712F36,#6E08FE,#917B69
GCF_003696265,RS_GCF_003696265.1,d__Bacteria,p__Actinobacteriota,c__Actinomycetia,o__Mycobacteriales,f__Mycobacteriaceae,g__Nocardia,s__Nocardia stercoris,#D9473A,#07FA94,#8F1821,#712F36,#C112B7,#A398BE
GCF_001886715,RS_GCF_001886715.1,d__Bacteria,p__Actinobacteriota,c__Actinomycetia,o__Mycobacteriales,f__Mycobacteriaceae,g__Nocardia,s__Nocardia mangyaensis,#D9473A,#07FA94,#8F1821,#712F36,#C112B7,#2DBB40
GCF_015477805,RS_GCF_015477805.1,d__Bacteria,p__Actinobacteriota,c__Actinomycetia,o__Mycobacteriales,f__Mycobacteriaceae,g__Nocardia,s__Nocardia flavorosea_A,#D9473A,#07FA94,#8F1821,#712F36,#C112B7,#323BB8
GCF_000308635,RS_GCF_000308635.1,d__Bacteria,p__Actinobacteriota,c__Actinomycetia,o__Mycobacteriales,f__Mycobacteriaceae,g__Nocardia,s__Nocardia otitidiscaviarum,#D9473A,#07FA94,#8F1821,#712F36,#C112B7,#B24EFE
GCF_001612665,RS_GCF_001612665.1,d__Bacteria,p__Actinobacteriota,c__Actinomycetia,o__Mycobacteriales,f__Mycobacteriaceae,g__Nocardia,s__Nocardia alba,#D9473A,#07FA94,#8F1821,#712F36,#C112B7,#D0DD30
GCF_001613125,RS_GCF_001613125.1,d__Bacteria,p__Actinobacteriota,c__Actinomycetia,o__Mycobacteriales,f__Mycobacteriaceae,g__Nocardia,s__Nocardia shimofusensis,#D9473A,#07FA94,#8F1821,#712F36,#C112B7,#52C572
GCF_001612725,RS_GCF_001612725.1,d__Bacteria,p__Actinobacteriota,c__Actinomycetia,o__Mycobacteriales,f__Mycobacteriaceae,g__Nocardia,s__Nocardia anaemiae,#D9473A,#07FA94,#8F1821,#712F36,#C112B7,#B8CCF3
GCF_001612615,RS_GCF_001612615.1,d__Bacteria,p__Actinobacteriota,c__Actinomycetia,o__Mycobacteriales,f__Mycobacteriaceae,g__Nocardia,s__Nocardia amikacinitolerans,#D9473A,#07FA94,#8F1821,#712F36,#C112B7,#46B791
GCF_000185725,RS_GCF_000185725.2,d__Bacteria,p__Actinobacteriota,c__Actinomycetia,o__Mycobacteriales,f__Mycobacteriaceae,g__Segniliparus,s__Segniliparus rugosus,#D9473A,#07FA94,#8F1821,#712F36,#C3B624,#38CEE0
GCF_010726245,RS_GCF_010726245.1,d__Bacteria,p__Actinobacteriota,c__Actinomycetia,o__Mycobacteriales,f__Mycobacteriaceae,g__Mycobacterium,s__Mycobacterium aichiense,#D9473A,#07FA94,#8F1821,#712F36,#DD91BF,#382F51
GCA_900078375,GB_GCA_900078375.1,d__Bacteria,p__Actinobacteriota,c__Actinomycetia,o__Mycobacteriales,f__Mycobacteriaceae,g__Mycobacterium,s__Mycobacterium sp900078375,#D9473A,#07FA94,#8F1821,#712F36,#DD91BF,#81BF9A
GCA_000069185,GB_GCA_000069185.1,d__Bacteria,p__Actinobacteriota,c__Actinomycetia,o__Mycobacteriales,f__Mycobacteriaceae,g__Mycobacterium,s__Mycobacterium abscessus,#D9473A,#07FA94,#8F1821,#712F36,#DD91BF,#C7B6ED
GCF_010730955,RS_GCF_010730955.1,d__Bacteria,p__Actinobacteriota,c__Actinomycetia,o__Mycobacteriales,f__Mycobacteriaceae,g__Mycobacterium,s__Mycobacterium aubagnense,#D9473A,#07FA94,#8F1821,#712F36,#DD91BF,#511306
GCA_016197365,GB_GCA_016197365.1,d__Bacteria,p__Actinobacteriota,c__Actinomycetia,o__Mycobacteriales,f__Mycobacteriaceae,g__Mycobacterium,s__Mycobacterium cosmeticum_A,#D9473A,#07FA94,#8F1821,#712F36,#DD91BF,#5160FD
GCF_010727125,RS_GCF_010727125.1,d__Bacteria,p__Actinobacteriota,c__Actinomycetia,o__Mycobacteriales,f__Mycobacteriaceae,g__Mycobacterium,s__Mycobacterium terrae,#D9473A,#07FA94,#8F1821,#712F36,#DD91BF,#590950
GCF_000195955,RS_GCF_000195955.2,d__Bacteria,p__Actinobacteriota,c__Actinomycetia,o__Mycobacteriales,f__Mycobacteriaceae,g__Mycobacterium,s__Mycobacterium tuberculosis,#D9473A,#07FA94,#8F1821,#712F36,#DD91BF,#7BE8F9
GCF_000157895,RS_GCF_000157895.3,d__Bacteria,p__Actinobacteriota,c__Actinomycetia,o__Mycobacteriales,f__Mycobacteriaceae,g__Mycobacterium,s__Mycobacterium kansasii,#D9473A,#07FA94,#8F1821,#712F36,#DD91BF,#54BEE9
GCF_010730195,RS_GCF_010730195.1,d__Bacteria,p__Actinobacteriota,c__Actinomycetia,o__Mycobacteriales,f__Mycobacteriaceae,g__Mycobacterium,s__Mycobacterium conspicuum,#D9473A,#07FA94,#8F1821,#712F36,#DD91BF,#FD45C6
GCF_002356315,RS_GCF_002356315.1,d__Bacteria,p__Actinobacteriota,c__Actinomycetia,o__Mycobacteriales,f__Mycobacteriaceae,g__Mycobacterium,s__Mycobacterium shigaense,#D9473A,#07FA94,#8F1821,#712F36,#DD91BF,#D50F5D
GCA_002291465,GB_GCA_002291465.1,d__Bacteria,p__Actinobacteriota,c__Actinomycetia,o__Mycobacteriales,f__Mycobacteriaceae,g__Mycobacterium,s__Mycobacterium lepraemurium,#D9473A,#07FA94,#8F1821,#712F36,#DD91BF,#92FD0D
GCF_010731595,RS_GCF_010731595.1,d__Bacteria,p__Actinobacteriota,c__Actinomycetia,o__Mycobacteriales,f__Mycobacteriaceae,g__Mycobacterium,s__Mycobacterium seoulense,#D9473A,#07FA94,#8F1821,#712F36,#DD91BF,#2694B1
