Pattern,Match,domain,phyla,class,order,family,genus,species,phyla_color,class_color,order_color,family_color,genus_color,species_color
GCF_001639105,RS_GCF_001639105.2,d__Bacteria,p__Proteobacteria,c__Alphaproteobacteria,o__Azospirillales,f__Azospirillaceae,g__Azospirillum,s__Azospirillum humicireducens,#10C7F7,#083C0E,#543351,#0C7800,#4327BE,#9139D7
GCF_003610015,RS_GCF_003610015.1,d__Bacteria,p__Proteobacteria,c__Gammaproteobacteria,o__Pseudomonadales,f__Halomonadaceae,g__Zymobacter,s__Zymobacter palmae,#10C7F7,#D9893A,#C291AD,#FC3780,#CD2DFB,#6D1C10
GCA_002331385,GB_GCA_002331385.1,d__Bacteria,p__Proteobacteria,c__Gammaproteobacteria,o__Burkholderiales,f__Burkholderiaceae,g__Diaphorobacter_A,s__Diaphorobacter_A sp002331385,#10C7F7,#D9893A,#238279,#C90D17,#1D0949,#8B032C
GCF_002289345,RS_GCF_002289345.1,d__Bacteria,p__Proteobacteria,c__Gammaproteobacteria,o__Enterobacterales,f__Alteromonadaceae,g__Pseudoalteromonas,s__Pseudoalteromonas sp002289345,#10C7F7,#D9893A,#D5E71A,#989775,#27C38A,#28BE2B
GCF_000380565,RS_GCF_000380565.1,d__Bacteria,p__Proteobacteria,c__Gammaproteobacteria,o__Pseudomonadales,f__Cellvibrionaceae,g__Microbulbifer,s__Microbulbifer variabilis,#10C7F7,#D9893A,#C291AD,#47277B,#9ADB4D,#6F9BB6
GCF_005484965,RS_GCF_005484965.1,d__Bacteria,p__Proteobacteria,c__Gammaproteobacteria,o__Enterobacterales,f__Enterobacteriaceae,g__Brenneria,s__Brenneria nigrifluens,#10C7F7,#D9893A,#D5E71A,#4381B1,#1DA81E,#5FDBD8
GCF_000153205,RS_GCF_000153205.1,d__Bacteria,p__Proteobacteria,c__Gammaproteobacteria,o__Nitrococcales,f__Nitrococcaceae,g__Nitrococcus,s__Nitrococcus mobilis,#10C7F7,#D9893A,#CCF9E1,#B88090,#0E5E2F,#3129BA
GCF_000300005,RS_GCF_000300005.1,d__Bacteria,p__Proteobacteria,c__Gammaproteobacteria,o__Pseudomonadales,f__Alcanivoracaceae,g__Alcanivorax,s__Alcanivorax dieselolei,#10C7F7,#D9893A,#C291AD,#932A79,#5601C4,#F46467
GCF_900156605,RS_GCF_900156605.1,d__Bacteria,p__Proteobacteria,c__Alphaproteobacteria,o__Rhodospirillales,f__Rhodospirillaceae,g__Insolitispirillum,s__Insolitispirillum peregrinum,#10C7F7,#083C0E,#9A7CFE,#63D18D,#9C8960,#676C21
GCF_014202345,RS_GCF_014202345.1,d__Bacteria,p__Desulfobacterota_I,c__Desulfovibrionia,o__Desulfovibrionales,f__Desulfovibrionaceae,g__Desulfovibrio,s__Desulfovibrio intestinalis,#47463D,#C9DA45,#AA0AD8,#2DB76F,#C7E431,#ACD10E
GCF_000022125,RS_GCF_000022125.1,d__Bacteria,p__Desulfobacterota_I,c__Desulfovibrionia,o__Desulfovibrionales,f__Desulfovibrionaceae,g__Desulfovibrio,s__Desulfovibrio desulfuricans_A,#47463D,#C9DA45,#AA0AD8,#2DB76F,#C7E431,#819BBF
GCF_002933855,RS_GCF_002933855.1,d__Bacteria,p__Proteobacteria,c__Gammaproteobacteria,o__Enterobacterales,f__Vibrionaceae,g__Vibrio,s__Vibrio penaeicida_A,#10C7F7,#D9893A,#D5E71A,#0C1B38,#E0DF9A,#C434C2
GCF_000283655,RS_GCF_000283655.1,d__Bacteria,p__Proteobacteria,c__Alphaproteobacteria,o__Azospirillales,f__Azospirillaceae,g__Azospirillum,s__Azospirillum lipoferum_C,#10C7F7,#083C0E,#543351,#0C7800,#4327BE,#CD0FFD
GCF_008824185,RS_GCF_008824185.1,d__Bacteria,p__Proteobacteria,c__Alphaproteobacteria,o__Rhodobacterales,f__Rhodobacteraceae,g__Paracoccus,s__Paracoccus pantotrophus,#10C7F7,#083C0E,#E709B0,#5543CE,#DA73D0,#7CB766
GCF_900313035,RS_GCF_900313035.1,d__Bacteria,p__Proteobacteria,c__Alphaproteobacteria,o__Rhodobacterales,f__Rhodobacteraceae,g__Ruegeria,s__Ruegeria sp900313035,#10C7F7,#083C0E,#E709B0,#5543CE,#D1308C,#D209EA
GCF_003591515,RS_GCF_003591515.1,d__Bacteria,p__Proteobacteria,c__Alphaproteobacteria,o__Rhodobacterales,f__Rhodobacteraceae,g__Paracoccus,s__Paracoccus sp003591515,#10C7F7,#083C0E,#E709B0,#5543CE,#DA73D0,#B12357
GCF_003007735,RS_GCF_003007735.2,d__Bacteria,p__Proteobacteria,c__Alphaproteobacteria,o__Rhodobacterales,f__Rhodobacteraceae,g__Paracoccus,s__Paracoccus marinus_A,#10C7F7,#083C0E,#E709B0,#5543CE,#DA73D0,#F03034
GCF_003399765,RS_GCF_003399765.1,d__Bacteria,p__Proteobacteria,c__Gammaproteobacteria,o__Nitrococcales,f__AK92,g__AK92,s__AK92 sp003399765,#10C7F7,#D9893A,#CCF9E1,#FAB2F7,#E278E2,#E41C0F
GCF_001187905,RS_GCF_001187905.1,d__Bacteria,p__Proteobacteria,c__Gammaproteobacteria,o__Enterobacterales,f__Enterobacteriaceae,g__Pantoea,s__Pantoea sp001187905,#10C7F7,#D9893A,#D5E71A,#4381B1,#5B2787,#3B36A5
GCF_000397205,RS_GCF_000397205.1,d__Bacteria,p__Proteobacteria,c__Gammaproteobacteria,o__Pseudomonadales,f__Pseudomonadaceae,g__Pseudomonas_E,s__Pseudomonas_E protegens,#10C7F7,#D9893A,#C291AD,#BCA37E,#050746,#68105B
GCF_001709345,RS_GCF_001709345.1,d__Bacteria,p__Proteobacteria,c__Gammaproteobacteria,o__Pseudomonadales,f__Halomonadaceae,g__Terasakiispira,s__Terasakiispira papahanaumokuakeensis,#10C7F7,#D9893A,#C291AD,#FC3780,#A3BE8C,#5DF4D3
GCF_011759365,RS_GCF_011759365.1,d__Bacteria,p__Proteobacteria,c__Gammaproteobacteria,o__Xanthomonadales,f__Rhodanobacteraceae,g__Luteibacter,s__Luteibacter anthropi,#10C7F7,#D9893A,#00B4F8,#180389,#575B39,#C25CAD
GCF_000012365,RS_GCF_000012365.1,d__Bacteria,p__Proteobacteria,c__Gammaproteobacteria,o__Burkholderiales,f__Burkholderiaceae,g__Burkholderia,s__Burkholderia thailandensis,#10C7F7,#D9893A,#238279,#C90D17,#70983F,#81C957
GCF_000012945,RS_GCF_000012945.1,d__Bacteria,p__Proteobacteria,c__Gammaproteobacteria,o__Burkholderiales,f__Burkholderiaceae,g__Burkholderia,s__Burkholderia lata,#10C7F7,#D9893A,#238279,#C90D17,#70983F,#262559
GCF_001945445,RS_GCF_001945445.1,d__Bacteria,p__Proteobacteria,c__Gammaproteobacteria,o__Pseudomonadales,f__Pseudomonadaceae,g__Pseudomonas_E,s__Pseudomonas_E sp001945445,#10C7F7,#D9893A,#C291AD,#BCA37E,#050746,#8E3E68
GCF_000503215,RS_GCF_000503215.1,d__Bacteria,p__Proteobacteria,c__Gammaproteobacteria,o__Pseudomonadales,f__Pseudomonadaceae,g__Pseudomonas_E,s__Pseudomonas_E canadensis,#10C7F7,#D9893A,#C291AD,#BCA37E,#050746,#3F6231
GCF_001579805,RS_GCF_001579805.1,d__Bacteria,p__Proteobacteria,c__Gammaproteobacteria,o__Pseudomonadales,f__Pseudomonadaceae,g__Pseudomonas_E,s__Pseudomonas_E azotoformans_A,#10C7F7,#D9893A,#C291AD,#BCA37E,#050746,#730940
GCF_002873455,RS_GCF_002873455.1,d__Bacteria,p__Proteobacteria,c__Gammaproteobacteria,o__Enterobacterales,f__Vibrionaceae,g__Vibrio,s__Vibrio splendidus_J,#10C7F7,#D9893A,#D5E71A,#0C1B38,#E0DF9A,#CB2829
GCF_002224265,RS_GCF_002224265.1,d__Bacteria,p__Proteobacteria,c__Gammaproteobacteria,o__Enterobacterales,f__Vibrionaceae,g__Vibrio,s__Vibrio vulnificus,#10C7F7,#D9893A,#D5E71A,#0C1B38,#E0DF9A,#4D5DAD
GCF_015471405,RS_GCF_015471405.1,d__Bacteria,p__Proteobacteria,c__Gammaproteobacteria,o__Pseudomonadales,f__Pseudomonadaceae,g__Pseudomonas_E,s__Pseudomonas_E cichorii_D,#10C7F7,#D9893A,#C291AD,#BCA37E,#050746,#4A38AE
GCF_009759665,RS_GCF_009759665.1,d__Bacteria,p__Proteobacteria,c__Alphaproteobacteria,o__Rhizobiales,f__Xanthobacteraceae,g__Bradyrhizobium,s__Bradyrhizobium cajani,#10C7F7,#083C0E,#DCE70B,#F427B6,#BBA23D,#E49774
GCF_002831585,RS_GCF_002831585.1,d__Bacteria,p__Proteobacteria,c__Alphaproteobacteria,o__Rhizobiales,f__Xanthobacteraceae,g__Bradyrhizobium,s__Bradyrhizobium sp002831585,#10C7F7,#083C0E,#DCE70B,#F427B6,#BBA23D,#8FE64E
GCF_013386115,RS_GCF_013386115.1,d__Bacteria,p__Proteobacteria,c__Gammaproteobacteria,o__Pseudomonadales,f__Pseudomonadaceae,g__Pseudomonas_E,s__Pseudomonas_E gingeri_B,#10C7F7,#D9893A,#C291AD,#BCA37E,#050746,#B8F293
GCF_001307155,RS_GCF_001307155.1,d__Bacteria,p__Proteobacteria,c__Gammaproteobacteria,o__Pseudomonadales,f__Pseudomonadaceae,g__Pseudomonas_E,s__Pseudomonas_E fluorescens_E,#10C7F7,#D9893A,#C291AD,#BCA37E,#050746,#EC4DDF
GCF_000026105,RS_GCF_000026105.1,d__Bacteria,p__Proteobacteria,c__Gammaproteobacteria,o__Pseudomonadales,f__Pseudomonadaceae,g__Pseudomonas_E,s__Pseudomonas_E entomophila,#10C7F7,#D9893A,#C291AD,#BCA37E,#050746,#74BD88
GCF_000761155,RS_GCF_000761155.1,d__Bacteria,p__Proteobacteria,c__Gammaproteobacteria,o__Pseudomonadales,f__Pseudomonadaceae,g__Pseudomonas_E,s__Pseudomonas_E rhizosphaerae,#10C7F7,#D9893A,#C291AD,#BCA37E,#050746,#16A8E3
GCA_002379585,GB_GCA_002379585.1,d__Bacteria,p__Proteobacteria,c__Gammaproteobacteria,o__Pseudomonadales,f__Pseudomonadaceae,g__Pseudomonas_E,s__Pseudomonas_E sp002379585,#10C7F7,#D9893A,#C291AD,#BCA37E,#050746,#23B294
