Pattern,Match,domain;phyla;class;order;family;genus;species
GCF_001639105,RS_GCF_001639105.2,d__Bacteria;p__Proteobacteria;c__Alphaproteobacteria;o__Azospirillales;f__Azospirillaceae;g__Azospirillum;s__Azospirillum humicireducens
GCF_003610015,RS_GCF_003610015.1,d__Bacteria;p__Proteobacteria;c__Gammaproteobacteria;o__Pseudomonadales;f__Halomonadaceae;g__Zymobacter;s__Zymobacter palmae
GCA_002331385,GB_GCA_002331385.1,d__Bacteria;p__Proteobacteria;c__Gammaproteobacteria;o__Burkholderiales;f__Burkholderiaceae;g__Diaphorobacter_A;s__Diaphorobacter_A sp002331385
GCF_002289345,RS_GCF_002289345.1,d__Bacteria;p__Proteobacteria;c__Gammaproteobacteria;o__Enterobacterales;f__Alteromonadaceae;g__Pseudoalteromonas;s__Pseudoalteromonas sp002289345
GCF_000380565,RS_GCF_000380565.1,d__Bacteria;p__Proteobacteria;c__Gammaproteobacteria;o__Pseudomonadales;f__Cellvibrionaceae;g__Microbulbifer;s__Microbulbifer variabilis
GCF_005484965,RS_GCF_005484965.1,d__Bacteria;p__Proteobacteria;c__Gammaproteobacteria;o__Enterobacterales;f__Enterobacteriaceae;g__Brenneria;s__Brenneria nigrifluens
GCF_000153205,RS_GCF_000153205.1,d__Bacteria;p__Proteobacteria;c__Gammaproteobacteria;o__Nitrococcales;f__Nitrococcaceae;g__Nitrococcus;s__Nitrococcus mobilis
GCF_000300005,RS_GCF_000300005.1,d__Bacteria;p__Proteobacteria;c__Gammaproteobacteria;o__Pseudomonadales;f__Alcanivoracaceae;g__Alcanivorax;s__Alcanivorax dieselolei
GCF_900156605,RS_GCF_900156605.1,d__Bacteria;p__Proteobacteria;c__Alphaproteobacteria;o__Rhodospirillales;f__Rhodospirillaceae;g__Insolitispirillum;s__Insolitispirillum peregrinum
GCF_014202345,RS_GCF_014202345.1,d__Bacteria;p__Desulfobacterota_I;c__Desulfovibrionia;o__Desulfovibrionales;f__Desulfovibrionaceae;g__Desulfovibrio;s__Desulfovibrio intestinalis
GCF_000022125,RS_GCF_000022125.1,d__Bacteria;p__Desulfobacterota_I;c__Desulfovibrionia;o__Desulfovibrionales;f__Desulfovibrionaceae;g__Desulfovibrio;s__Desulfovibrio desulfuricans_A
GCF_002933855,RS_GCF_002933855.1,d__Bacteria;p__Proteobacteria;c__Gammaproteobacteria;o__Enterobacterales;f__Vibrionaceae;g__Vibrio;s__Vibrio penaeicida_A
GCF_000283655,RS_GCF_000283655.1,d__Bacteria;p__Proteobacteria;c__Alphaproteobacteria;o__Azospirillales;f__Azospirillaceae;g__Azospirillum;s__Azospirillum lipoferum_C
GCF_008824185,RS_GCF_008824185.1,d__Bacteria;p__Proteobacteria;c__Alphaproteobacteria;o__Rhodobacterales;f__Rhodobacteraceae;g__Paracoccus;s__Paracoccus pantotrophus
GCF_900313035,RS_GCF_900313035.1,d__Bacteria;p__Proteobacteria;c__Alphaproteobacteria;o__Rhodobacterales;f__Rhodobacteraceae;g__Ruegeria;s__Ruegeria sp900313035
GCF_003591515,RS_GCF_003591515.1,d__Bacteria;p__Proteobacteria;c__Alphaproteobacteria;o__Rhodobacterales;f__Rhodobacteraceae;g__Paracoccus;s__Paracoccus sp003591515
GCF_003007735,RS_GCF_003007735.2,d__Bacteria;p__Proteobacteria;c__Alphaproteobacteria;o__Rhodobacterales;f__Rhodobacteraceae;g__Paracoccus;s__Paracoccus marinus_A
GCF_003399765,RS_GCF_003399765.1,d__Bacteria;p__Proteobacteria;c__Gammaproteobacteria;o__Nitrococcales;f__AK92;g__AK92;s__AK92 sp003399765
GCF_001187905,RS_GCF_001187905.1,d__Bacteria;p__Proteobacteria;c__Gammaproteobacteria;o__Enterobacterales;f__Enterobacteriaceae;g__Pantoea;s__Pantoea sp001187905
GCF_000397205,RS_GCF_000397205.1,d__Bacteria;p__Proteobacteria;c__Gammaproteobacteria;o__Pseudomonadales;f__Pseudomonadaceae;g__Pseudomonas_E;s__Pseudomonas_E protegens
GCF_001709345,RS_GCF_001709345.1,d__Bacteria;p__Proteobacteria;c__Gammaproteobacteria;o__Pseudomonadales;f__Halomonadaceae;g__Terasakiispira;s__Terasakiispira papahanaumokuakeensis
GCF_011759365,RS_GCF_011759365.1,d__Bacteria;p__Proteobacteria;c__Gammaproteobacteria;o__Xanthomonadales;f__Rhodanobacteraceae;g__Luteibacter;s__Luteibacter anthropi
GCF_000012365,RS_GCF_000012365.1,d__Bacteria;p__Proteobacteria;c__Gammaproteobacteria;o__Burkholderiales;f__Burkholderiaceae;g__Burkholderia;s__Burkholderia thailandensis
GCF_000012945,RS_GCF_000012945.1,d__Bacteria;p__Proteobacteria;c__Gammaproteobacteria;o__Burkholderiales;f__Burkholderiaceae;g__Burkholderia;s__Burkholderia lata
GCF_001945445,RS_GCF_001945445.1,d__Bacteria;p__Proteobacteria;c__Gammaproteobacteria;o__Pseudomonadales;f__Pseudomonadaceae;g__Pseudomonas_E;s__Pseudomonas_E sp001945445
GCF_000503215,RS_GCF_000503215.1,d__Bacteria;p__Proteobacteria;c__Gammaproteobacteria;o__Pseudomonadales;f__Pseudomonadaceae;g__Pseudomonas_E;s__Pseudomonas_E canadensis
GCF_001579805,RS_GCF_001579805.1,d__Bacteria;p__Proteobacteria;c__Gammaproteobacteria;o__Pseudomonadales;f__Pseudomonadaceae;g__Pseudomonas_E;s__Pseudomonas_E azotoformans_A
GCF_002873455,RS_GCF_002873455.1,d__Bacteria;p__Proteobacteria;c__Gammaproteobacteria;o__Enterobacterales;f__Vibrionaceae;g__Vibrio;s__Vibrio splendidus_J
GCF_002224265,RS_GCF_002224265.1,d__Bacteria;p__Proteobacteria;c__Gammaproteobacteria;o__Enterobacterales;f__Vibrionaceae;g__Vibrio;s__Vibrio vulnificus
GCF_015471405,RS_GCF_015471405.1,d__Bacteria;p__Proteobacteria;c__Gammaproteobacteria;o__Pseudomonadales;f__Pseudomonadaceae;g__Pseudomonas_E;s__Pseudomonas_E cichorii_D
GCF_009759665,RS_GCF_009759665.1,d__Bacteria;p__Proteobacteria;c__Alphaproteobacteria;o__Rhizobiales;f__Xanthobacteraceae;g__Bradyrhizobium;s__Bradyrhizobium cajani
GCF_002831585,RS_GCF_002831585.1,d__Bacteria;p__Proteobacteria;c__Alphaproteobacteria;o__Rhizobiales;f__Xanthobacteraceae;g__Bradyrhizobium;s__Bradyrhizobium sp002831585
GCF_013386115,RS_GCF_013386115.1,d__Bacteria;p__Proteobacteria;c__Gammaproteobacteria;o__Pseudomonadales;f__Pseudomonadaceae;g__Pseudomonas_E;s__Pseudomonas_E gingeri_B
GCF_001307155,RS_GCF_001307155.1,d__Bacteria;p__Proteobacteria;c__Gammaproteobacteria;o__Pseudomonadales;f__Pseudomonadaceae;g__Pseudomonas_E;s__Pseudomonas_E fluorescens_E
GCF_000026105,RS_GCF_000026105.1,d__Bacteria;p__Proteobacteria;c__Gammaproteobacteria;o__Pseudomonadales;f__Pseudomonadaceae;g__Pseudomonas_E;s__Pseudomonas_E entomophila
GCF_000761155,RS_GCF_000761155.1,d__Bacteria;p__Proteobacteria;c__Gammaproteobacteria;o__Pseudomonadales;f__Pseudomonadaceae;g__Pseudomonas_E;s__Pseudomonas_E rhizosphaerae
GCA_002379585,GB_GCA_002379585.1,d__Bacteria;p__Proteobacteria;c__Gammaproteobacteria;o__Pseudomonadales;f__Pseudomonadaceae;g__Pseudomonas_E;s__Pseudomonas_E sp002379585
