Pattern,Match,domain;phyla;class;order;family;genus;species
GCF_009495745,RS_GCF_009495745.1,d__Bacteria;p__Proteobacteria;c__Alphaproteobacteria;o__Azospirillales;f__Azospirillaceae;g__Niveispirillum;s__Niveispirillum sp009495745
GCF_000294655,RS_GCF_000294655.1,d__Bacteria;p__Proteobacteria;c__Alphaproteobacteria;o__Rhodospirillales;f__Magnetospirillaceae;g__Phaeospirillum;s__Phaeospirillum molischianum
GCF_004343155,RS_GCF_004343155.1,d__Bacteria;p__Proteobacteria;c__Gammaproteobacteria;o__Chromatiales;f__Chromatiaceae;g__Marichromatium;s__Marichromatium gracile
GCF_000224005,RS_GCF_000224005.2,d__Bacteria;p__Proteobacteria;c__Gammaproteobacteria;o__Chromatiales;f__Chromatiaceae;g__Marichromatium;s__Marichromatium purpuratum
GCF_900187975,RS_GCF_900187975.1,d__Bacteria;p__Proteobacteria;c__Gammaproteobacteria;o__Pseudomonadales;f__Pseudomonadaceae;g__Pseudomonas;s__Pseudomonas delhiensis
GCF_013385985,RS_GCF_013385985.1,d__Bacteria;p__Proteobacteria;c__Gammaproteobacteria;o__Pseudomonadales;f__Pseudomonadaceae;g__Pseudomonas_E;s__Pseudomonas_E sp013385985
GCF_008710095,RS_GCF_008710095.1,d__Bacteria;p__Proteobacteria;c__Gammaproteobacteria;o__Enterobacterales;f__Enterobacteriaceae;g__Affinibrenneria;s__Affinibrenneria salicis
GCF_902498995,RS_GCF_902498995.1,d__Bacteria;p__Proteobacteria;c__Gammaproteobacteria;o__Burkholderiales;f__Burkholderiaceae;g__Burkholderia;s__Burkholderia anthina
GCF_002848345,RS_GCF_002848345.1,d__Bacteria;p__Proteobacteria;c__Gammaproteobacteria;o__Burkholderiales;f__Chromobacteriaceae;g__Chromobacterium;s__Chromobacterium sp002848345
GCF_000759535,RS_GCF_000759535.1,d__Bacteria;p__Proteobacteria;c__Gammaproteobacteria;o__Pseudomonadales;f__Pseudomonadaceae;g__Pseudomonas_E;s__Pseudomonas_E cremoricolorata_A
GCF_002332255,RS_GCF_002332255.1,d__Bacteria;p__Proteobacteria;c__Gammaproteobacteria;o__Pseudomonadales;f__Halomonadaceae;g__Halomonas;s__Halomonas sp002332255
GCF_014647635,RS_GCF_014647635.1,d__Bacteria;p__Proteobacteria;c__Gammaproteobacteria;o__Pseudomonadales;f__Pseudomonadaceae;g__Pseudomonas_P;s__Pseudomonas_P matsuisoli
GCF_002002905,RS_GCF_002002905.1,d__Bacteria;p__Proteobacteria;c__Gammaproteobacteria;o__Burkholderiales;f__Aquaspirillaceae;g__Rivicola;s__Rivicola sp002002905
GCF_000260965,RS_GCF_000260965.1,d__Bacteria;p__Proteobacteria;c__Gammaproteobacteria;o__Nitrosococcales;f__Methylophagaceae;g__Methylophaga;s__Methylophaga frappieri
GCF_002265265,RS_GCF_002265265.1,d__Bacteria;p__Proteobacteria;c__Gammaproteobacteria;o__Enterobacterales;f__Vibrionaceae;g__Photobacterium;s__Photobacterium sanguinicancri
GCF_013403875,RS_GCF_013403875.1,d__Bacteria;p__Proteobacteria;c__Gammaproteobacteria;o__Burkholderiales;f__Burkholderiaceae;g__Burkholderia;s__Burkholderia guangdongensis
GCF_017498525,RS_GCF_017498525.1,d__Bacteria;p__Proteobacteria;c__Gammaproteobacteria;o__Burkholderiales;f__Burkholderiaceae;g__Ottowia;s__Ottowia sp017498525
GCF_000418325,RS_GCF_000418325.1,d__Bacteria;p__Myxococcota;c__Polyangia;o__Polyangiales;f__Polyangiaceae;g__Sorangium;s__Sorangium cellulosum_D
GCF_003991975,RS_GCF_003991975.1,d__Bacteria;p__Proteobacteria;c__Gammaproteobacteria;o__Pseudomonadales;f__Pseudomonadaceae;g__Entomomonas;s__Entomomonas moraniae
GCF_001693435,RS_GCF_001693435.1,d__Bacteria;p__Proteobacteria;c__Gammaproteobacteria;o__Enterobacterales;f__Enterobacteriaceae;g__Gilliamella;s__Gilliamella apicola_N
GCF_000196255,RS_GCF_000196255.1,d__Bacteria;p__Proteobacteria;c__Gammaproteobacteria;o__Enterobacterales;f__Vibrionaceae;g__Photobacterium;s__Photobacterium profundum_A
GCA_013214905,GB_GCA_013214905.1,d__Bacteria;p__Proteobacteria;c__Gammaproteobacteria;o__Enterobacterales;f__Psychrobiaceae;g__Psychrobium;s__Psychrobium sp013214905
GCF_900637055,RS_GCF_900637055.1,d__Bacteria;p__Firmicutes;c__Bacilli;o__Brevibacillales;f__Brevibacillaceae;g__Brevibacillus;s__Brevibacillus brevis
GCF_000175795,RS_GCF_000175795.2,d__Bacteria;p__Firmicutes_A;c__Clostridia;o__Acetivibrionales;f__DSM-27016;g__Ruminiclostridium;s__Ruminiclostridium papyrosolvens
GCF_007830295,RS_GCF_007830295.1,d__Bacteria;p__Firmicutes_C;c__Negativicutes;o__Sporomusales;f__Sporomusaceae;g__Sporomusa;s__Sporomusa sp007830295
GCF_000024205,RS_GCF_000024205.1,d__Bacteria;p__Firmicutes_B;c__Desulfotomaculia;o__Desulfotomaculales;f__Desulfofarciminaceae;g__Desulfofarcimen;s__Desulfofarcimen acetoxidans
GCF_000445445,RS_GCF_000445445.1,d__Bacteria;p__Firmicutes_C;c__Negativicutes;o__Sporomusales;f__Sporomusaceae;g__Sporomusa;s__Sporomusa ovata
GCF_003966895,RS_GCF_003966895.1,d__Bacteria;p__Firmicutes_C;c__Negativicutes;o__Sporomusales;f__Sporomusaceae;g__Methylomusa;s__Methylomusa anaerophila
GCF_900112775,RS_GCF_900112775.1,d__Bacteria;p__Firmicutes_A;c__Clostridia;o__Lachnospirales;f__Lachnospiraceae;g__Clostridium_AI;s__Clostridium_AI populeti
GCF_000816085,RS_GCF_000816085.1,d__Bacteria;p__Firmicutes;c__Bacilli;o__Staphylococcales;f__Staphylococcaceae;g__Staphylococcus;s__Staphylococcus hyicus
GCF_003862475,RS_GCF_003862475.1,d__Bacteria;p__Firmicutes_A;c__Clostridia;o__Lachnospirales;f__Lachnospiraceae;g__Lachnoanaerobaculum;s__Lachnoanaerobaculum gingivalis
GCF_900445265,RS_GCF_900445265.1,d__Bacteria;p__Firmicutes_A;c__Clostridia;o__Tissierellales;f__Peptoniphilaceae;g__Anaerococcus;s__Anaerococcus octavius
GCF_000321005,RS_GCF_000321005.1,d__Bacteria;p__Firmicutes_A;c__Clostridia;o__Tissierellales;f__Peptoniphilaceae;g__Anaerococcus;s__Anaerococcus senegalensis
GCF_000473995,RS_GCF_000473995.1,d__Bacteria;p__Firmicutes_A;c__Clostridia;o__Clostridiales;f__Clostridiaceae;g__Clostridium;s__Clostridium saccharobutylicum
GCF_003208175,RS_GCF_003208175.1,d__Bacteria;p__Firmicutes_A;c__Clostridia;o__Acetivibrionales;f__DSM-27016;g__Ruminiclostridium;s__Ruminiclostridium sufflavum
GCF_001404335,RS_GCF_001404335.1,d__Bacteria;p__Firmicutes_A;c__Clostridia;o__Lachnospirales;f__Lachnospiraceae;g__Muricomes;s__Muricomes contortus_B
GCF_000021925,RS_GCF_000021925.1,d__Bacteria;p__Firmicutes_B;c__Desulfitobacteriia;o__Desulfitobacteriales;f__Desulfitobacteriaceae;g__Desulfitobacterium;s__Desulfitobacterium hafniense
GCF_000350485,RS_GCF_000350485.1,d__Bacteria;p__Firmicutes_A;c__Clostridia;o__Acetivibrionales;f__DSM-27016;g__Ruminiclostridium;s__Ruminiclostridium termitidis
GCF_015163655,RS_GCF_015163655.1,d__Bacteria;p__Proteobacteria;c__Gammaproteobacteria;o__Enterobacterales;f__Enterobacteriaceae;g__Xenorhabdus;s__Xenorhabdus griffiniae
GCF_003343245,RS_GCF_003343245.1,d__Bacteria;p__Proteobacteria;c__Gammaproteobacteria;o__Enterobacterales;f__Enterobacteriaceae;g__Photorhabdus;s__Photorhabdus laumondii
GCF_002632485,RS_GCF_002632485.1,d__Bacteria;p__Proteobacteria;c__Gammaproteobacteria;o__Enterobacterales;f__Enterobacteriaceae;g__Xenorhabdus;s__Xenorhabdus innexi
GCF_000292345,RS_GCF_000292345.1,d__Bacteria;p__Proteobacteria;c__Gammaproteobacteria;o__Burkholderiales;f__Burkholderiaceae;g__Cupriavidus;s__Cupriavidus sp000292345
GCF_001043955,RS_GCF_001043955.1,d__Bacteria;p__Proteobacteria;c__Alphaproteobacteria;o__Rhizobiales;f__Beijerinckiaceae;g__Methylobacterium;s__Methylobacterium tarhaniae
GCF_000015565,RS_GCF_000015565.1,d__Bacteria;p__Proteobacteria;c__Gammaproteobacteria;o__Burkholderiales;f__Burkholderiaceae;g__Acidovorax;s__Acidovorax eiseniae
GCF_009455685,RS_GCF_009455685.1,d__Bacteria;p__Proteobacteria;c__Gammaproteobacteria;o__Burkholderiales;f__Burkholderiaceae;g__Paraburkholderia;s__Paraburkholderia hayleyella
GCF_000175935,RS_GCF_000175935.2,d__Bacteria;p__Proteobacteria;c__Gammaproteobacteria;o__Enterobacterales;f__Enterobacteriaceae;g__Pantoea;s__Pantoea sp000175935
GCF_001598295,RS_GCF_001598295.1,d__Bacteria;p__Proteobacteria;c__Gammaproteobacteria;o__Enterobacterales;f__Enterobacteriaceae;g__Klebsiella;s__Klebsiella ornithinolytica
GCA_016864895,GB_GCA_016864895.1,d__Bacteria;p__Proteobacteria;c__Gammaproteobacteria;o__Burkholderiales;f__Neisseriaceae;g__QFNR01;s__QFNR01 sp016864895
GCF_001653135,RS_GCF_001653135.1,d__Bacteria;p__Proteobacteria;c__Gammaproteobacteria;o__Enterobacterales;f__Alteromonadaceae;g__Pseudoalteromonas;s__Pseudoalteromonas neustonica
GCF_002007605,RS_GCF_002007605.1,d__Bacteria;p__Proteobacteria;c__Gammaproteobacteria;o__Pseudomonadales;f__Cellvibrionaceae;g__Cellvibrio;s__Cellvibrio sp002007605
GCF_000214215,RS_GCF_000214215.1,d__Bacteria;p__Proteobacteria;c__Gammaproteobacteria;o__Pseudomonadales;f__Marinomonadaceae;g__Marinomonas;s__Marinomonas posidonica
GCA_017746715,GB_GCA_017746715.1,d__Bacteria;p__Cyanobacteria;c__Cyanobacteriia;o__Cyanobacteriales;f__Spirulinaceae;g__CCY15215;s__CCY15215 sp017746715
GCF_000332155,RS_GCF_000332155.1,d__Bacteria;p__Cyanobacteria;c__Cyanobacteriia;o__Cyanobacteriales;f__Microcoleaceae;g__Kamptonema;s__Kamptonema formosum
GCF_000317145,RS_GCF_000317145.1,d__Bacteria;p__Cyanobacteria;c__Cyanobacteriia;o__Cyanobacteriales;f__Chamaesiphonaceae;g__Chamaesiphon;s__Chamaesiphon minutus
GCA_002148405,GB_GCA_002148405.1,d__Bacteria;p__Cyanobacteria;c__Cyanobacteriia;o__Leptolyngbyales;f__Leptolyngbyaceae;g__MUGG01;s__MUGG01 sp002148405
GCA_011009555,GB_GCA_011009555.1,d__Bacteria;p__Cyanobacteria;c__Cyanobacteriia;o__Phormidesmiales;f__Phormidesmiaceae;g__Leptothoe;s__Leptothoe sp011009555
GCF_015207755,RS_GCF_015207755.1,d__Bacteria;p__Cyanobacteria;c__Cyanobacteriia;o__Cyanobacteriales;f__Nostocaceae;g__Nodularia;s__Nodularia sp015207755
GCA_010672865,GB_GCA_010672865.1,d__Bacteria;p__Cyanobacteria;c__Cyanobacteriia;o__Cyanobacteriales;f__SIO1D9;g__SIO1D9;s__SIO1D9 sp010672865
GCF_014695895,RS_GCF_014695895.1,d__Bacteria;p__Cyanobacteria;c__Cyanobacteriia;o__Cyanobacteriales;f__Coleofasciculaceae;g__PCC7113;s__PCC7113 sp014695895
GCF_000018105,RS_GCF_000018105.1,d__Bacteria;p__Cyanobacteria;c__Cyanobacteriia;o__Thermosynechococcales;f__Thermosynechococcaceae;g__Acaryochloris;s__Acaryochloris marina
GCF_000317515,RS_GCF_000317515.1,d__Bacteria;p__Cyanobacteria;c__Cyanobacteriia;o__Cyanobacteriales;f__Coleofasciculaceae;g__PCC7113;s__PCC7113 sp000317515
GCF_015207735,RS_GCF_015207735.1,d__Bacteria;p__Cyanobacteria;c__Cyanobacteriia;o__Cyanobacteriales;f__Phormidiaceae_A;g__Phormidium_B;s__Phormidium_B sp015207735
GCF_000317125,RS_GCF_000317125.1,d__Bacteria;p__Cyanobacteria;c__Cyanobacteriia;o__Cyanobacteriales;f__Chroococcidiopsidaceae;g__Chroococcidiopsis;s__Chroococcidiopsis thermalis
GCF_002218085,RS_GCF_002218085.1,d__Bacteria;p__Cyanobacteria;c__Cyanobacteriia;o__Cyanobacteriales;f__Nostocaceae;g__Hassallia;s__Hassallia sp002218085
GCF_000317695,RS_GCF_000317695.1,d__Bacteria;p__Cyanobacteria;c__Cyanobacteriia;o__Cyanobacteriales;f__Nostocaceae;g__Anabaena;s__Anabaena cylindrica
GCF_014698965,RS_GCF_014698965.1,d__Bacteria;p__Cyanobacteria;c__Cyanobacteriia;o__Cyanobacteriales;f__Nostocaceae;g__Iningainema;s__Iningainema tapete
GCF_000316575,RS_GCF_000316575.1,d__Bacteria;p__Cyanobacteria;c__Cyanobacteriia;o__Cyanobacteriales;f__Nostocaceae;g__Fortiea;s__Fortiea sp000316575
GCF_000734895,RS_GCF_000734895.2,d__Bacteria;p__Cyanobacteria;c__Cyanobacteriia;o__Cyanobacteriales;f__Nostocaceae;g__Calothrix;s__Calothrix sp000734895
GCA_015207155,GB_GCA_015207155.1,d__Bacteria;p__Cyanobacteria;c__Cyanobacteriia;o__Cyanobacteriales;f__Nostocaceae;g__Nodularia;s__Nodularia sp015207155
GCF_002368095,RS_GCF_002368095.1,d__Bacteria;p__Cyanobacteria;c__Cyanobacteriia;o__Cyanobacteriales;f__Nostocaceae;g__Rivularia;s__Rivularia parasitica
GCA_010672825,GB_GCA_010672825.2,d__Bacteria;p__Cyanobacteria;c__Cyanobacteriia;o__Phormidesmiales;f__Phormidesmiaceae;g__SIO1E4;s__SIO1E4 sp010672825
GCA_010692645,GB_GCA_010692645.1,d__Bacteria;p__Cyanobacteria;c__Cyanobacteriia;o__Cyanobacteriales;f__Coleofasciculaceae;g__SIO3C6;s__SIO3C6 sp010692645
GCA_010692425,GB_GCA_010692425.1,d__Bacteria;p__Cyanobacteria;c__Cyanobacteriia;o__Cyanobacteriales;f__Coleofasciculaceae;g__SIO3C6;s__SIO3C6 sp010692425
GCF_900176515,RS_GCF_900176515.1,d__Bacteria;p__Actinobacteriota;c__Actinomycetia;o__Mycobacteriales;f__Pseudonocardiaceae;g__Kibdelosporangium;s__Kibdelosporangium aridum
GCF_000377965,RS_GCF_000377965.1,d__Bacteria;p__Actinobacteriota;c__Actinomycetia;o__Streptomycetales;f__Streptomycetaceae;g__Streptomyces;s__Streptomyces sp000377965
GCF_014208095,RS_GCF_014208095.1,d__Bacteria;p__Actinobacteriota;c__Actinomycetia;o__Mycobacteriales;f__Pseudonocardiaceae;g__Pseudonocardia;s__Pseudonocardia eucalypti
GCF_000262465,RS_GCF_000262465.1,d__Bacteria;p__Actinobacteriota;c__Actinomycetia;o__Mycobacteriales;f__Frankiaceae;g__Frankia;s__Frankia sp000262465
GCF_000717135,RS_GCF_000717135.1,d__Bacteria;p__Actinobacteriota;c__Actinomycetia;o__Mycobacteriales;f__Micromonosporaceae;g__Catenuloplanes;s__Catenuloplanes japonicus
GCF_900091415,RS_GCF_900091415.1,d__Bacteria;p__Actinobacteriota;c__Actinomycetia;o__Mycobacteriales;f__Micromonosporaceae;g__Micromonospora;s__Micromonospora inyonensis
GCF_004348325,RS_GCF_004348325.1,d__Bacteria;p__Actinobacteriota;c__Actinomycetia;o__Mycobacteriales;f__Micromonosporaceae;g__Micromonospora;s__Micromonospora sp004348325
GCF_001908375,RS_GCF_001908375.1,d__Bacteria;p__Proteobacteria;c__Alphaproteobacteria;o__Rhizobiales;f__Rhizobiaceae;g__Rhizobium;s__Rhizobium etli_B
GCF_001294645,RS_GCF_001294645.1,d__Bacteria;p__Actinobacteriota;c__Actinomycetia;o__Mycobacteriales;f__Pseudonocardiaceae;g__Pseudonocardia;s__Pseudonocardia sp001294645
GCF_002262885,RS_GCF_002262885.1,d__Bacteria;p__Actinobacteriota;c__Actinomycetia;o__Mycobacteriales;f__Pseudonocardiaceae;g__Pseudonocardia;s__Pseudonocardia sp002262885
GCF_015477765,RS_GCF_015477765.1,d__Bacteria;p__Actinobacteriota;c__Actinomycetia;o__Mycobacteriales;f__Mycobacteriaceae;g__Nocardia;s__Nocardia transvalensis_A
GCF_013410405,RS_GCF_013410405.1,d__Bacteria;p__Actinobacteriota;c__Actinomycetia;o__Mycobacteriales;f__Pseudonocardiaceae;g__Amycolatopsis;s__Amycolatopsis endophytica
GCF_900116145,RS_GCF_900116145.1,d__Bacteria;p__Actinobacteriota;c__Actinomycetia;o__Streptomycetales;f__Streptomycetaceae;g__Streptomyces;s__Streptomyces harbinensis
GCF_001984575,RS_GCF_001984575.1,d__Bacteria;p__Actinobacteriota;c__Actinomycetia;o__Streptomycetales;f__Streptomycetaceae;g__Streptomyces;s__Streptomyces sp001984575
GCF_006539165,RS_GCF_006539165.1,d__Bacteria;p__Actinobacteriota;c__Actinomycetia;o__Streptomycetales;f__Streptomycetaceae;g__Streptomyces;s__Streptomyces cacaoi
GCF_000424825,RS_GCF_000424825.1,d__Bacteria;p__Actinobacteriota;c__Actinomycetia;o__Streptomycetales;f__Streptomycetaceae;g__Streptomyces;s__Streptomyces sp000424825
GCF_000478275,RS_GCF_000478275.1,d__Bacteria;p__Actinobacteriota;c__Actinomycetia;o__Mycobacteriales;f__Pseudonocardiaceae;g__Amycolatopsis;s__Amycolatopsis orientalis
GCF_014648475,RS_GCF_014648475.1,d__Bacteria;p__Actinobacteriota;c__Actinomycetia;o__Mycobacteriales;f__Pseudonocardiaceae;g__Lentzea;s__Lentzea flava
GCF_001698125,RS_GCF_001698125.1,d__Bacteria;p__Actinobacteriota;c__Actinomycetia;o__Mycobacteriales;f__Pseudonocardiaceae;g__Pseudonocardia;s__Pseudonocardia sp001698125
GCF_900105055,RS_GCF_900105055.1,d__Bacteria;p__Actinobacteriota;c__Actinomycetia;o__Mycobacteriales;f__Pseudonocardiaceae;g__Amycolatopsis;s__Amycolatopsis lurida
GCF_000342005,RS_GCF_000342005.1,d__Bacteria;p__Actinobacteriota;c__Actinomycetia;o__Mycobacteriales;f__Pseudonocardiaceae;g__Amycolatopsis;s__Amycolatopsis decaplanina
GCF_003751085,RS_GCF_003751085.1,d__Bacteria;p__Actinobacteriota;c__Actinomycetia;o__Mycobacteriales;f__Micromonosporaceae;g__Micromonospora_E;s__Micromonospora_E sp003751085
GCF_900091565,RS_GCF_900091565.1,d__Bacteria;p__Actinobacteriota;c__Actinomycetia;o__Mycobacteriales;f__Micromonosporaceae;g__Micromonospora;s__Micromonospora marina
GCF_000429085,RS_GCF_000429085.1,d__Bacteria;p__Actinobacteriota;c__Actinomycetia;o__Streptomycetales;f__Streptomycetaceae;g__Streptomyces;s__Streptomyces flavidovirens
GCF_900100275,RS_GCF_900100275.1,d__Bacteria;p__Actinobacteriota;c__Actinomycetia;o__Mycobacteriales;f__Pseudonocardiaceae;g__Lentzea;s__Lentzea violacea
GCF_900104175,RS_GCF_900104175.1,d__Bacteria;p__Actinobacteriota;c__Actinomycetia;o__Mycobacteriales;f__Pseudonocardiaceae;g__Lentzea;s__Lentzea jiangxiensis
GCF_900111005,RS_GCF_900111005.1,d__Bacteria;p__Actinobacteriota;c__Actinomycetia;o__Mycobacteriales;f__Pseudonocardiaceae;g__Lentzea;s__Lentzea albida
GCF_900091435,RS_GCF_900091435.1,d__Bacteria;p__Actinobacteriota;c__Actinomycetia;o__Mycobacteriales;f__Micromonosporaceae;g__Micromonospora;s__Micromonospora chaiyaphumensis
GCF_003634935,RS_GCF_003634935.1,d__Bacteria;p__Actinobacteriota;c__Actinomycetia;o__Mycobacteriales;f__Pseudonocardiaceae;g__Actinosynnema;s__Actinosynnema australiense
GCF_001953865,RS_GCF_001953865.1,d__Bacteria;p__Actinobacteriota;c__Actinomycetia;o__Mycobacteriales;f__Pseudonocardiaceae;g__Amycolatopsis;s__Amycolatopsis coloradensis
GCF_000744225,RS_GCF_000744225.1,d__Bacteria;p__Actinobacteriota;c__Actinomycetia;o__Streptomycetales;f__Streptomycetaceae;g__Kitasatospora;s__Kitasatospora mediocidica
GCF_001905345,RS_GCF_001905345.1,d__Bacteria;p__Actinobacteriota;c__Actinomycetia;o__Streptomycetales;f__Streptomycetaceae;g__Streptomyces;s__Streptomyces uncialis
GCF_014202315,RS_GCF_014202315.1,d__Bacteria;p__Actinobacteriota;c__Actinomycetia;o__Streptosporangiales;f__Streptosporangiaceae;g__Thermocatellispora;s__Thermocatellispora tengchongensis
GCF_013870515,RS_GCF_013870515.1,d__Bacteria;p__Actinobacteriota;c__Actinomycetia;o__Streptomycetales;f__Streptomycetaceae;g__Streptomyces;s__Streptomyces albidus
GCF_014204915,RS_GCF_014204915.1,d__Bacteria;p__Actinobacteriota;c__Actinomycetia;o__Mycobacteriales;f__Pseudonocardiaceae;g__Crossiella;s__Crossiella cryophila
GCF_000062885,RS_GCF_000062885.1,d__Bacteria;p__Actinobacteriota;c__Actinomycetia;o__Mycobacteriales;f__Pseudonocardiaceae;g__Saccharopolyspora_D;s__Saccharopolyspora_D erythraea
GCF_014323725,RS_GCF_014323725.1,d__Bacteria;p__Actinobacteriota;c__Actinomycetia;o__Mycobacteriales;f__Pseudonocardiaceae;g__Actinokineospora;s__Actinokineospora xionganensis
GCF_000355695,RS_GCF_000355695.1,d__Bacteria;p__Actinobacteriota;c__Actinomycetia;o__Actinomycetales;f__Microbacteriaceae;g__Clavibacter;s__Clavibacter nebraskensis
GCF_005048155,RS_GCF_005048155.1,d__Bacteria;p__Actinobacteriota;c__Actinomycetia;o__Streptomycetales;f__Streptomycetaceae;g__Streptomyces;s__Streptomyces piniterrae
GCF_002005565,RS_GCF_002005565.1,d__Bacteria;p__Actinobacteriota;c__Actinomycetia;o__Streptomycetales;f__Streptomycetaceae;g__Streptomyces;s__Streptomyces sp002005565
GCF_900119315,RS_GCF_900119315.1,d__Bacteria;p__Actinobacteriota;c__Actinomycetia;o__Mycobacteriales;f__Micromonosporaceae;g__Actinoplanes;s__Actinoplanes sp900119315
GCF_001590865,RS_GCF_001590865.1,d__Bacteria;p__Actinobacteriota;c__Actinomycetia;o__Streptomycetales;f__Streptomycetaceae;g__Streptomyces;s__Streptomyces sp001590865
GCF_000761215,RS_GCF_000761215.1,d__Bacteria;p__Actinobacteriota;c__Actinomycetia;o__Streptomycetales;f__Streptomycetaceae;g__Streptomyces;s__Streptomyces glaucescens
GCF_003865135,RS_GCF_003865135.1,d__Bacteria;p__Actinobacteriota;c__Actinomycetia;o__Streptomycetales;f__Streptomycetaceae;g__Streptomyces;s__Streptomyces chrestomyceticus
GCF_000091305,RS_GCF_000091305.1,d__Bacteria;p__Actinobacteriota;c__Actinomycetia;o__Streptomycetales;f__Streptomycetaceae;g__Streptomyces;s__Streptomyces scabiei
GCF_014645895,RS_GCF_014645895.1,d__Bacteria;p__Actinobacteriota;c__Actinomycetia;o__Streptomycetales;f__Streptomycetaceae;g__Streptomyces;s__Streptomyces daqingensis
GCF_011193355,RS_GCF_011193355.1,d__Bacteria;p__Actinobacteriota;c__Actinomycetia;o__Streptomycetales;f__Streptomycetaceae;g__Streptomyces;s__Streptomyces sp011193355
GCF_004363835,RS_GCF_004363835.1,d__Bacteria;p__Actinobacteriota;c__Actinomycetia;o__Streptomycetales;f__Streptomycetaceae;g__Streptomyces;s__Streptomyces sp004363835
GCF_900100955,RS_GCF_900100955.1,d__Bacteria;p__Actinobacteriota;c__Actinomycetia;o__Mycobacteriales;f__Pseudonocardiaceae;g__Lentzea;s__Lentzea fradiae
GCF_014648415,RS_GCF_014648415.1,d__Bacteria;p__Actinobacteriota;c__Actinomycetia;o__Mycobacteriales;f__Pseudonocardiaceae;g__Actinokineospora;s__Actinokineospora fastidiosa
GCF_010550675,RS_GCF_010550675.1,d__Bacteria;p__Actinobacteriota;c__Actinomycetia;o__Jiangellales;f__Jiangellaceae;g__Phytoactinopolyspora;s__Phytoactinopolyspora halotolerans
GCF_001815905,RS_GCF_001815905.1,d__Bacteria;p__Actinobacteriota;c__Actinomycetia;o__Actinomycetales;f__Brevibacteriaceae;g__Brevibacterium;s__Brevibacterium sp001815905
GCF_014655715,RS_GCF_014655715.1,d__Bacteria;p__Actinobacteriota;c__Actinomycetia;o__Streptomycetales;f__Streptomycetaceae;g__Streptomyces;s__Streptomyces lanatus
GCF_000177195,RS_GCF_000177195.2,d__Bacteria;p__Actinobacteriota;c__Actinomycetia;o__Streptomycetales;f__Streptomycetaceae;g__Streptomyces;s__Streptomyces sp000177195
GCF_014651155,RS_GCF_014651155.1,d__Bacteria;p__Actinobacteriota;c__Actinomycetia;o__Streptomycetales;f__Streptomycetaceae;g__Streptomyces;s__Streptomyces anthocyanicus
GCF_000620785,RS_GCF_000620785.1,d__Bacteria;p__Actinobacteriota;c__Actinomycetia;o__Mycobacteriales;f__Pseudonocardiaceae;g__Pseudonocardia;s__Pseudonocardia acaciae
GCF_001921215,RS_GCF_001921215.1,d__Bacteria;p__Actinobacteriota;c__Actinomycetia;o__Mycobacteriales;f__Pseudonocardiaceae;g__Actinophytocola;s__Actinophytocola xinjiangensis
GCF_013410755,RS_GCF_013410755.1,d__Bacteria;p__Actinobacteriota;c__Actinomycetia;o__Streptosporangiales;f__Streptosporangiaceae;g__Nocardiopsis;s__Nocardiopsis aegyptia
GCF_900101685,RS_GCF_900101685.1,d__Bacteria;p__Actinobacteriota;c__Actinomycetia;o__Mycobacteriales;f__Pseudonocardiaceae;g__Actinokineospora;s__Actinokineospora iranica
GCF_014647895,RS_GCF_014647895.1,d__Bacteria;p__Actinobacteriota;c__Actinomycetia;o__Mycobacteriales;f__Micromonosporaceae;g__Pilimelia;s__Pilimelia anulata
GCF_013131805,RS_GCF_013131805.1,d__Bacteria;p__Actinobacteriota;c__Actinomycetia;o__Propionibacteriales;f__Kribbellaceae;g__Kribbella;s__Kribbella sandramycini
GCF_001280015,RS_GCF_001280015.1,d__Bacteria;p__Actinobacteriota;c__Actinomycetia;o__Streptomycetales;f__Streptomycetaceae;g__Streptomyces;s__Streptomyces sp001280015
GCF_007829815,RS_GCF_007829815.1,d__Bacteria;p__Actinobacteriota;c__Actinomycetia;o__Streptomycetales;f__Streptomycetaceae;g__Kitasatospora;s__Kitasatospora viridis
GCF_000720635,RS_GCF_000720635.1,d__Bacteria;p__Actinobacteriota;c__Actinomycetia;o__Streptomycetales;f__Streptomycetaceae;g__Kitasatospora;s__Kitasatospora sp000720635
GCF_001612745,RS_GCF_001612745.1,d__Bacteria;p__Actinobacteriota;c__Actinomycetia;o__Mycobacteriales;f__Mycobacteriaceae;g__Nocardia;s__Nocardia amamiensis
GCF_003315035,RS_GCF_003315035.1,d__Bacteria;p__Actinobacteriota;c__Actinomycetia;o__Mycobacteriales;f__Mycobacteriaceae;g__Nocardia;s__Nocardia puris
GCF_000284035,RS_GCF_000284035.1,d__Bacteria;p__Actinobacteriota;c__Actinomycetia;o__Mycobacteriales;f__Mycobacteriaceae;g__Nocardia;s__Nocardia cyriacigeorgica_B
GCF_000308455,RS_GCF_000308455.1,d__Bacteria;p__Actinobacteriota;c__Actinomycetia;o__Mycobacteriales;f__Mycobacteriaceae;g__Nocardia;s__Nocardia abscessus
GCF_001280085,RS_GCF_001280085.1,d__Bacteria;p__Actinobacteriota;c__Actinomycetia;o__Mycobacteriales;f__Pseudonocardiaceae;g__Actinosynnema;s__Actinosynnema sp001280085
GCF_004339565,RS_GCF_004339565.1,d__Bacteria;p__Actinobacteriota;c__Actinomycetia;o__Mycobacteriales;f__Pseudonocardiaceae;g__Pseudonocardia;s__Pseudonocardia endophytica
GCF_014651035,RS_GCF_014651035.1,d__Bacteria;p__Actinobacteriota;c__Actinomycetia;o__Streptomycetales;f__Streptomycetaceae;g__Streptomyces;s__Streptomyces lomondensis
GCF_016756395,RS_GCF_016756395.1,d__Bacteria;p__Actinobacteriota;c__Actinomycetia;o__Streptomycetales;f__Streptomycetaceae;g__Streptomyces;s__Streptomyces sp016756395
GCF_001854695,RS_GCF_001854695.1,d__Bacteria;p__Actinobacteriota;c__Actinomycetia;o__Mycobacteriales;f__Frankiaceae;g__Frankia;s__Frankia soli
GCF_014646255,RS_GCF_014646255.1,d__Bacteria;p__Actinobacteriota;c__Actinomycetia;o__Mycobacteriales;f__Pseudonocardiaceae;g__Lentzea;s__Lentzea pudingi
GCF_000231075,RS_GCF_000231075.2,d__Bacteria;p__Actinobacteriota;c__Actinomycetia;o__Mycobacteriales;f__Pseudonocardiaceae;g__Amycolatopsis;s__Amycolatopsis sp000231075
GCF_002796545,RS_GCF_002796545.1,d__Bacteria;p__Actinobacteriota;c__Actinomycetia;o__Mycobacteriales;f__Pseudonocardiaceae;g__Amycolatopsis;s__Amycolatopsis sp002796545
GCF_000383915,RS_GCF_000383915.1,d__Bacteria;p__Actinobacteriota;c__Actinomycetia;o__Mycobacteriales;f__Pseudonocardiaceae;g__Amycolatopsis;s__Amycolatopsis benzoatilytica
GCF_000024385,RS_GCF_000024385.1,d__Bacteria;p__Actinobacteriota;c__Actinomycetia;o__Streptosporangiales;f__Streptosporangiaceae;g__Thermomonospora;s__Thermomonospora curvata
GCF_003589885,RS_GCF_003589885.1,d__Bacteria;p__Actinobacteriota;c__Actinomycetia;o__Streptosporangiales;f__Streptosporangiaceae;g__Thermomonospora;s__Thermomonospora amylolytica
GCF_015751755,RS_GCF_015751755.1,d__Bacteria;p__Actinobacteriota;c__Actinomycetia;o__Streptosporangiales;f__Streptosporangiaceae;g__Spirillospora;s__Spirillospora viridis
GCF_001552195,RS_GCF_001552195.1,d__Bacteria;p__Actinobacteriota;c__Actinomycetia;o__Streptosporangiales;f__Streptosporangiaceae;g__Spirillospora;s__Spirillospora latina
GCF_008327685,RS_GCF_008327685.1,d__Bacteria;p__Actinobacteriota;c__Actinomycetia;o__Streptosporangiales;f__Streptosporangiaceae;g__Spirillospora;s__Spirillospora sp008327685
GCF_017573505,RS_GCF_017573505.1,d__Bacteria;p__Actinobacteriota;c__Actinomycetia;o__Streptosporangiales;f__Streptosporangiaceae;g__Spirillospora;s__Spirillospora barringtoniae
GCF_001747425,RS_GCF_001747425.1,d__Bacteria;p__Actinobacteriota;c__Actinomycetia;o__Mycobacteriales;f__Pseudonocardiaceae;g__Actinoalloteichus;s__Actinoalloteichus hymeniacidonis
GCF_000341265,RS_GCF_000341265.1,d__Bacteria;p__Actinobacteriota;c__Actinomycetia;o__Streptosporangiales;f__Streptosporangiaceae;g__Nocardiopsis;s__Nocardiopsis prasina
GCF_001894785,RS_GCF_001894785.1,d__Bacteria;p__Actinobacteriota;c__Actinomycetia;o__Mycobacteriales;f__Mycobacteriaceae;g__Rhodococcus_B;s__Rhodococcus_B fascians
GCF_002259405,RS_GCF_002259405.1,d__Bacteria;p__Actinobacteriota;c__Actinomycetia;o__Mycobacteriales;f__Mycobacteriaceae;g__Rhodococcus_B;s__Rhodococcus_B sp002259405
GCF_001598915,RS_GCF_001598915.1,d__Bacteria;p__Actinobacteriota;c__Actinomycetia;o__Mycobacteriales;f__Mycobacteriaceae;g__Williamsia;s__Williamsia muralis
GCA_013348785,GB_GCA_013348785.1,d__Bacteria;p__Actinobacteriota;c__Actinomycetia;o__Mycobacteriales;f__Mycobacteriaceae;g__Gordonia;s__Gordonia sp013348785
GCF_000024785,RS_GCF_000024785.1,d__Bacteria;p__Actinobacteriota;c__Actinomycetia;o__Mycobacteriales;f__Mycobacteriaceae;g__Gordonia;s__Gordonia bronchialis
GCF_000333035,RS_GCF_000333035.1,d__Bacteria;p__Actinobacteriota;c__Actinomycetia;o__Mycobacteriales;f__Mycobacteriaceae;g__Gordonia;s__Gordonia sihwensis
GCF_003855095,RS_GCF_003855095.1,d__Bacteria;p__Actinobacteriota;c__Actinomycetia;o__Mycobacteriales;f__Mycobacteriaceae;g__Gordonia;s__Gordonia insulae
GCF_000241305,RS_GCF_000241305.1,d__Bacteria;p__Actinobacteriota;c__Actinomycetia;o__Mycobacteriales;f__Mycobacteriaceae;g__Gordonia;s__Gordonia effusa
GCA_002477755,GB_GCA_002477755.1,d__Bacteria;p__Actinobacteriota;c__Actinomycetia;o__Mycobacteriales;f__Mycobacteriaceae;g__Gordonia;s__Gordonia sp002477755
GCA_014041935,GB_GCA_014041935.1,d__Bacteria;p__Actinobacteriota;c__Actinomycetia;o__Mycobacteriales;f__Mycobacteriaceae;g__Gordonia;s__Gordonia sp014041935
GCF_000964005,RS_GCF_000964005.1,d__Bacteria;p__Actinobacteriota;c__Actinomycetia;o__Mycobacteriales;f__Mycobacteriaceae;g__Williamsia_A;s__Williamsia_A herbipolensis
GCF_000010805,RS_GCF_000010805.1,d__Bacteria;p__Actinobacteriota;c__Actinomycetia;o__Mycobacteriales;f__Mycobacteriaceae;g__Rhodococcus;s__Rhodococcus opacus_C
GCF_016482825,RS_GCF_016482825.1,d__Bacteria;p__Actinobacteriota;c__Actinomycetia;o__Mycobacteriales;f__Mycobacteriaceae;g__Antrihabitans;s__Antrihabitans sp016482825
GCF_012932915,RS_GCF_012932915.1,d__Bacteria;p__Actinobacteriota;c__Actinomycetia;o__Mycobacteriales;f__Mycobacteriaceae;g__Antrihabitans;s__Antrihabitans stalactiti
GCF_007489285,RS_GCF_007489285.1,d__Bacteria;p__Actinobacteriota;c__Actinomycetia;o__Mycobacteriales;f__Mycobacteriaceae;g__ID1734;s__ID1734 sp007489285
GCF_003696265,RS_GCF_003696265.1,d__Bacteria;p__Actinobacteriota;c__Actinomycetia;o__Mycobacteriales;f__Mycobacteriaceae;g__Nocardia;s__Nocardia stercoris
GCF_001886715,RS_GCF_001886715.1,d__Bacteria;p__Actinobacteriota;c__Actinomycetia;o__Mycobacteriales;f__Mycobacteriaceae;g__Nocardia;s__Nocardia mangyaensis
GCF_015477805,RS_GCF_015477805.1,d__Bacteria;p__Actinobacteriota;c__Actinomycetia;o__Mycobacteriales;f__Mycobacteriaceae;g__Nocardia;s__Nocardia flavorosea_A
GCF_000308635,RS_GCF_000308635.1,d__Bacteria;p__Actinobacteriota;c__Actinomycetia;o__Mycobacteriales;f__Mycobacteriaceae;g__Nocardia;s__Nocardia otitidiscaviarum
GCF_001612665,RS_GCF_001612665.1,d__Bacteria;p__Actinobacteriota;c__Actinomycetia;o__Mycobacteriales;f__Mycobacteriaceae;g__Nocardia;s__Nocardia alba
GCF_001613125,RS_GCF_001613125.1,d__Bacteria;p__Actinobacteriota;c__Actinomycetia;o__Mycobacteriales;f__Mycobacteriaceae;g__Nocardia;s__Nocardia shimofusensis
GCF_001612725,RS_GCF_001612725.1,d__Bacteria;p__Actinobacteriota;c__Actinomycetia;o__Mycobacteriales;f__Mycobacteriaceae;g__Nocardia;s__Nocardia anaemiae
GCF_001612615,RS_GCF_001612615.1,d__Bacteria;p__Actinobacteriota;c__Actinomycetia;o__Mycobacteriales;f__Mycobacteriaceae;g__Nocardia;s__Nocardia amikacinitolerans
GCF_000185725,RS_GCF_000185725.2,d__Bacteria;p__Actinobacteriota;c__Actinomycetia;o__Mycobacteriales;f__Mycobacteriaceae;g__Segniliparus;s__Segniliparus rugosus
GCF_010726245,RS_GCF_010726245.1,d__Bacteria;p__Actinobacteriota;c__Actinomycetia;o__Mycobacteriales;f__Mycobacteriaceae;g__Mycobacterium;s__Mycobacterium aichiense
GCA_900078375,GB_GCA_900078375.1,d__Bacteria;p__Actinobacteriota;c__Actinomycetia;o__Mycobacteriales;f__Mycobacteriaceae;g__Mycobacterium;s__Mycobacterium sp900078375
GCA_000069185,GB_GCA_000069185.1,d__Bacteria;p__Actinobacteriota;c__Actinomycetia;o__Mycobacteriales;f__Mycobacteriaceae;g__Mycobacterium;s__Mycobacterium abscessus
GCF_010730955,RS_GCF_010730955.1,d__Bacteria;p__Actinobacteriota;c__Actinomycetia;o__Mycobacteriales;f__Mycobacteriaceae;g__Mycobacterium;s__Mycobacterium aubagnense
GCA_016197365,GB_GCA_016197365.1,d__Bacteria;p__Actinobacteriota;c__Actinomycetia;o__Mycobacteriales;f__Mycobacteriaceae;g__Mycobacterium;s__Mycobacterium cosmeticum_A
GCF_010727125,RS_GCF_010727125.1,d__Bacteria;p__Actinobacteriota;c__Actinomycetia;o__Mycobacteriales;f__Mycobacteriaceae;g__Mycobacterium;s__Mycobacterium terrae
GCF_000195955,RS_GCF_000195955.2,d__Bacteria;p__Actinobacteriota;c__Actinomycetia;o__Mycobacteriales;f__Mycobacteriaceae;g__Mycobacterium;s__Mycobacterium tuberculosis
GCF_000157895,RS_GCF_000157895.3,d__Bacteria;p__Actinobacteriota;c__Actinomycetia;o__Mycobacteriales;f__Mycobacteriaceae;g__Mycobacterium;s__Mycobacterium kansasii
GCF_010730195,RS_GCF_010730195.1,d__Bacteria;p__Actinobacteriota;c__Actinomycetia;o__Mycobacteriales;f__Mycobacteriaceae;g__Mycobacterium;s__Mycobacterium conspicuum
GCF_002356315,RS_GCF_002356315.1,d__Bacteria;p__Actinobacteriota;c__Actinomycetia;o__Mycobacteriales;f__Mycobacteriaceae;g__Mycobacterium;s__Mycobacterium shigaense
GCA_002291465,GB_GCA_002291465.1,d__Bacteria;p__Actinobacteriota;c__Actinomycetia;o__Mycobacteriales;f__Mycobacteriaceae;g__Mycobacterium;s__Mycobacterium lepraemurium
GCF_010731595,RS_GCF_010731595.1,d__Bacteria;p__Actinobacteriota;c__Actinomycetia;o__Mycobacteriales;f__Mycobacteriaceae;g__Mycobacterium;s__Mycobacterium seoulense
