WP_216850726.1	WP_216850726.1_522.2i/309.5t/h_trans-2_
WP_205736721.1	WP_205736721.1_520i/308.7t/h_trans-2_
WP_193901724.1	WP_193901724.1_518.2i/325.4t/312h_trans-0_
WP_169890531.1	WP_169890531.1_517i/321.4t/307.1h_trans-1_
WP_217857305.1	WP_217857305.1_515.8i/321.8t/301.3h_trans-1_
WP_057022618.1	WP_057022618.1_515.5i/321.8t/311.7h_trans-1_
WP_057011246.1	WP_057011246.1_515.3i/321.4t/309.6h_trans-1_
WP_181640117.1	WP_181640117.1_515i/320.8t/306.7h_trans-1_
WP_126025292.1	WP_126025292.1_514.9i/311.2t/h_trans-0_
WP_135846354.1	WP_135846354.1_514.5i/323.5t/h_trans-1_
WP_186642169.1	WP_186642169.1_513.7i/321.2t/h_trans-1_
WP_004999813.1	WP_004999813.1_513.4i/319.7t/h_trans-1_
WP_213607243.1	WP_213607243.1_513i/321.2t/309.2h_trans-3_
WP_225923850.1	WP_225923850.1_512.9i/316.2t/305.1h_trans-1_
WP_192560201.1	WP_192560201.1_512.7i/318.1t/h_trans-1_
WP_149632487.1	WP_149632487.1_511.8i/321.1t/h_trans-1_
WP_217859990.1	WP_217859990.1_511.4i/317.9t/h_trans-1_
WP_092279733.1	WP_092279733.1_511.1i/319.1t/303.3h_trans-1_
WP_186613653.1	WP_186613653.1_511.1i/318.9t/299.8h_trans-1_
WP_012356045.1	WP_012356045.1_510.7i/307.5t/h_trans-1_
WP_180699862.1	WP_180699862.1_510.5i/318.9t/h_trans-1_
WP_175537854.1	WP_175537854.1_510.2i/320.4t/h_trans-0_
WP_180092472.1	WP_180092472.1_510.2i/313.7t/h_trans-4_
WP_105344279.1	WP_105344279.1_509.8i/319.4t/302.6h_trans-1_
WP_203543676.1	WP_203543676.1_509.7i/320.5t/h_trans-2_
WP_192564157.1	WP_192564157.1_509.7i/317.3t/302.8h_trans-1_
WP_136227869.1	WP_136227869.1_509.7i/317.3t/h_trans-1_
WP_063028503.1	WP_063028503.1_509.2i/316.5t/311.4h_trans-1_
WP_096651826.1	WP_096651826.1_509.2i/312.7t/h_trans-0_
WP_139970991.1	WP_139970991.1_508.9i/310t/h_trans-1_
WP_163500592.1	WP_163500592.1_508.6i/311.4t/h_trans-3_
WP_151069544.1	WP_151069544.1_506.9i/316.4t/h_trans-1_
WP_062803084.1	WP_062803084.1_506.9i/306.7t/h_trans-1_
WP_008737432.1	WP_008737432.1_505.7i/303.5t/h_trans-1_
WP_183294151.1	WP_183294151.1_505i/305.9t/h_trans-0_
WP_130391349.1	WP_130391349.1_504.6i/306t/h_trans-1_
WP_028695076.1	WP_028695076.1_504.5i/317.7t/307h_trans-1_
WP_211230608.1	WP_211230608.1_503.8i/314.4t/h_trans-0_
WP_081905288.1	WP_081905288.1_496.9i/320.9t/h_trans-1_
WP_144572755.1	WP_144572755.1_496.5i/305.9t/h_trans-1_
WP_142050971.1	WP_142050971.1_491.1i/t/h_trans-1_
WP_126072804.1	WP_126072804.1_488.8i/304.3t/h_trans-1_
WP_090382747.1	WP_090382747.1_488.8i/302.8t/h_trans-1_
WP_190424036.1	WP_190424036.1_488.7i/316.4t/h_trans-3_
WP_013660137.1	WP_013660137.1_488.4i/339.7t/h_trans-3_
WP_125251333.1	WP_125251333.1_488i/304.4t/h_trans-1_
WP_004371483.1	WP_004371483.1_488i/t/h_trans-0_
WP_193191967.1	WP_193191967.1_487.8i/305.8t/h_trans-1_
WP_197513523.1	WP_197513523.1_487.6i/t/h_trans-1_
WP_222242047.1	WP_222242047.1_486.8i/300.4t/h_trans-1_
WP_090358738.1	WP_090358738.1_485.7i/316.7t/h_trans-3_
WP_205519778.1	WP_205519778.1_485.6i/314.8t/h_trans-3_
WP_202210839.1	WP_202210839.1_485.5i/310.3t/h_trans-3_
WP_027856251.1	WP_027856251.1_485.3i/342.3t/h_trans-3_
WP_060693127.1	WP_060693127.1_484.4i/310.2t/h_trans-3_
WP_186556090.1	WP_186556090.1_483.6i/302.8t/h_trans-1_
WP_174464482.1	WP_174464482.1_483.3i/t/h_trans-1_
WP_186674709.1	WP_186674709.1_478.7i/303t/h_trans-1_
WP_186686891.1	WP_186686891.1_478.4i/301.9t/h_trans-1_
WP_161982258.1	WP_161982258.1_477.9i/353.8t/310.9h_trans-0_
WP_082853297.1	WP_082853297.1_477.6i/t/h_trans-1_
WP_183040187.1	WP_183040187.1_475.6i/311.5t/h_trans-3_
WP_010365469.1	WP_010365469.1_475.3i/t/h_trans-1_
WP_080888220.1	WP_080888220.1_474.7i/362.1t/315.6h_trans-1_
WP_074879468.1	WP_074879468.1_473.1i/327.8t/h_trans-1_
WP_206418200.1	WP_206418200.1_471.3i/324.4t/h_trans-1_
WP_153135986.1	WP_153135986.1_470.8i/300.2t/h_trans-3_
WP_047703406.1	WP_047703406.1_470.5i/323.2t/299.6h_trans-1_
WP_084335043.1	WP_084335043.1_470.5i/322.2t/h_trans-0_
WP_201374213.1	WP_201374213.1_468.1i/375.2t/335.9h_trans-0_
WP_172632000.1	WP_172632000.1_467.5i/357.7t/324.2h_trans-0_
WP_057009827.1	WP_057009827.1_466.9i/322.6t/h_trans-1_
WP_060547895.1	WP_060547895.1_466.2i/319.9t/h_trans-1_
WP_089359138.1	WP_089359138.1_466.1i/321.6t/h_trans-1_
WP_151759270.1	WP_151759270.1_465.3i/373t/h_trans-0_
WP_152746359.1	WP_152746359.1_464.6i/321.7t/h_trans-1_
WP_176687637.1	WP_176687637.1_464.5i/317.1t/h_trans-1_
WP_186291503.1	WP_186291503.1_464.3i/t/h_trans-1_
WP_069018534.1	WP_069018534.1_463.9i/318.2t/h_trans-1_
WP_174471240.1	WP_174471240.1_463.4i/t/h_trans-1_
WP_042956661.1	WP_042956661.1_463.2i/317.3t/300.1h_trans-1_
WP_090901713.1	WP_090901713.1_462.9i/354.8t/311.6h_trans-0_
WP_186704823.1	WP_186704823.1_462.9i/318t/h_trans-1_
WP_110571959.1	WP_110571959.1_461.1i/316.6t/h_trans-3_
WP_044617772.1	WP_044617772.1_460.9i/332.8t/h_trans-0_
WP_201376310.1	WP_201376310.1_460.8i/359.5t/325.5h_trans-0_
WP_046036800.1	WP_046036800.1_460.2i/318.9t/h_trans-0_
WP_186654440.1	WP_186654440.1_460.1i/314.5t/h_trans-0_
WP_090749500.1	WP_090749500.1_459.8i/355.1t/306.9h_trans-1_
WP_053046640.1	WP_053046640.1_459.6i/319.6t/h_trans-0_
WP_144241632.1	WP_144241632.1_458.4i/300.5t/h_trans-0_
WP_047701005.1	WP_047701005.1_457i/301.5t/h_trans-0_
WP_086932862.1	WP_086932862.1_456.4i/321.3t/h_trans-1_
WP_149199761.1	WP_149199761.1_456.4i/t/h_trans-1_
WP_051427730.1	WP_051427730.1_456.1i/329t/h_trans-3_
WP_206402436.1	WP_206402436.1_455.8i/329.5t/h_trans-3_
WP_024780706.1	WP_024780706.1_455.2i/301.2t/h_trans-0_
WP_217859651.1	WP_217859651.1_454.3i/329.2t/h_trans-3_
WP_084624102.1	WP_084624102.1_454.2i/318.2t/h_trans-2_
WP_135845728.1	WP_135845728.1_454.2i/t/h_trans-0_
WP_201364095.1	WP_201364095.1_453.1i/344.9t/334.4h_trans-0_
WP_183455524.1	WP_183455524.1_452.6i/308.8t/h_trans-0_
WP_019362484.1	WP_019362484.1_452.6i/301.5t/h_trans-0_
WP_010446070.1	WP_010446070.1_452.4i/300.7t/h_trans-0_
WP_083251799.1	WP_083251799.1_451.3i/326.9t/h_trans-3_
WP_040069811.1	WP_040069811.1_451.1i/t/h_trans-0_
WP_158296368.1	WP_158296368.1_450.4i/328.3t/h_trans-3_
WP_171626037.1	WP_171626037.1_450.2i/318.7t/h_trans-1_
WP_126612616.1	WP_126612616.1_449i/t/h_trans-1_
WP_074849783.1	WP_074849783.1_448.7i/326.6t/h_trans-3_
WP_186710160.1	WP_186710160.1_447.1i/t/h_trans-0_
WP_179544545.1	WP_179544545.1_446.8i/319.9t/h_trans-3_
WP_054994100.1	WP_054994100.1_446.2i/t/h_trans-0_
WP_008275090.1	WP_008275090.1_446i/366.6t/327.2h_trans-0_Cyano
WP_024661741.1	WP_024661741.1_445.9i/t/h_trans-0_
WP_058402104.1	WP_058402104.1_444.9i/t/h_trans-0_
WP_025260243.1	WP_025260243.1_444.9i/t/h_trans-3_
WP_206402402.1	WP_206402402.1_444.7i/t/h_trans-3_
WP_015149444.1	WP_015149444.1_444.1i/353.8t/325.9h_trans-3_Cyano
WP_003433909.1	WP_003433909.1_443.5i/t/h_trans-0_
WP_174981122.1	WP_174981122.1_443i/t/h_trans-3_
WP_213042034.1	WP_213042034.1_442.7i/335t/h_trans-1_
WP_174995741.1	WP_174995741.1_442.1i/t/h_trans-3_
WP_084656191.1	WP_084656191.1_441.5i/t/h_trans-3_
WP_190698176.1	WP_190698176.1_439.8i/377.3t/336.4h_trans-2_Cyano
WP_150790401.1	WP_150790401.1_439.8i/t/h_trans-3_
WP_015178654.1	WP_015178654.1_439.4i/381.6t/351.2h_trans-1_Cyano
WP_190549563.1	WP_190549563.1_438.1i/362.8t/326.1h_trans-0_Cyano
WP_190549563.1	WP_190549563.1_438.1i/362.8t/326.1h_trans-0_Cyano
WP_012596276.1	WP_012596276.1_437.6i/369.5t/329.5h_trans-3_Cyano
WP_190890582.1	WP_190890582.1_436.5i/359.9t/321h_trans-2_Cyano
WP_096646450.1	WP_096646450.1_435.2i/360t/329.8h_trans-2_Cyano
WP_073600773.1	WP_073600773.1_434.5i/361.1t/332.9h_trans-3_Cyano
WP_006635047.1	WP_006635047.1_434i/379.8t/338.3h_trans-1_Cyano
WP_119321401.1	WP_119321401.1_433.3i/322.4t/315.3h_trans-0_
WP_017653100.1	WP_017653100.1_432i/362.5t/323.9h_trans-1_Cyano
WP_017317669.1	WP_017317669.1_430.4i/360.2t/340.8h_trans-3_Cyano
WP_017291702.1	WP_017291702.1_428.8i/372t/348.1h_trans-3_Cyano
WP_045055914.1	WP_045055914.1_428.2i/353.1t/318.9h_trans-3_Cyano
WP_012240865.1	WP_012240865.1_428.2i/319t/310.4h_trans-1_
WP_015201412.1	WP_015201412.1_427.1i/383.2t/332.4h_trans-1_Cyano
WP_091903395.1	WP_091903395.1_426.4i/t/h_trans-3_
WP_190962406.1	WP_190962406.1_425.9i/352t/316.1h_trans-1_Cyano
WP_171977414.1	WP_171977414.1_425.4i/358.1t/333.9h_trans-1_Cyano
WP_190467945.1	WP_190467945.1_424.1i/354t/344.2h_trans-3_Cyano
WP_193931480.1	WP_193931480.1_423i/356.9t/309h_trans-2_Cyano
WP_181929573.1	WP_181929573.1_422.6i/349.4t/306h_trans-2_Cyano
WP_190712213.1	WP_190712213.1_422.4i/351.2t/339.4h_trans-2_Cyano
WP_016876676.1	WP_016876676.1_422i/348.9t/337.3h_trans-2_Cyano
WP_015193862.1	WP_015193862.1_420.8i/349.9t/314.9h_trans-3_Cyano
WP_012599723.1	WP_012599723.1_420.6i/345.5t/311h_trans-3_Cyano
WP_010366010.1	WP_010366010.1_420.4i/301t/h_trans-0_
WP_162424102.1	WP_162424102.1_420.1i/356.7t/316.2h_trans-3_Cyano
WP_096577831.1	WP_096577831.1_419.8i/354.8t/305.2h_trans-1_Cyano
WP_190905040.1	WP_190905040.1_419.4i/350.1t/331.4h_trans-3_Cyano
WP_020479985.1	WP_020479985.1_419.1i/350.7t/328.3h_trans-3_Cyano
WP_100901984.1	WP_100901984.1_418.5i/351t/340.7h_trans-2_Cyano
WP_073103167.1	WP_073103167.1_418.5i/t/h_trans-1_
WP_127082949.1	WP_127082949.1_418.4i/361.8t/317.3h_trans-2_Cyano
WP_052290201.1	WP_052290201.1_418.4i/358.2t/327.2h_trans-1_Cyano
WP_096731337.1	WP_096731337.1_417.2i/340.3t/322.1h_trans-2_Cyano
WP_199330041.1	WP_199330041.1_416.9i/351.4t/323.5h_trans-2_Cyano
WP_106289794.1	WP_106289794.1_414.3i/354.7t/304.6h_trans-1_Cyano
WP_058183913.1	WP_058183913.1_414.2i/339t/328.3h_trans-3_Cyano
WP_012409820.1	WP_012409820.1_412.9i/343.8t/304.5h_trans-1_Cyano
WP_022605755.1	WP_022605755.1_412.5i/340.6t/h_trans-0_Cyano
WP_144871199.1	WP_144871199.1_411.7i/337.8t/323.9h_trans-0_Cyano
WP_190605500.1	WP_190605500.1_411.2i/334.5t/324.2h_trans-1_Cyano
WP_143288157.1	WP_143288157.1_410.7i/345.4t/318h_trans-0_Cyano
WP_068789061.1	WP_068789061.1_400i/336.1t/h_trans-2_Cyano
WP_063800725.1	WP_063800725.1_393.8i/341.3t/303.4h_trans-0_Cyano
WP_189134473.1	WP_189134473.1_389.8i/312.1t/h_trans-0_
WP_158508996.1	WP_158508996.1_389.8i/t/h_trans-1_
WP_228449570.1	WP_228449570.1_388.8i/312.6t/h_trans-0_
WP_043678595.1	WP_043678595.1_382.5i/321.1t/h_trans-0_
WP_189968496.1	WP_189968496.1_376.4i/302.2t/h_trans-0_
WP_189923944.1	WP_189923944.1_374.1i/t/h_trans-0_
WP_023586072.1	WP_023586072.1_373.2i/t/h_trans-0_
WP_200300935.1	WP_200300935.1_371.4i/301.5t/h_trans-0_
WP_096049939.1	WP_096049939.1_367.7i/540.7t/338.9h_trans-1_
WP_186732223.1	WP_186732223.1_365.8i/538.8t/339.6h_trans-1_
WP_217866119.1	WP_217866119.1_364i/534.4t/335.7h_trans-2_
WP_052267370.1	WP_052267370.1_363.9i/525.1t/321.8h_trans-3_
WP_186532662.1	WP_186532662.1_362.9i/536.4t/340h_trans-1_
WP_114882069.1	WP_114882069.1_362.6i/533.2t/330.4h_trans-1_
WP_023630532.1	WP_023630532.1_362i/532.2t/333.5h_trans-1_
WP_052253222.1	WP_052253222.1_361.8i/524.8t/327.7h_trans-3_
WP_048396729.1	WP_048396729.1_361.7i/533.2t/333.7h_trans-1_
WP_150739963.1	WP_150739963.1_361.5i/525.4t/329.2h_trans-3_
WP_150574744.1	WP_150574744.1_361.2i/525.4t/327.6h_trans-3_
WP_210703884.1	WP_210703884.1_360.5i/528.3t/326.3h_trans-1_
WP_099758494.1	WP_099758494.1_360.4i/535.1t/328.6h_trans-1_
WP_099758494.1	WP_099758494.1_360.4i/535.1t/328.6h_trans-0_
WP_046293860.1	WP_046293860.1_360.4i/525.5t/325.5h_trans-3_
WP_024012352.1	WP_024012352.1_360.2i/535.8t/337.2h_trans-1_
WP_123463522.1	WP_123463522.1_359.7i/534.9t/330.2h_trans-1_
WP_084380115.1	WP_084380115.1_359i/534t/341.1h_trans-1_
WP_150669937.1	WP_150669937.1_358.9i/525.7t/329.5h_trans-3_
WP_217850893.1	WP_217850893.1_358.7i/534.4t/336.3h_trans-1_
WP_150663236.1	WP_150663236.1_358.6i/524.1t/328.1h_trans-3_
WP_186555674.1	WP_186555674.1_358i/534.9t/340.7h_trans-1_
WP_135289787.1	WP_135289787.1_357.9i/542t/346.9h_trans-1_
WP_210701580.1	WP_210701580.1_357.8i/529.7t/327.6h_trans-1_
WP_119142930.1	WP_119142930.1_357.7i/538.9t/354.3h_trans-0_
WP_167092777.1	WP_167092777.1_357.4i/532.2t/346.6h_trans-0_
WP_076963946.1	WP_076963946.1_356.3i/534t/340.7h_trans-1_
WP_034853906.1	WP_034853906.1_355.4i/515.6t/329.4h_trans-0_
WP_090291449.1	WP_090291449.1_354.7i/533.1t/337.9h_trans-2_
WP_135308450.1	WP_135308450.1_354.3i/536.2t/341.3h_trans-1_
WP_150612871.1	WP_150612871.1_352.9i/519.6t/322.3h_trans-3_
WP_028346873.1	WP_028346873.1_352.3i/512.7t/326.6h_trans-4_
WP_157635004.1	WP_157635004.1_351.7i/512.1t/310.5h_trans-1_
WP_053186187.1	WP_053186187.1_350.8i/498.5t/315.1h_trans-3_
WP_150622226.1	WP_150622226.1_350.6i/521.7t/326.8h_trans-3_
WP_202879078.1	WP_202879078.1_350.4i/496.6t/317h_trans-3_
WP_048868298.1	WP_048868298.1_350.4i/448.4t/391.8h_trans-1_Cyano
WP_187520950.1	WP_187520950.1_350.3i/526t/325.5h_trans-3_
WP_025260689.1	WP_025260689.1_350.2i/532.1t/312.4h_trans-2_
WP_044458248.1	WP_044458248.1_350.1i/520.9t/324.6h_trans-3_
WP_206402281.1	WP_206402281.1_349.6i/534.1t/315.2h_trans-1_
WP_057843431.1	WP_057843431.1_349i/506.9t/330.2h_trans-4_
WP_109514476.1	WP_109514476.1_348.6i/538.7t/318h_trans-1_
WP_186687563.1	WP_186687563.1_348.4i/531.4t/317.2h_trans-2_
WP_197965556.1	WP_197965556.1_348.4i/509t/321.1h_trans-4_
WP_190890574.1	WP_190890574.1_348i/433.4t/387.1h_trans-2_Cyano
WP_077333455.1	WP_077333455.1_347.6i/508.3t/304.4h_trans-1_
WP_017654191.1	WP_017654191.1_347.4i/427.8t/390.9h_trans-0_Cyano
WP_200997444.1	WP_200997444.1_347.2i/499.3t/309.4h_trans-3_
WP_145627096.1	WP_145627096.1_347.1i/508.1t/316.9h_trans-4_
WP_197423926.1	WP_197423926.1_347i/507.3t/319.4h_trans-4_
WP_159658911.1	WP_159658911.1_346.8i/517.4t/323h_trans-1_
WP_183507704.1	WP_183507704.1_346.8i/511.5t/331.6h_trans-0_
WP_186680907.1	WP_186680907.1_346.5i/532.6t/324.6h_trans-1_
WP_030141566.1	WP_030141566.1_345.9i/497.1t/304.5h_trans-3_
WP_065750040.1	WP_065750040.1_345.8i/505.4t/322.9h_trans-4_
WP_057834745.1	WP_057834745.1_345.6i/503.3t/318.2h_trans-4_
WP_231989429.1	WP_231989429.1_345.6i/501.2t/323.8h_trans-1_
WP_193925588.1	WP_193925588.1_345.6i/451.1t/387.5h_trans-0_Cyano
WP_069943261.1	WP_069943261.1_345.4i/534.1t/325.2h_trans-1_
WP_087479916.1	WP_087479916.1_345.1i/512.4t/309h_trans-1_
WP_054986300.1	WP_054986300.1_344.9i/535.4t/317.6h_trans-1_
WP_033699720.1	WP_033699720.1_344.9i/533.9t/324.8h_trans-1_
WP_221067138.1	WP_221067138.1_344.9i/508.1t/335.3h_trans-0_
WP_065731044.1	WP_065731044.1_344.6i/506.4t/325h_trans-4_
WP_128262326.1	WP_128262326.1_344.4i/500.9t/311.5h_trans-4_
WP_231864531.1	WP_231864531.1_344i/481t/352.7h_trans-1_
WP_074569179.1	WP_074569179.1_343.9i/497.4t/305.4h_trans-3_
WP_003444936.1	WP_003444936.1_343.6i/503.6t/338.8h_trans-3_
WP_217191236.1	WP_217191236.1_343.5i/534.2t/328.7h_trans-0_
WP_057009832.1	WP_057009832.1_343.5i/490.2t/309.4h_trans-1_
WP_131193006.1	WP_131193006.1_343.4i/537t/326.5h_trans-2_
WP_169938497.1	WP_169938497.1_343.4i/520t/314.6h_trans-0_
WP_090901711.1	WP_090901711.1_343.4i/496.1t/320.7h_trans-0_
WP_005746825.1	WP_005746825.1_343.3i/533.9t/320.9h_trans-2_
WP_005746825.1	WP_005746825.1_343.3i/533.9t/320.9h_trans-1_
WP_005746825.1	WP_005746825.1_343.3i/533.9t/320.9h_trans-1_
WP_196174353.1	WP_196174353.1_343.3i/533.6t/324.1h_trans-0_
WP_012701132.1	WP_012701132.1_343.2i/529.3t/327.2h_trans-1_
WP_060693129.1	WP_060693129.1_343.2i/503.7t/335.6h_trans-3_
WP_024696847.1	WP_024696847.1_343.1i/532.5t/314.7h_trans-1_
WP_083182750.1	WP_083182750.1_343i/533.1t/317.7h_trans-1_
WP_058402058.1	WP_058402058.1_342.9i/532.9t/319.5h_trans-1_
WP_016498396.1	WP_016498396.1_342.9i/531.2t/325.8h_trans-1_
WP_099685855.1	WP_099685855.1_342.8i/429.4t/357.6h_trans-0_
WP_187518658.1	WP_187518658.1_342.7i/532.2t/313.3h_trans-2_
WP_011320785.1	WP_011320785.1_342.7i/429.6t/403.1h_trans-0_Cyano
WP_069520145.1	WP_069520145.1_342.5i/495.3t/320.7h_trans-3_
WP_054992418.1	WP_054992418.1_342.4i/533.6t/316.5h_trans-2_
WP_065084379.1	WP_065084379.1_342.4i/519.6t/314.8h_trans-0_
WP_015271333.1	WP_015271333.1_342.3i/533.2t/325.7h_trans-1_
WP_193453141.1	WP_193453141.1_342.3i/515.2t/314h_trans-0_
WP_057857555.1	WP_057857555.1_342.3i/502t/315.5h_trans-3_
WP_074937280.1	WP_074937280.1_342.2i/525.7t/332.2h_trans-3_
WP_211854948.1	WP_211854948.1_342.1i/510.9t/319.5h_trans-0_
WP_036711347.1	WP_036711347.1_342.1i/424.2t/351.5h_trans-0_
WP_019362582.1	WP_019362582.1_341.9i/532.3t/323.6h_trans-2_
WP_138520906.1	WP_138520906.1_341.7i/516.1t/313h_trans-0_
WP_133979191.1	WP_133979191.1_341.6i/534.5t/322.8h_trans-0_
WP_054081114.1	WP_054081114.1_341.6i/533.4t/313.9h_trans-2_
WP_011316893.1	WP_011316893.1_341.5i/404.9t/378.3h_trans-1_Cyano
WP_090210473.1	WP_090210473.1_341.4i/531.4t/322.6h_trans-2_
WP_089359133.1	WP_089359133.1_341.3i/496.6t/310.9h_trans-1_
WP_039716921.1	WP_039716921.1_341.3i/428.6t/387.7h_trans-1_Cyano
WP_205752919.1	WP_205752919.1_341.1i/508.9t/323.6h_trans-1_
WP_004888029.1	WP_004888029.1_340.9i/527.6t/314.2h_trans-2_
WP_060547890.1	WP_060547890.1_340.9i/489.4t/311.5h_trans-1_
WP_199017518.1	WP_199017518.1_340.9i/421.5t/345.6h_trans-0_
WP_218055391.1	WP_218055391.1_340.8i/485.6t/327.7h_trans-1_
WP_186687810.1	WP_186687810.1_340.7i/530.9t/333.9h_trans-1_
WP_079447724.1	WP_079447724.1_340.6i/498.1t/313.4h_trans-1_
WP_020563495.1	WP_020563495.1_340.5i/515.2t/330.2h_trans-1_
WP_190558709.1	WP_190558709.1_340.5i/442.8t/395.3h_trans-3_Cyano
WP_190286296.1	WP_190286296.1_340.4i/507.5t/336.6h_trans-0_
WP_216368770.1	WP_216368770.1_340.4i/355.9t/331.1h_trans-0_
WP_201419885.1	WP_201419885.1_340.2i/531.5t/313.6h_trans-2_
WP_122219206.1	WP_122219206.1_340.1i/531.9t/316.9h_trans-1_
WP_015155704.1	WP_015155704.1_340.1i/437.2t/395.5h_trans-3_Cyano
WP_015207065.1	WP_015207065.1_339.7i/438.2t/392.6h_trans-1_Cyano
WP_012599721.1	WP_012599721.1_339.7i/432.7t/362.1h_trans-3_Cyano
WP_171626041.1	WP_171626041.1_339.6i/492.2t/323.2h_trans-1_
WP_136227916.1	WP_136227916.1_339.4i/506.1t/315.6h_trans-1_
WP_006635045.1	WP_006635045.1_339.3i/451.4t/397.4h_trans-1_Cyano
WP_007253095.1	WP_007253095.1_339.1i/533.4t/313.4h_trans-2_
WP_024959262.1	WP_024959262.1_339.1i/530.7t/313.7h_trans-1_
WP_045868556.1	WP_045868556.1_339.1i/403.2t/376.7h_trans-1_Cyano
WP_177084924.1	WP_177084924.1_338.8i/530.1t/314.8h_trans-2_
WP_210389380.1	WP_210389380.1_338.8i/526.5t/329.1h_trans-3_
WP_042130048.1	WP_042130048.1_338.5i/527.4t/318.7h_trans-0_
WP_186676144.1	WP_186676144.1_338.3i/532.3t/330.1h_trans-1_
WP_078733638.1	WP_078733638.1_338.3i/500.9t/336.2h_trans-3_
WP_096733129.1	WP_096733129.1_338.1i/402.6t/379.9h_trans-0_Cyano
WP_005372396.1	WP_005372396.1_338i/518.4t/333h_trans-0_
WP_005372396.1	WP_005372396.1_338i/518.4t/333h_trans-0_
WP_024690989.1	WP_024690989.1_337.8i/528.9t/313.1h_trans-1_
WP_172235439.1	WP_172235439.1_337.8i/494.7t/318.3h_trans-0_
WP_213044400.1	WP_213044400.1_337.8i/489.6t/325.3h_trans-0_
WP_052126461.1	WP_052126461.1_337.7i/494.3t/309.4h_trans-1_
WP_186704828.1	WP_186704828.1_337.5i/497.5t/307.6h_trans-1_
WP_110571951.1	WP_110571951.1_337.4i/510t/326.2h_trans-3_
WP_055135614.1	WP_055135614.1_337.4i/491.6t/308.6h_trans-1_
WP_082167761.1	WP_082167761.1_337.2i/514.6t/325.7h_trans-0_
WP_046036567.1	WP_046036567.1_337.1i/492.9t/h_trans-1_
WP_183595710.1	WP_183595710.1_337i/422.5t/347.9h_trans-0_
WP_214440498.1	WP_214440498.1_336.9i/434.6t/382.4h_trans-2_Cyano
WP_131121189.1	WP_131121189.1_336.9i/346.4t/320.5h_trans-2_Cyano
WP_186478940.1	WP_186478940.1_336.7i/522.9t/339.7h_trans-1_
WP_085681517.1	WP_085681517.1_336.7i/501.6t/325.1h_trans-3_
WP_045872206.1	WP_045872206.1_336.7i/351.2t/342.3h_trans-2_Cyano
WP_179544542.1	WP_179544542.1_336.6i/492.6t/317h_trans-3_
WP_190424034.1	WP_190424034.1_336.4i/501.2t/337.2h_trans-3_
WP_174780557.1	WP_174780557.1_336.1i/500.7t/335.6h_trans-1_
WP_042340221.1	WP_042340221.1_336.1i/496.4t/315.6h_trans-1_
WP_090358740.1	WP_090358740.1_336i/501.1t/330.8h_trans-3_
WP_190549574.1	WP_190549574.1_336i/426.5t/382.5h_trans-0_Cyano
WP_190549574.1	WP_190549574.1_336i/426.5t/382.5h_trans-0_Cyano
WP_015178656.1	WP_015178656.1_335.9i/447.6t/399.5h_trans-1_Cyano
WP_096646449.1	WP_096646449.1_335.9i/424.5t/378.3h_trans-2_Cyano
WP_149401349.1	WP_149401349.1_335.8i/340.2t/330.1h_trans-0_
WP_058182934.1	WP_058182934.1_335.4i/421.2t/394.9h_trans-0_Cyano
WP_099877225.1	WP_099877225.1_335.2i/470t/304.7h_trans-1_
WP_176687641.1	WP_176687641.1_335.1i/496.1t/306.3h_trans-1_
WP_186656457.1	WP_186656457.1_335.1i/495.1t/302.7h_trans-1_
WP_013660133.1	WP_013660133.1_335i/510.2t/313.2h_trans-3_
WP_168080378.1	WP_168080378.1_334.9i/482.8t/313.6h_trans-3_
WP_051559827.1	WP_051559827.1_334.7i/515.4t/310.1h_trans-3_
WP_082343559.1	WP_082343559.1_334.7i/496.6t/303.2h_trans-1_
WP_172433834.1	WP_172433834.1_334.6i/529.7t/349.4h_trans-1_
WP_076725232.1	WP_076725232.1_334.5i/503.7t/313h_trans-3_
WP_034198020.1	WP_034198020.1_334.4i/490t/303.3h_trans-3_
WP_012596274.1	WP_012596274.1_334.3i/434.4t/371.2h_trans-3_Cyano
WP_201376288.1	WP_201376288.1_334i/333.1t/334.6h_trans-0_
WP_214440506.1	WP_214440506.1_333.8i/405.1t/440.1h_trans-2_Cyano
WP_004583267.1	WP_004583267.1_333.7i/515t/326.4h_trans-3_
WP_050756042.1	WP_050756042.1_333.7i/506.6t/329.8h_trans-1_
WP_181748383.1	WP_181748383.1_333.7i/428.6t/352.8h_trans-1_
WP_152647189.1	WP_152647189.1_333.5i/481.2t/300.2h_trans-0_
WP_150050252.1	WP_150050252.1_333.3i/503t/337.2h_trans-1_
WP_045055912.1	WP_045055912.1_333.3i/432.6t/385.9h_trans-3_Cyano
WP_048395083.1	WP_048395083.1_333.1i/488.9t/303h_trans-1_
WP_190467964.1	WP_190467964.1_332.9i/331.1t/363.1h_trans-3_Cyano
WP_036566260.1	WP_036566260.1_332.8i/455.2t/h_trans-2_
WP_179594613.1	WP_179594613.1_332.6i/502.7t/328.7h_trans-1_
WP_003200905.1	WP_003200905.1_332.6i/496.6t/300.3h_trans-1_
WP_008275092.1	WP_008275092.1_332.6i/426.1t/352.2h_trans-0_Cyano
WP_058773049.1	WP_058773049.1_332.5i/510.5t/341.2h_trans-3_
WP_190621269.1	WP_190621269.1_332.4i/346.3t/328.2h_trans-2_Cyano
WP_021489663.1	WP_021489663.1_332.3i/502.4t/313h_trans-3_
WP_096576678.1	WP_096576678.1_332.1i/344.2t/333h_trans-1_Cyano
WP_188591928.1	WP_188591928.1_332i/439.9t/368.8h_trans-0_
WP_186631699.1	WP_186631699.1_331.9i/488.4t/302.6h_trans-1_
WP_103125319.1	WP_103125319.1_331.9i/345t/332.7h_trans-1_Cyano
WP_044617768.1	WP_044617768.1_331.6i/502.8t/309.1h_trans-0_
WP_090432692.1	WP_090432692.1_331.1i/501.3t/308.6h_trans-3_
WP_186604975.1	WP_186604975.1_331i/521.3t/338.8h_trans-0_
WP_136773680.1	WP_136773680.1_331i/507.6t/317.7h_trans-0_
WP_198925641.1	WP_198925641.1_330.3i/339.3t/325.5h_trans-0_
WP_017361893.1	WP_017361893.1_330.1i/498.5t/306.4h_trans-3_
WP_016876679.1	WP_016876679.1_329.8i/334.8t/350.8h_trans-2_Cyano
WP_066669309.1	WP_066669309.1_329.6i/490.8t/307.8h_trans-1_
WP_172631946.1	WP_172631946.1_329.5i/416.3t/381.1h_trans-0_
WP_083414489.1	WP_083414489.1_329.2i/475.9t/313.6h_trans-1_
WP_198123811.1	WP_198123811.1_329.1i/402.1t/431.9h_trans-1_Cyano
WP_084333591.1	WP_084333591.1_328.9i/477.2t/303.6h_trans-1_
WP_012487489.1	WP_012487489.1_328.7i/502.7t/308.1h_trans-1_
WP_015207063.1	WP_015207063.1_327.8i/340.6t/321.2h_trans-1_Cyano
WP_006400108.1	WP_006400108.1_327.7i/489.8t/h_trans-3_
WP_059758382.1	WP_059758382.1_327.3i/490.2t/h_trans-3_
WP_148713630.1	WP_148713630.1_326.9i/497.2t/310.3h_trans-1_
WP_206418195.1	WP_206418195.1_326.9i/473.8t/301.1h_trans-1_
WP_018748833.1	WP_018748833.1_326.5i/501.8t/304.1h_trans-1_
WP_149199762.1	WP_149199762.1_326.5i/494.8t/320.7h_trans-1_
WP_069745396.1	WP_069745396.1_326.5i/486.5t/h_trans-3_
WP_081667177.1	WP_081667177.1_326.3i/409.9t/324.5h_trans-0_
WP_201367411.1	WP_201367411.1_326.3i/327.1t/326.1h_trans-0_
WP_060017261.1	WP_060017261.1_325.8i/490.1t/h_trans-3_
WP_218564188.1	WP_218564188.1_325.6i/486t/319.8h_trans-2_
WP_174907890.1	WP_174907890.1_325.4i/484.8t/h_trans-3_
WP_017653097.1	WP_017653097.1_325.4i/330.3t/322.8h_trans-1_Cyano
WP_006486082.1	WP_006486082.1_325.1i/485.9t/h_trans-3_
WP_039358661.1	WP_039358661.1_325.1i/485.8t/h_trans-3_
WP_047900636.1	WP_047900636.1_325i/485.2t/h_trans-3_
WP_051188158.1	WP_051188158.1_325i/420.6t/375.2h_trans-0_
WP_103125324.1	WP_103125324.1_325i/384.2t/497.7h_trans-1_Cyano
WP_112711830.1	WP_112711830.1_324.9i/495.7t/314.5h_trans-3_
WP_208600232.1	WP_208600232.1_324.9i/495.4t/331.2h_trans-1_
WP_089450441.1	WP_089450441.1_324.7i/485.5t/h_trans-3_
WP_034186925.1	WP_034186925.1_324.6i/486.2t/h_trans-3_
WP_175697230.1	WP_175697230.1_324.6i/483.4t/h_trans-3_
WP_171977407.1	WP_171977407.1_324.5i/375.7t/508.1h_trans-1_Cyano
WP_085038991.1	WP_085038991.1_324.3i/485.3t/h_trans-3_
WP_198123809.1	WP_198123809.1_324.3i/389.7t/501h_trans-1_Cyano
WP_069256631.1	WP_069256631.1_324.2i/483.6t/h_trans-3_
WP_180937582.1	WP_180937582.1_324.1i/509.8t/301.4h_trans-1_
WP_006764341.1	WP_006764341.1_323.9i/485.5t/h_trans-3_
WP_190712217.1	WP_190712217.1_323.8i/392.5t/422.9h_trans-2_Cyano
WP_011351934.1	WP_011351934.1_323.7i/484.5t/h_trans-3_
WP_175896116.1	WP_175896116.1_323.6i/485.3t/h_trans-3_
WP_059790686.1	WP_059790686.1_323.6i/482.6t/h_trans-3_
WP_126612612.1	WP_126612612.1_323.6i/480.1t/302.8h_trans-1_
WP_051780466.1	WP_051780466.1_323.5i/491.5t/h_trans-1_
WP_012409822.1	WP_012409822.1_323.5i/338.4t/338.3h_trans-1_Cyano
WP_059234269.1	WP_059234269.1_323.4i/484.5t/h_trans-3_
WP_109008339.1	WP_109008339.1_323.4i/338.7t/330.2h_trans-3_Cyano
WP_017317667.1	WP_017317667.1_322.9i/398.7t/448.4h_trans-3_Cyano
WP_084004578.1	WP_084004578.1_322.7i/471.8t/305.3h_trans-1_
WP_045584372.1	WP_045584372.1_322.6i/497.4t/321.9h_trans-4_
WP_209798367.1	WP_209798367.1_322.6i/494t/305.9h_trans-1_
WP_066133820.1	WP_066133820.1_322.6i/489.9t/309h_trans-1_
WP_098735107.1	WP_098735107.1_322.4i/497.2t/324.6h_trans-4_
WP_152388102.1	WP_152388102.1_322.3i/509.1t/311.6h_trans-1_
WP_193931484.1	WP_193931484.1_322.1i/335.8t/323.2h_trans-2_Cyano
WP_221191726.1	WP_221191726.1_321.9i/495.7t/h_trans-0_
WP_151063509.1	WP_151063509.1_321.9i/480.4t/h_trans-3_
WP_096731336.1	WP_096731336.1_321.8i/390.8t/414.8h_trans-2_Cyano
WP_186556089.1	WP_186556089.1_321.5i/493t/312.4h_trans-1_
WP_059458667.1	WP_059458667.1_321.5i/480.9t/h_trans-3_
WP_193990630.1	WP_193990630.1_321.3i/315.5t/h_trans-0_Cyano
WP_153488276.1	WP_153488276.1_321.2i/482.3t/h_trans-3_
WP_128842509.1	WP_128842509.1_321.2i/481.8t/h_trans-3_
WP_062114961.1	WP_062114961.1_321.2i/473.7t/h_trans-3_
WP_208291889.1	WP_208291889.1_320.9i/507.7t/300.8h_trans-3_
WP_217648303.1	WP_217648303.1_320.8i/487.5t/316.8h_trans-1_
WP_015201410.1	WP_015201410.1_320.7i/432.6t/392.2h_trans-1_Cyano
WP_087656429.1	WP_087656429.1_320.2i/485.5t/h_trans-3_
WP_169263549.1	WP_169263549.1_320.2i/408.5t/447h_trans-1_Cyano
WP_096576692.1	WP_096576692.1_320.1i/383.6t/494.1h_trans-1_Cyano
WP_144587269.1	WP_144587269.1_320i/436.3t/381.5h_trans-0_
WP_045872215.1	WP_045872215.1_319.9i/392.8t/418.6h_trans-2_Cyano
WP_039737043.1	WP_039737043.1_319.9i/377.4t/510.1h_trans-0_Cyano
WP_025989814.1	WP_025989814.1_319.8i/485.2t/h_trans-3_
WP_015149445.1	WP_015149445.1_319.5i/389.9t/439.4h_trans-3_Cyano
WP_012425965.1	WP_012425965.1_319.4i/488.5t/h_trans-3_
WP_012403341.1	WP_012403341.1_319.4i/483.9t/h_trans-2_
WP_184302693.1	WP_184302693.1_319.1i/492.9t/302.1h_trans-0_
WP_039920407.1	WP_039920407.1_319i/491.8t/303.3h_trans-1_
WP_174926002.1	WP_174926002.1_319i/481.2t/h_trans-3_
WP_190962413.1	WP_190962413.1_318.9i/379.2t/501.4h_trans-1_Cyano
WP_151634009.1	WP_151634009.1_318.8i/491.9t/h_trans-1_
WP_003615168.1	WP_003615168.1_318.8i/489.5t/h_trans-1_
WP_012409834.1	WP_012409834.1_318.4i/400t/416.4h_trans-1_Cyano
WP_073639680.1	WP_073639680.1_318.4i/379.5t/393h_trans-0_Cyano
WP_078497941.1	WP_078497941.1_318.2i/410.4t/334.5h_trans-0_
WP_134460477.1	WP_134460477.1_317.7i/487.6t/h_trans-3_
WP_142719001.1	WP_142719001.1_317.5i/410.7t/326.8h_trans-1_
WP_211958483.1	WP_211958483.1_317.4i/490.1t/313h_trans-0_
WP_052036352.1	WP_052036352.1_317.4i/401.3t/337.1h_trans-0_
WP_058895457.1	WP_058895457.1_317.2i/492.4t/309.8h_trans-1_
WP_149234175.1	WP_149234175.1_317.1i/492.5t/314.9h_trans-4_
WP_175214469.1	WP_175214469.1_317i/489.4t/306.6h_trans-0_
WP_045599145.1	WP_045599145.1_317i/487t/h_trans-3_
WP_193994315.1	WP_193994315.1_317i/421.6t/363h_trans-1_Cyano
WP_190373841.1	WP_190373841.1_316.5i/508.2t/327.6h_trans-4_
WP_218927770.1	WP_218927770.1_316.5i/505.9t/312h_trans-4_
WP_058086995.1	WP_058086995.1_316.3i/492.3t/301.1h_trans-0_
WP_201648566.1	WP_201648566.1_316.3i/486.7t/h_trans-3_
WP_004531247.1	WP_004531247.1_316.2i/489.1t/h_trans-3_
WP_099066296.1	WP_099066296.1_316.2i/378t/400.3h_trans-3_Cyano
WP_091779154.1	WP_091779154.1_316.1i/487.2t/h_trans-3_
WP_007578002.1	WP_007578002.1_316.1i/486.9t/h_trans-3_
WP_042304273.1	WP_042304273.1_316.1i/486.3t/h_trans-3_
WP_107204347.1	WP_107204347.1_316.1i/486.3t/h_trans-3_
WP_096731345.1	WP_096731345.1_315.8i/363.2t/495.7h_trans-2_Cyano
WP_073600779.1	WP_073600779.1_315.5i/304.6t/317.4h_trans-3_Cyano
WP_217987325.1	WP_217987325.1_315.2i/503.3t/309.7h_trans-4_
WP_115776603.1	WP_115776603.1_315.2i/482.1t/h_trans-3_
WP_045872212.1	WP_045872212.1_315.2i/382.9t/497.1h_trans-2_Cyano
WP_175173010.1	WP_175173010.1_315.1i/496.6t/h_trans-1_
WP_088384902.1	WP_088384902.1_315.1i/491.6t/302.6h_trans-1_
WP_162424099.1	WP_162424099.1_315i/405.9t/365.7h_trans-3_Cyano
WP_088874830.1	WP_088874830.1_314.5i/488.1t/315.7h_trans-1_
WP_015600397.1	WP_015600397.1_314.5i/485.7t/h_trans-3_
WP_186674708.1	WP_186674708.1_314.5i/483t/312.6h_trans-1_
WP_004526940.1	WP_004526940.1_314.3i/487.6t/h_trans-3_
WP_061540394.1	WP_061540394.1_314.3i/474.8t/h_trans-2_
WP_186686892.1	WP_186686892.1_314.1i/483.8t/312.8h_trans-1_
WP_094262704.1	WP_094262704.1_314.1i/377.4t/348.5h_trans-0_
WP_190605492.1	WP_190605492.1_314.1i/367.2t/496.2h_trans-1_Cyano
WP_132532802.1	WP_132532802.1_313.9i/398.5t/308.9h_trans-1_
WP_106354611.1	WP_106354611.1_313.8i/485.7t/h_trans-3_
WP_211320324.1	WP_211320324.1_313.8i/405.9t/335.4h_trans-0_
WP_190954856.1	WP_190954856.1_313.7i/377.7t/380.1h_trans-3_Cyano
WP_012409813.1	WP_012409813.1_313.7i/370.5t/496.9h_trans-1_Cyano
WP_011492714.1	WP_011492714.1_313.4i/487.8t/h_trans-3_
WP_095421677.1	WP_095421677.1_313.4i/486.6t/h_trans-3_
WP_046572527.1	WP_046572527.1_313.3i/486.4t/h_trans-3_
WP_124956022.1	WP_124956022.1_313i/496.8t/305.4h_trans-1_
WP_147235597.1	WP_147235597.1_312.9i/478.3t/h_trans-3_
WP_208862717.1	WP_208862717.1_312.7i/500.4t/310.3h_trans-4_
WP_016450666.1	WP_016450666.1_312.6i/495.5t/302.4h_trans-0_
WP_087630161.1	WP_087630161.1_312.5i/482.1t/h_trans-3_
WP_016451433.1	WP_016451433.1_312.4i/495.7t/302.5h_trans-1_
WP_111323561.1	WP_111323561.1_312.4i/383.1t/376.9h_trans-0_
WP_087667360.1	WP_087667360.1_312.2i/483.1t/h_trans-3_
WP_061173237.1	WP_061173237.1_311.9i/482.8t/h_trans-3_
WP_190962405.1	WP_190962405.1_311.8i/388.7t/436.8h_trans-1_Cyano
WP_016347862.1	WP_016347862.1_311.6i/484t/h_trans-3_
WP_035938996.1	WP_035938996.1_311.6i/482t/h_trans-3_
WP_008347633.1	WP_008347633.1_311.5i/481.4t/h_trans-2_
WP_088887296.1	WP_088887296.1_311.1i/487.6t/300.4h_trans-1_
WP_190093686.1	WP_190093686.1_311.1i/376.8t/318.3h_trans-0_
WP_149401351.1	WP_149401351.1_310.4i/369.1t/447.6h_trans-0_
WP_090552544.1	WP_090552544.1_310.3i/494.5t/307.3h_trans-3_
WP_102634892.1	WP_102634892.1_310.3i/472.7t/h_trans-3_
WP_170031866.1	WP_170031866.1_310.1i/t/h_trans-0_
WP_047326818.1	WP_047326818.1_310i/493.2t/300.9h_trans-1_
WP_229707933.1	WP_229707933.1_310i/467.9t/323.8h_trans-0_
WP_061145879.1	WP_061145879.1_309.9i/478.1t/h_trans-3_
WP_031048272.1	WP_031048272.1_309.5i/397.1t/326.8h_trans-0_
WP_190697911.1	WP_190697911.1_309.4i/352.6t/379.2h_trans-2_Cyano
WP_062608691.1	WP_062608691.1_309.3i/481.8t/h_trans-2_
WP_134662798.1	WP_134662798.1_309.3i/418.1t/371.4h_trans-0_
WP_096577827.1	WP_096577827.1_308.8i/374t/411.6h_trans-1_Cyano
WP_011796775.1	WP_011796775.1_308.4i/497.1t/305.6h_trans-1_
WP_082111490.1	WP_082111490.1_308.4i/414.1t/319.2h_trans-0_
WP_116204755.1	WP_116204755.1_308.2i/412.9t/369.6h_trans-0_
WP_189289574.1	WP_189289574.1_308.2i/395.7t/317.5h_trans-0_
WP_111881690.1	WP_111881690.1_308i/495.3t/305.9h_trans-1_
WP_062366147.1	WP_062366147.1_307.5i/492.6t/h_trans-1_
WP_009711095.1	WP_009711095.1_306.9i/358.2t/342.3h_trans-0_
WP_013596030.1	WP_013596030.1_306.6i/494.8t/303.7h_trans-1_
WP_202966548.1	WP_202966548.1_306.3i/496.6t/h_trans-1_
WP_103125327.1	WP_103125327.1_306.2i/387.4t/413.9h_trans-1_Cyano
WP_027468176.1	WP_027468176.1_306.1i/494.9t/h_trans-1_
WP_186738609.1	WP_186738609.1_306.1i/408.9t/316.7h_trans-0_
WP_148741749.1	WP_148741749.1_306.1i/381.9t/365.2h_trans-0_
WP_175232117.1	WP_175232117.1_305.9i/475.7t/323.3h_trans-0_
WP_061533282.1	WP_061533282.1_305.9i/469.4t/h_trans-3_
WP_188594462.1	WP_188594462.1_305.9i/354.4t/348.9h_trans-0_
WP_096576699.1	WP_096576699.1_305.7i/386.7t/411.5h_trans-1_Cyano
WP_059518309.1	WP_059518309.1_305.6i/481.2t/h_trans-2_
WP_092831981.1	WP_092831981.1_305.4i/493.6t/306.4h_trans-1_
WP_092950125.1	WP_092950125.1_305.1i/496.6t/310.3h_trans-1_
WP_192600454.1	WP_192600454.1_304.9i/384t/380.9h_trans-0_
WP_170037597.1	WP_170037597.1_304.6i/377.4t/414.2h_trans-1_
WP_086932865.1	WP_086932865.1_304.5i/470.6t/h_trans-1_
WP_026432248.1	WP_026432248.1_304.3i/490.8t/302.6h_trans-1_
WP_207859241.1	WP_207859241.1_304i/429.9t/h_trans-0_
WP_120024190.1	WP_120024190.1_303.7i/380.7t/319.8h_trans-0_
WP_170037621.1	WP_170037621.1_303.3i/401.4t/373.9h_trans-1_
WP_088240355.1	WP_088240355.1_303.2i/390.5t/362.8h_trans-0_Cyano
WP_218035682.1	WP_218035682.1_302.3i/390.5t/359.2h_trans-0_
WP_060857858.1	WP_060857858.1_302.2i/470.4t/318.3h_trans-3_
WP_091979115.1	WP_091979115.1_302.2i/398.4t/330.8h_trans-0_
WP_211824711.1	WP_211824711.1_301.8i/307t/308.8h_trans-0_
WP_017291700.1	WP_017291700.1_301.3i/365.3t/421.6h_trans-3_Cyano
WP_207859238.1	WP_207859238.1_301.2i/367.6t/326.5h_trans-0_
WP_097190754.1	WP_097190754.1_300.7i/470.5t/h_trans-3_
WP_158102699.1	WP_158102699.1_300.5i/399.7t/330.3h_trans-0_
WP_109004331.1	WP_109004331.1_300.3i/312.8t/309.9h_trans-0_
WP_045825716.1	WP_045825716.1_300.2i/424.2t/h_trans-1_
WP_096716743.1	WP_096716743.1_299.8i/485.5t/305h_trans-0_
WP_106291750.1	WP_106291750.1_299.8i/355.8t/405h_trans-0_Cyano
WP_187436080.1	WP_187436080.1_299.5i/363.1t/363.3h_trans-0_
WP_184973951.1	WP_184973951.1_299.5i/307.4t/h_trans-0_
WP_091010425.1	WP_091010425.1_i/488.9t/306.4h_trans-3_
WP_103704829.1	WP_103704829.1_i/484.9t/302.3h_trans-3_
WP_090695764.1	WP_090695764.1_i/484.4t/308.2h_trans-0_
WP_103690964.1	WP_103690964.1_i/481.9t/307.5h_trans-3_
WP_027818881.1	WP_027818881.1_i/481t/301.2h_trans-0_
WP_205962577.1	WP_205962577.1_i/476.2t/h_trans-0_
WP_080937432.1	WP_080937432.1_i/474.3t/314.3h_trans-3_
WP_106857463.1	WP_106857463.1_i/467.9t/306.8h_trans-0_
WP_035978666.1	WP_035978666.1_i/466.5t/300.9h_trans-3_
WP_102645336.1	WP_102645336.1_i/464t/h_trans-3_
WP_217705599.1	WP_217705599.1_i/462.2t/h_trans-1_
WP_116141456.1	WP_116141456.1_i/459.7t/h_trans-3_
WP_017773368.1	WP_017773368.1_i/459.5t/310.3h_trans-3_
WP_085229582.1	WP_085229582.1_i/456.4t/299.5h_trans-3_
WP_111931086.1	WP_111931086.1_i/450.7t/h_trans-3_
WP_175053741.1	WP_175053741.1_i/449.4t/h_trans-0_
WP_096335580.1	WP_096335580.1_i/445.5t/h_trans-0_
WP_044619903.1	WP_044619903.1_i/430.1t/h_trans-0_
WP_091987996.1	WP_091987996.1_i/425.6t/303.1h_trans-0_
WP_122101401.1	WP_122101401.1_i/416.6t/h_trans-1_
WP_096378483.1	WP_096378483.1_i/410.4t/h_trans-1_
WP_190069051.1	WP_190069051.1_i/405.7t/h_trans-0_
WP_184920003.1	WP_184920003.1_i/399.4t/323.4h_trans-0_
WP_204632707.1	WP_204632707.1_i/396.2t/324.6h_trans-0_
WP_112582444.1	WP_112582444.1_i/393.2t/304.9h_trans-0_
WP_022605750.1	WP_022605750.1_i/390.8t/340.8h_trans-0_Cyano
WP_207780933.1	WP_207780933.1_i/389.3t/320.8h_trans-0_
WP_170113173.1	WP_170113173.1_i/387.3t/322.2h_trans-1_
WP_111267538.1	WP_111267538.1_i/385.6t/305.5h_trans-0_
WP_051912920.1	WP_051912920.1_i/385.5t/316.3h_trans-0_
WP_206208000.1	WP_206208000.1_i/384.3t/311.5h_trans-1_
WP_153530402.1	WP_153530402.1_i/384.1t/318.3h_trans-0_
WP_161103620.1	WP_161103620.1_i/382.8t/304h_trans-0_
WP_171626375.1	WP_171626375.1_i/382.4t/352.8h_trans-0_
WP_142903065.1	WP_142903065.1_i/382.3t/319.1h_trans-3_
WP_199609978.1	WP_199609978.1_i/380.9t/330.9h_trans-0_
WP_182688831.1	WP_182688831.1_i/377t/306.2h_trans-0_
WP_123879624.1	WP_123879624.1_i/376.8t/h_trans-0_
WP_208718828.1	WP_208718828.1_i/376.4t/392.1h_trans-0_
WP_228458687.1	WP_228458687.1_i/376.3t/h_trans-0_
WP_210247115.1	WP_210247115.1_i/376.2t/h_trans-0_
WP_135789886.1	WP_135789886.1_i/375.4t/358.5h_trans-0_
WP_208726040.1	WP_208726040.1_i/375.2t/388.4h_trans-0_
WP_064666680.1	WP_064666680.1_i/375.1t/302.8h_trans-1_
WP_089830481.1	WP_089830481.1_i/374.6t/h_trans-0_
WP_133818587.1	WP_133818587.1_i/374.3t/h_trans-0_
WP_038086083.1	WP_038086083.1_i/373.7t/384.6h_trans-0_
WP_089857570.1	WP_089857570.1_i/372.7t/h_trans-0_
WP_211304441.1	WP_211304441.1_i/372.6t/365.5h_trans-1_
WP_084734962.1	WP_084734962.1_i/371.9t/341.6h_trans-1_
WP_091016611.1	WP_091016611.1_i/371.4t/303.4h_trans-1_
WP_106605145.1	WP_106605145.1_i/369.6t/h_trans-0_
WP_123088451.1	WP_123088451.1_i/369.3t/310.7h_trans-0_
WP_201924387.1	WP_201924387.1_i/368.7t/h_trans-0_
WP_164019662.1	WP_164019662.1_i/367.4t/419.9h_trans-0_
WP_169343174.1	WP_169343174.1_i/366.9t/410.2h_trans-0_
WP_078673414.1	WP_078673414.1_i/365.2t/305h_trans-0_
WP_177168063.1	WP_177168063.1_i/365.1t/322.3h_trans-0_
WP_181752417.1	WP_181752417.1_i/365t/358.5h_trans-0_
WP_155946366.1	WP_155946366.1_i/364.3t/310.8h_trans-0_
WP_039362498.1	WP_039362498.1_i/364.3t/306h_trans-0_
WP_086676940.1	WP_086676940.1_i/363.7t/320.9h_trans-0_
WP_140962261.1	WP_140962261.1_i/363.2t/h_trans-0_
WP_228031441.1	WP_228031441.1_i/363.1t/319.4h_trans-0_
WP_151482109.1	WP_151482109.1_i/363t/334.4h_trans-0_
WP_191983720.1	WP_191983720.1_i/362.9t/h_trans-0_
WP_177168002.1	WP_177168002.1_i/362.8t/305.4h_trans-0_
WP_164019494.1	WP_164019494.1_i/362.6t/331.3h_trans-0_
WP_063356320.1	WP_063356320.1_i/361.7t/302.5h_trans-0_
WP_224019339.1	WP_224019339.1_i/361.3t/299.8h_trans-0_
WP_073072327.1	WP_073072327.1_i/361.2t/379h_trans-0_Cyano
WP_109689860.1	WP_109689860.1_i/361.2t/361.9h_trans-0_
WP_189262555.1	WP_189262555.1_i/360.6t/330.4h_trans-0_
WP_113979647.1	WP_113979647.1_i/360.2t/329.6h_trans-0_
WP_128843592.1	WP_128843592.1_i/360.2t/h_trans-0_
WP_071903894.1	WP_071903894.1_i/360t/h_trans-0_
WP_175695983.1	WP_175695983.1_i/359.9t/h_trans-0_
WP_047854969.1	WP_047854969.1_i/359.4t/409.3h_trans-0_
WP_052517725.1	WP_052517725.1_i/358.9t/410.9h_trans-0_
WP_188555699.1	WP_188555699.1_i/358.9t/h_trans-1_
WP_219664159.1	WP_219664159.1_i/358.6t/h_trans-0_
WP_209777427.1	WP_209777427.1_i/358.4t/302.9h_trans-0_
WP_120647773.1	WP_120647773.1_i/358.2t/422.7h_trans-0_
WP_051741815.1	WP_051741815.1_i/358.1t/302.3h_trans-0_
WP_084736168.1	WP_084736168.1_i/357.9t/346.9h_trans-0_
WP_035799573.1	WP_035799573.1_i/357.9t/342.6h_trans-0_
WP_120534175.1	WP_120534175.1_i/357.5t/410.8h_trans-0_
WP_055529003.1	WP_055529003.1_i/357.5t/h_trans-0_
WP_192507126.1	WP_192507126.1_i/356.9t/h_trans-0_
WP_120538533.1	WP_120538533.1_i/356.3t/418h_trans-0_
WP_049719420.1	WP_049719420.1_i/356.2t/349.8h_trans-0_
WP_167087236.1	WP_167087236.1_i/356.1t/555.2h_trans-1_
WP_043908435.1	WP_043908435.1_i/355.4t/357.3h_trans-0_
WP_071385585.1	WP_071385585.1_i/355.4t/350.3h_trans-0_
WP_075132949.1	WP_075132949.1_i/355.2t/393.1h_trans-0_
WP_120625813.1	WP_120625813.1_i/354.9t/416h_trans-0_
WP_034198677.1	WP_034198677.1_i/354.7t/h_trans-0_
WP_059241583.1	WP_059241583.1_i/354.2t/h_trans-0_
WP_078871670.1	WP_078871670.1_i/353.9t/346.2h_trans-0_
WP_051966848.1	WP_051966848.1_i/353.5t/344.1h_trans-0_
WP_078867471.1	WP_078867471.1_i/353.5t/323.5h_trans-0_
WP_078867471.1	WP_078867471.1_i/353.5t/323.5h_trans-0_
WP_078867471.1	WP_078867471.1_i/353.5t/323.5h_trans-0_
WP_149980977.1	WP_149980977.1_i/353.4t/309.7h_trans-0_
WP_010380842.1	WP_010380842.1_i/353.2t/309.4h_trans-0_
WP_053122094.1	WP_053122094.1_i/353.1t/693h_trans-1_
WP_015349900.1	WP_015349900.1_i/353.1t/325.7h_trans-0_
WP_109753165.1	WP_109753165.1_i/353t/685.7h_trans-1_
WP_003058767.1	WP_003058767.1_i/353t/h_trans-0_
WP_090382730.1	WP_090382730.1_i/352.9t/580h_trans-1_
WP_186642508.1	WP_186642508.1_i/352.7t/685.5h_trans-1_
WP_151482108.1	WP_151482108.1_i/352.7t/331.6h_trans-0_
WP_135789885.1	WP_135789885.1_i/352.2t/336.7h_trans-0_
WP_175255626.1	WP_175255626.1_i/352.2t/315.7h_trans-0_
WP_091311114.1	WP_091311114.1_i/352.2t/h_trans-0_
WP_047703403.1	WP_047703403.1_i/351.9t/668.9h_trans-1_
WP_075138502.1	WP_075138502.1_i/351.8t/343.7h_trans-0_
WP_186656455.1	WP_186656455.1_i/351.5t/680h_trans-1_
WP_186704826.1	WP_186704826.1_i/351.4t/685.2h_trans-1_
WP_084624100.1	WP_084624100.1_i/351.4t/508.8h_trans-2_
WP_046385744.1	WP_046385744.1_i/351.1t/332.4h_trans-0_
WP_046385744.1	WP_046385744.1_i/351.1t/332.4h_trans-0_
WP_046385744.1	WP_046385744.1_i/351.1t/332.4h_trans-0_
WP_070985514.1	WP_070985514.1_i/350.9t/315h_trans-0_
WP_112583070.1	WP_112583070.1_i/350.9t/312.1h_trans-0_
WP_070990518.1	WP_070990518.1_i/350.8t/311h_trans-0_
WP_211274376.1	WP_211274376.1_i/350.2t/317.5h_trans-0_
WP_057009830.1	WP_057009830.1_i/350.1t/646.9h_trans-1_
WP_211288744.1	WP_211288744.1_i/350.1t/344.9h_trans-1_
WP_222242257.1	WP_222242257.1_i/350.1t/313.6h_trans-0_
WP_012916031.1	WP_012916031.1_i/350.1t/h_trans-0_
WP_039494111.1	WP_039494111.1_i/350t/313.8h_trans-0_
WP_051898016.1	WP_051898016.1_i/350t/h_trans-0_
WP_086857220.1	WP_086857220.1_i/349.9t/h_trans-0_
WP_046036569.1	WP_046036569.1_i/349.7t/657.9h_trans-1_
WP_003200902.1	WP_003200902.1_i/349.6t/676.4h_trans-1_
WP_055135612.1	WP_055135612.1_i/349.6t/665.9h_trans-1_
WP_084333589.1	WP_084333589.1_i/349.3t/570.4h_trans-1_
WP_112734898.1	WP_112734898.1_i/349.3t/310.6h_trans-0_
WP_057917630.1	WP_057917630.1_i/349.1t/h_trans-0_
WP_128728840.1	WP_128728840.1_i/348.6t/312.8h_trans-0_
WP_152746361.1	WP_152746361.1_i/348.5t/656.8h_trans-1_
WP_206418197.1	WP_206418197.1_i/348.5t/567.5h_trans-1_
WP_229873987.1	WP_229873987.1_i/348.5t/329.2h_trans-0_
WP_048395086.1	WP_048395086.1_i/347.9t/663.7h_trans-1_
WP_211083052.1	WP_211083052.1_i/347.8t/339.9h_trans-0_
WP_125316206.1	WP_125316206.1_i/347.8t/h_trans-0_
WP_184903866.1	WP_184903866.1_i/347.7t/h_trans-0_
WP_089359135.1	WP_089359135.1_i/347.5t/643h_trans-1_
WP_086844163.1	WP_086844163.1_i/347.5t/h_trans-0_
WP_191250558.1	WP_191250558.1_i/347.5t/h_trans-0_
WP_147389628.1	WP_147389628.1_i/347.4t/311.5h_trans-0_
WP_199486224.1	WP_199486224.1_i/347.1t/341.9h_trans-0_
WP_005151655.1	WP_005151655.1_i/346.9t/h_trans-2_
WP_018680242.1	WP_018680242.1_i/346.6t/302.3h_trans-0_
WP_055605649.1	WP_055605649.1_i/346.5t/h_trans-0_
WP_192741934.1	WP_192741934.1_i/346.2t/h_trans-0_
WP_171624190.1	WP_171624190.1_i/345.9t/313.1h_trans-0_
WP_060547892.1	WP_060547892.1_i/345.8t/638.7h_trans-1_
WP_043784188.1	WP_043784188.1_i/345.6t/h_trans-0_
WP_161683879.1	WP_161683879.1_i/345.3t/336.2h_trans-0_
WP_133854445.1	WP_133854445.1_i/345.3t/h_trans-0_
WP_088948944.1	WP_088948944.1_i/345.2t/366.5h_trans-0_
WP_038515022.1	WP_038515022.1_i/345t/h_trans-0_
WP_093444282.1	WP_093444282.1_i/344.5t/h_trans-0_
WP_093444282.1	WP_093444282.1_i/344.5t/h_trans-0_
WP_079173662.1	WP_079173662.1_i/344.4t/316.5h_trans-0_
WP_179779817.1	WP_179779817.1_i/344.3t/365.6h_trans-0_
WP_034307978.1	WP_034307978.1_i/344.1t/h_trans-0_
WP_089909362.1	WP_089909362.1_i/343.2t/h_trans-0_
WP_189196492.1	WP_189196492.1_i/343.1t/371.5h_trans-0_
WP_088963063.1	WP_088963063.1_i/343.1t/360.9h_trans-0_
WP_149830548.1	WP_149830548.1_i/343t/378.4h_trans-0_
WP_203855452.1	WP_203855452.1_i/343t/352.4h_trans-0_
WP_202931594.1	WP_202931594.1_i/343t/337.1h_trans-0_
WP_203901936.1	WP_203901936.1_i/343t/h_trans-0_
WP_181773588.1	WP_181773588.1_i/342.9t/h_trans-0_
WP_088972023.1	WP_088972023.1_i/342.6t/365h_trans-0_
WP_040661719.1	WP_040661719.1_i/342.4t/600.1h_trans-1_
WP_015347654.1	WP_015347654.1_i/342.4t/416.2h_trans-0_
WP_189196493.1	WP_189196493.1_i/342.4t/341.3h_trans-0_
WP_016333620.1	WP_016333620.1_i/342.2t/h_trans-0_
WP_074879461.1	WP_074879461.1_i/342t/564.7h_trans-1_
WP_186686886.1	WP_186686886.1_i/342t/559.2h_trans-1_
WP_091310870.1	WP_091310870.1_i/341.8t/343.3h_trans-0_
WP_186674712.1	WP_186674712.1_i/341.7t/559.7h_trans-1_
WP_204116859.1	WP_204116859.1_i/341.7t/309.7h_trans-0_
WP_088963064.1	WP_088963064.1_i/341.6t/344.4h_trans-0_
WP_091662104.1	WP_091662104.1_i/341.5t/359.4h_trans-0_
WP_007030389.1	WP_007030389.1_i/341.4t/h_trans-0_
WP_198339035.1	WP_198339035.1_i/341.2t/h_trans-2_
WP_184941373.1	WP_184941373.1_i/341.1t/363.5h_trans-0_
WP_131743033.1	WP_131743033.1_i/340.9t/351h_trans-0_
WP_003967389.1	WP_003967389.1_i/340.9t/h_trans-0_
WP_044850586.1	WP_044850586.1_i/340.9t/h_trans-0_
WP_125859235.1	WP_125859235.1_i/340.8t/565.5h_trans-1_
WP_039491320.1	WP_039491320.1_i/340.7t/h_trans-0_
WP_039491320.1	WP_039491320.1_i/340.7t/h_trans-0_
WP_061980989.1	WP_061980989.1_i/340.7t/h_trans-0_
WP_091071428.1	WP_091071428.1_i/340.5t/368.4h_trans-0_
WP_091578786.1	WP_091578786.1_i/340.4t/369.6h_trans-0_
WP_184921040.1	WP_184921040.1_i/340.4t/h_trans-0_
WP_106130847.1	WP_106130847.1_i/340.2t/304.4h_trans-0_
WP_091662109.1	WP_091662109.1_i/340.1t/335.5h_trans-0_
WP_091310866.1	WP_091310866.1_i/339.9t/361.8h_trans-0_
WP_083980627.1	WP_083980627.1_i/339.9t/h_trans-0_
WP_154225562.1	WP_154225562.1_i/339.6t/364h_trans-0_
WP_145719320.1	WP_145719320.1_i/339.6t/345.1h_trans-1_
WP_091071425.1	WP_091071425.1_i/339.6t/330h_trans-0_
WP_229919566.1	WP_229919566.1_i/339.4t/359.8h_trans-0_
WP_051284723.1	WP_051284723.1_i/339.4t/h_trans-0_
WP_091263215.1	WP_091263215.1_i/339.1t/370.2h_trans-0_
WP_091674630.1	WP_091674630.1_i/339.1t/h_trans-0_
WP_211280191.1	WP_211280191.1_i/339t/361.6h_trans-0_
WP_222719773.1	WP_222719773.1_i/338.9t/361.7h_trans-0_
WP_154225561.1	WP_154225561.1_i/338.7t/336.4h_trans-0_
WP_066949615.1	WP_066949615.1_i/338.7t/h_trans-0_
WP_091263213.1	WP_091263213.1_i/338.5t/335.2h_trans-0_
WP_091606267.1	WP_091606267.1_i/338.2t/363.3h_trans-0_
WP_189928341.1	WP_189928341.1_i/338.1t/372.1h_trans-0_
WP_093887898.1	WP_093887898.1_i/338t/h_trans-0_
WP_131889794.1	WP_131889794.1_i/337.7t/345.3h_trans-0_
WP_189894341.1	WP_189894341.1_i/337.5t/371.2h_trans-0_
WP_225945890.1	WP_225945890.1_i/337.5t/344.1h_trans-0_
WP_073497707.1	WP_073497707.1_i/337.4t/367.3h_trans-0_
WP_179779818.1	WP_179779818.1_i/337.2t/338.7h_trans-0_
WP_109295129.1	WP_109295129.1_i/336.3t/328h_trans-0_
WP_067143854.1	WP_067143854.1_i/336.2t/h_trans-0_
WP_142940928.1	WP_142940928.1_i/335.9t/h_trans-0_
WP_217634812.1	WP_217634812.1_i/335.6t/h_trans-0_
WP_189751587.1	WP_189751587.1_i/335.1t/359.3h_trans-0_
WP_167152705.1	WP_167152705.1_i/334.8t/330.3h_trans-0_
WP_167152705.1	WP_167152705.1_i/334.8t/330.3h_trans-0_
WP_062144834.1	WP_062144834.1_i/334.8t/301.2h_trans-0_
WP_088948945.1	WP_088948945.1_i/334.7t/330.5h_trans-0_
WP_120624086.1	WP_120624086.1_i/334.6t/377.3h_trans-0_
WP_068926187.1	WP_068926187.1_i/334.6t/h_trans-0_
WP_072720630.1	WP_072720630.1_i/334.5t/h_trans-0_Cyano
WP_172639311.1	WP_172639311.1_i/334.2t/330.5h_trans-0_
WP_184755743.1	WP_184755743.1_i/334.1t/h_trans-0_
WP_161683880.1	WP_161683880.1_i/334t/360.1h_trans-0_
WP_176710568.1	WP_176710568.1_i/334t/321.9h_trans-0_
WP_189262554.1	WP_189262554.1_i/333.9t/331.5h_trans-0_
WP_045825657.1	WP_045825657.1_i/333.7t/h_trans-0_
WP_086571560.1	WP_086571560.1_i/333.2t/h_trans-0_
WP_188086418.1	WP_188086418.1_i/333.1t/343h_trans-0_
WP_012889142.1	WP_012889142.1_i/332.6t/h_trans-0_
WP_068903524.1	WP_068903524.1_i/332.2t/h_trans-0_
WP_184992166.1	WP_184992166.1_i/332.1t/366.6h_trans-0_
WP_091683053.1	WP_091683053.1_i/331.7t/460.3h_trans-0_
WP_191897355.1	WP_191897355.1_i/331.7t/h_trans-0_
WP_184580134.1	WP_184580134.1_i/331.6t/357.2h_trans-0_
WP_173141497.1	WP_173141497.1_i/331.5t/364.9h_trans-0_
WP_189863996.1	WP_189863996.1_i/331.5t/h_trans-0_
WP_012180567.1	WP_012180567.1_i/331.4t/369.4h_trans-0_
WP_027644631.1	WP_027644631.1_i/331.3t/375h_trans-0_
WP_027644631.1	WP_027644631.1_i/331.3t/375h_trans-0_
WP_208640147.1	WP_208640147.1_i/331.2t/564.4h_trans-1_
WP_010384890.1	WP_010384890.1_i/331.2t/311.2h_trans-0_
WP_189998867.1	WP_189998867.1_i/330.8t/353.9h_trans-0_
WP_084749676.1	WP_084749676.1_i/330.8t/h_trans-0_
WP_044379034.1	WP_044379034.1_i/330.7t/336.9h_trans-0_
WP_217705600.1	WP_217705600.1_i/330.4t/544.2h_trans-1_
WP_053048432.1	WP_053048432.1_i/330.4t/h_trans-0_
WP_082106775.1	WP_082106775.1_i/330.2t/356.7h_trans-0_
WP_015748988.1	WP_015748988.1_i/330.1t/358.6h_trans-0_
WP_075975326.1	WP_075975326.1_i/329.9t/371.8h_trans-2_
WP_190179985.1	WP_190179985.1_i/329.9t/352.6h_trans-0_
WP_176739031.1	WP_176739031.1_i/329.7t/365.8h_trans-0_
WP_229920711.1	WP_229920711.1_i/329.7t/341.8h_trans-0_
WP_106130846.1	WP_106130846.1_i/329.5t/329h_trans-0_
WP_031099963.1	WP_031099963.1_i/329.4t/348h_trans-0_
WP_017218556.1	WP_017218556.1_i/329.1t/312.4h_trans-0_
WP_017218556.1	WP_017218556.1_i/329.1t/312.4h_trans-0_
WP_106972759.1	WP_106972759.1_i/329t/345.9h_trans-0_
WP_055698435.1	WP_055698435.1_i/329t/340.1h_trans-0_
WP_138900220.1	WP_138900220.1_i/329t/h_trans-0_
WP_120538525.1	WP_120538525.1_i/328.7t/366.6h_trans-0_
WP_010985067.1	WP_010985067.1_i/328.7t/331.9h_trans-0_
WP_130165225.1	WP_130165225.1_i/328.7t/311.9h_trans-0_
WP_030565858.1	WP_030565858.1_i/328.5t/364.4h_trans-0_
WP_055614889.1	WP_055614889.1_i/328.5t/350.7h_trans-0_
WP_073484334.1	WP_073484334.1_i/328.4t/377.7h_trans-0_
WP_191306528.1	WP_191306528.1_i/328.4t/361.2h_trans-0_
WP_088972024.1	WP_088972024.1_i/328.4t/326.3h_trans-0_
WP_193508196.1	WP_193508196.1_i/328.2t/352.5h_trans-0_
WP_111876841.1	WP_111876841.1_i/328t/h_trans-1_
WP_184848398.1	WP_184848398.1_i/327.8t/352.4h_trans-0_
WP_202899175.1	WP_202899175.1_i/327.6t/467.8h_trans-1_
WP_197938968.1	WP_197938968.1_i/327.6t/340.9h_trans-0_
WP_200865842.1	WP_200865842.1_i/327.5t/362.8h_trans-0_
WP_167969469.1	WP_167969469.1_i/327.5t/354.9h_trans-0_
WP_067460894.1	WP_067460894.1_i/327.5t/329.4h_trans-0_
WP_232511179.1	WP_232511179.1_i/327.4t/358.9h_trans-0_
WP_126628719.1	WP_126628719.1_i/327.4t/h_trans-0_
WP_134335679.1	WP_134335679.1_i/327.3t/308.8h_trans-1_
WP_156218533.1	WP_156218533.1_i/327.3t/h_trans-0_
WP_046582946.1	WP_046582946.1_i/327.2t/h_trans-0_
WP_217885380.1	WP_217885380.1_i/327t/626.8h_trans-1_
WP_203228139.1	WP_203228139.1_i/327t/362.6h_trans-0_
WP_030125566.1	WP_030125566.1_i/326.9t/354.4h_trans-0_
WP_193483102.1	WP_193483102.1_i/326.9t/349.6h_trans-0_
WP_091606270.1	WP_091606270.1_i/326.9t/320h_trans-0_
WP_091119691.1	WP_091119691.1_i/326.8t/376.5h_trans-0_
WP_150482248.1	WP_150482248.1_i/326.5t/348.2h_trans-0_
WP_026467640.1	WP_026467640.1_i/325.9t/367.2h_trans-0_
WP_039915580.1	WP_039915580.1_i/325.9t/362.6h_trans-0_
WP_091287058.1	WP_091287058.1_i/325.8t/362.5h_trans-0_
WP_051560678.1	WP_051560678.1_i/325.8t/h_trans-1_
WP_165256999.1	WP_165256999.1_i/325.7t/343.8h_trans-0_
WP_009947613.1	WP_009947613.1_i/325.7t/311.7h_trans-1_
WP_110665972.1	WP_110665972.1_i/325.6t/360.3h_trans-0_
WP_168087727.1	WP_168087727.1_i/325.5t/354.8h_trans-0_
WP_173165673.1	WP_173165673.1_i/325.4t/340.6h_trans-0_
WP_051335615.1	WP_051335615.1_i/325.3t/472.5h_trans-0_
WP_046394715.1	WP_046394715.1_i/324.7t/h_trans-1_
WP_190124028.1	WP_190124028.1_i/324.5t/306.4h_trans-2_
WP_189184120.1	WP_189184120.1_i/324.4t/348h_trans-0_
WP_016392700.1	WP_016392700.1_i/324.3t/618h_trans-1_
WP_173080507.1	WP_173080507.1_i/324.3t/355.6h_trans-0_
WP_011145537.1	WP_011145537.1_i/324.2t/h_trans-1_
WP_181442413.1	WP_181442413.1_i/323.8t/345.1h_trans-0_
WP_079172491.1	WP_079172491.1_i/323.6t/337.7h_trans-0_
WP_173063261.1	WP_173063261.1_i/323.2t/337.5h_trans-0_
WP_168204326.1	WP_168204326.1_i/322.8t/314.8h_trans-0_
WP_092312520.1	WP_092312520.1_i/322.3t/673.1h_trans-2_
WP_169924685.1	WP_169924685.1_i/322.3t/h_trans-1_
WP_186699704.1	WP_186699704.1_i/322.2t/669.4h_trans-1_
WP_150509677.1	WP_150509677.1_i/322.1t/353.7h_trans-0_
WP_199783061.1	WP_199783061.1_i/322.1t/340.7h_trans-0_
WP_120330922.1	WP_120330922.1_i/322.1t/336.9h_trans-0_
WP_219534264.1	WP_219534264.1_i/322.1t/332.3h_trans-0_
WP_209666756.1	WP_209666756.1_i/322.1t/325.9h_trans-0_
WP_181234254.1	WP_181234254.1_i/322.1t/h_trans-0_
WP_203996270.1	WP_203996270.1_i/322t/344.1h_trans-1_
WP_173081267.1	WP_173081267.1_i/321.9t/344.5h_trans-0_
WP_201824216.1	WP_201824216.1_i/321.9t/337.8h_trans-0_
WP_078630565.1	WP_078630565.1_i/321.7t/338.6h_trans-0_
WP_150489182.1	WP_150489182.1_i/321.6t/346.5h_trans-0_
WP_130340836.1	WP_130340836.1_i/321.6t/321.1h_trans-0_
WP_090946613.1	WP_090946613.1_i/321.6t/h_trans-0_
WP_020384975.1	WP_020384975.1_i/321.5t/331h_trans-0_
WP_091051089.1	WP_091051089.1_i/321.4t/355h_trans-0_
WP_217837638.1	WP_217837638.1_i/321.3t/654h_trans-0_
WP_120783240.1	WP_120783240.1_i/321.3t/336.1h_trans-0_
WP_091553273.1	WP_091553273.1_i/321.2t/330.1h_trans-0_
WP_084311281.1	WP_084311281.1_i/321.1t/620.3h_trans-1_
WP_217848306.1	WP_217848306.1_i/320.6t/669.5h_trans-3_
WP_120681790.1	WP_120681790.1_i/320.6t/336h_trans-0_
WP_145818743.1	WP_145818743.1_i/320.6t/327h_trans-0_
WP_208297896.1	WP_208297896.1_i/320.5t/308.9h_trans-0_
WP_110995179.1	WP_110995179.1_i/320.3t/697.1h_trans-2_
WP_090768875.1	WP_090768875.1_i/320.2t/h_trans-0_
WP_030925554.1	WP_030925554.1_i/320t/h_trans-0_
WP_231399359.1	WP_231399359.1_i/319.9t/328.9h_trans-0_
WP_084735069.1	WP_084735069.1_i/319.8t/325h_trans-2_
WP_184538746.1	WP_184538746.1_i/319.7t/319.5h_trans-2_
WP_115086244.1	WP_115086244.1_i/319.5t/693.7h_trans-2_
WP_103397639.1	WP_103397639.1_i/319.5t/650.1h_trans-1_
WP_091589546.1	WP_091589546.1_i/319.4t/336.1h_trans-0_
WP_053043469.1	WP_053043469.1_i/319.4t/h_trans-0_
WP_088984039.1	WP_088984039.1_i/319.2t/316.1h_trans-2_
WP_076472999.1	WP_076472999.1_i/319.1t/329.3h_trans-0_
WP_091462583.1	WP_091462583.1_i/319.1t/322.2h_trans-0_
WP_184906446.1	WP_184906446.1_i/319t/364.5h_trans-0_
WP_123817605.1	WP_123817605.1_i/319t/344h_trans-0_
WP_162820556.1	WP_162820556.1_i/319t/303.3h_trans-0_
WP_104448005.1	WP_104448005.1_i/318.9t/651.4h_trans-1_
WP_084321048.1	WP_084321048.1_i/318.9t/647.8h_trans-1_
WP_193193443.1	WP_193193443.1_i/318.9t/h_trans-0_
WP_076688215.1	WP_076688215.1_i/318.4t/336.4h_trans-0_
WP_101364838.1	WP_101364838.1_i/318.4t/h_trans-0_
WP_011534378.1	WP_011534378.1_i/318.2t/725.7h_trans-2_
WP_184973959.1	WP_184973959.1_i/317.9t/329.8h_trans-0_
WP_197853758.1	WP_197853758.1_i/317.4t/710.2h_trans-2_
WP_090456919.1	WP_090456919.1_i/317.1t/647.8h_trans-1_
WP_088642483.1	WP_088642483.1_i/317.1t/321.3h_trans-0_
WP_123553323.1	WP_123553323.1_i/316.9t/345.6h_trans-0_
WP_074309197.1	WP_074309197.1_i/316.7t/316.9h_trans-0_
WP_229929292.1	WP_229929292.1_i/316.6t/345.3h_trans-0_
WP_067451873.1	WP_067451873.1_i/316.5t/325.4h_trans-2_
WP_069850138.1	WP_069850138.1_i/316.5t/h_trans-0_
WP_203907354.1	WP_203907354.1_i/316.5t/h_trans-0_
WP_199523710.1	WP_199523710.1_i/316.5t/h_trans-0_
WP_229824117.1	WP_229824117.1_i/316.4t/333h_trans-0_
WP_106247271.1	WP_106247271.1_i/316.3t/h_trans-0_
WP_116215372.1	WP_116215372.1_i/316.2t/338.9h_trans-0_
WP_072782576.1	WP_072782576.1_i/316.2t/h_trans-1_
WP_217839160.1	WP_217839160.1_i/316t/702.5h_trans-2_
WP_020524168.1	WP_020524168.1_i/316t/320.8h_trans-0_
WP_188091987.1	WP_188091987.1_i/315.8t/317.2h_trans-1_
WP_004942716.1	WP_004942716.1_i/315.7t/h_trans-0_
WP_152620391.1	WP_152620391.1_i/315.4t/340.7h_trans-0_
WP_183657155.1	WP_183657155.1_i/315.4t/h_trans-0_
WP_089021353.1	WP_089021353.1_i/315.2t/316.4h_trans-0_
WP_194922877.1	WP_194922877.1_i/314.9t/h_trans-0_
WP_167533559.1	WP_167533559.1_i/314.8t/319.5h_trans-0_
WP_091106482.1	WP_091106482.1_i/314.6t/333.9h_trans-0_
WP_070983632.1	WP_070983632.1_i/314.4t/h_trans-0_
WP_026410864.1	WP_026410864.1_i/314.3t/330.4h_trans-0_
WP_088994476.1	WP_088994476.1_i/314.3t/327.9h_trans-0_
WP_006606795.1	WP_006606795.1_i/314.1t/318.1h_trans-0_
WP_111881695.1	WP_111881695.1_i/313.8t/529.5h_trans-1_
WP_109004328.1	WP_109004328.1_i/313.8t/328.4h_trans-0_
WP_201364102.1	WP_201364102.1_i/313t/300.5h_trans-0_
WP_133850190.1	WP_133850190.1_i/312.8t/345.1h_trans-0_
WP_211288985.1	WP_211288985.1_i/312.8t/331.4h_trans-0_
WP_051450879.1	WP_051450879.1_i/312.8t/317.7h_trans-0_
WP_061540225.1	WP_061540225.1_i/312.4t/h_trans-0_
WP_208619375.1	WP_208619375.1_i/312.1t/346.4h_trans-0_
WP_110256952.1	WP_110256952.1_i/312t/326.7h_trans-1_
WP_091643445.1	WP_091643445.1_i/312t/316.2h_trans-0_
WP_106677720.1	WP_106677720.1_i/312t/h_trans-0_
WP_088984795.1	WP_088984795.1_i/311.9t/325.1h_trans-0_
WP_053657755.1	WP_053657755.1_i/311.8t/334.6h_trans-0_
WP_005455407.1	WP_005455407.1_i/311.6t/342.1h_trans-0_
WP_023544320.1	WP_023544320.1_i/311.5t/310.3h_trans-0_
WP_154937775.1	WP_154937775.1_i/311.2t/317.1h_trans-0_
WP_013285949.1	WP_013285949.1_i/311.1t/329.3h_trans-0_
WP_111135235.1	WP_111135235.1_i/311.1t/327.4h_trans-0_
WP_132597791.1	WP_132597791.1_i/311t/307.9h_trans-0_
WP_058358676.1	WP_058358676.1_i/311t/h_trans-0_
WP_126020812.1	WP_126020812.1_i/310.8t/h_trans-0_
WP_190019753.1	WP_190019753.1_i/310.6t/h_trans-0_
WP_057917628.1	WP_057917628.1_i/310.5t/h_trans-0_
WP_091309239.1	WP_091309239.1_i/309.5t/325.2h_trans-0_
WP_088962480.1	WP_088962480.1_i/309.4t/313.2h_trans-0_
WP_143081213.1	WP_143081213.1_i/309.3t/326.3h_trans-0_
WP_091239138.1	WP_091239138.1_i/309.2t/310.6h_trans-0_
WP_112248830.1	WP_112248830.1_i/309t/331h_trans-0_
WP_055698438.1	WP_055698438.1_i/308.6t/306.1h_trans-0_
WP_126470638.1	WP_126470638.1_i/308.6t/h_trans-0_
WP_091294633.1	WP_091294633.1_i/308.2t/316.8h_trans-0_
WP_097229365.1	WP_097229365.1_i/308.2t/h_trans-0_
WP_208340946.1	WP_208340946.1_i/308.1t/336.2h_trans-0_Cyano
WP_065967591.1	WP_065967591.1_i/308.1t/h_trans-0_
WP_201768231.1	WP_201768231.1_i/308t/355.5h_trans-0_
WP_088646412.1	WP_088646412.1_i/308t/312.6h_trans-0_
WP_091065018.1	WP_091065018.1_i/307.8t/322.6h_trans-0_
WP_120570203.1	WP_120570203.1_i/307.7t/322.6h_trans-0_
WP_088978630.1	WP_088978630.1_i/307.7t/318.6h_trans-0_
WP_189194363.1	WP_189194363.1_i/307.6t/328.9h_trans-0_
WP_161689612.1	WP_161689612.1_i/307.6t/317.4h_trans-0_
WP_111596241.1	WP_111596241.1_i/307.4t/h_trans-1_
WP_104114545.1	WP_104114545.1_i/307.3t/324.7h_trans-0_
WP_091630287.1	WP_091630287.1_i/307.2t/347h_trans-0_
WP_089006885.1	WP_089006885.1_i/306.8t/322.1h_trans-0_
WP_093216769.1	WP_093216769.1_i/306.6t/640.5h_trans-1_
WP_189791840.1	WP_189791840.1_i/306.6t/361.2h_trans-0_
WP_084707051.1	WP_084707051.1_i/306.5t/h_trans-0_
WP_091266329.1	WP_091266329.1_i/306.2t/328h_trans-0_
WP_196922635.1	WP_196922635.1_i/306.2t/306.8h_trans-0_
WP_184694003.1	WP_184694003.1_i/306.2t/h_trans-0_
WP_189208313.1	WP_189208313.1_i/306t/325.4h_trans-0_
WP_145666183.1	WP_145666183.1_i/306t/h_trans-0_
WP_154226017.1	WP_154226017.1_i/305.3t/326h_trans-0_
WP_091050547.1	WP_091050547.1_i/305.2t/323.6h_trans-0_
WP_083134351.1	WP_083134351.1_i/305.2t/h_trans-0_
WP_188915021.1	WP_188915021.1_i/304.7t/348h_trans-0_
WP_055531988.1	WP_055531988.1_i/304.5t/311.3h_trans-0_
WP_089830489.1	WP_089830489.1_i/304.4t/305.3h_trans-0_
WP_091657768.1	WP_091657768.1_i/304.1t/324.5h_trans-0_
WP_185443937.1	WP_185443937.1_i/303.9t/327.1h_trans-0_
WP_052808562.1	WP_052808562.1_i/303.9t/h_trans-0_
WP_057943823.1	WP_057943823.1_i/303.9t/h_trans-0_
WP_043968606.1	WP_043968606.1_i/303.8t/315.7h_trans-0_
WP_043968606.1	WP_043968606.1_i/303.8t/315.7h_trans-0_
WP_208865489.1	WP_208865489.1_i/303.5t/334.9h_trans-0_
WP_203960676.1	WP_203960676.1_i/303.5t/h_trans-0_
WP_057003480.1	WP_057003480.1_i/303.3t/300.1h_trans-0_
WP_015802444.1	WP_015802444.1_i/302.7t/344.3h_trans-0_
WP_106605141.1	WP_106605141.1_i/302.6t/306.8h_trans-0_
WP_162889989.1	WP_162889989.1_i/302.6t/303.8h_trans-0_
WP_133907055.1	WP_133907055.1_i/302.2t/328.3h_trans-0_
WP_201824202.1	WP_201824202.1_i/302t/h_trans-0_
WP_030778860.1	WP_030778860.1_i/300.8t/303.4h_trans-0_
WP_162249596.1	WP_162249596.1_i/300.7t/h_trans-0_
WP_073397964.1	WP_073397964.1_i/300.4t/h_trans-1_
WP_139801498.1	WP_139801498.1_i/300.3t/h_trans-0_
WP_035706718.1	WP_035706718.1_i/t/337.5h_trans-1_
WP_052258155.1	WP_052258155.1_i/t/334h_trans-0_
WP_130127693.1	WP_130127693.1_i/t/333h_trans-0_
WP_089960752.1	WP_089960752.1_i/t/329.5h_trans-0_
WP_009900093.1	WP_009900093.1_i/t/325.5h_trans-1_
WP_004532986.1	WP_004532986.1_i/t/323.3h_trans-1_
WP_145719319.1	WP_145719319.1_i/t/321.4h_trans-1_
WP_162199676.1	WP_162199676.1_i/t/317h_trans-1_
WP_094984070.1	WP_094984070.1_i/t/316.3h_trans-0_
WP_161972749.1	WP_161972749.1_i/t/313.5h_trans-0_
WP_119050448.1	WP_119050448.1_i/t/303.7h_trans-1_
WP_189751156.1	WP_189751156.1_i/t/303.1h_trans-0_
WP_027392678.1	WP_027392678.1_i/t/301.8h_trans-1_
WP_035746294.1	WP_035746294.1_i/t/301.6h_trans-1_
WP_035746294.1	WP_035746294.1_i/t/301.6h_trans-1_
WP_135526010.1	WP_135526010.1_i/t/300.6h_trans-0_
WP_148302827.1	WP_148302827.1_i/t/300h_trans-0_
WP_167944419.1	WP_167944419.1_i/t/h_trans-0_
WP_092784354.1	WP_092784354.1_i/t/h_trans-2_
WP_121394577.1	WP_121394577.1_i/t/h_trans-2_
WP_015660756.1	WP_015660756.1_i/t/h_trans-0_
WP_189923893.1	WP_189923893.1_i/t/h_trans-0_
WP_204453038.1	WP_204453038.1_i/t/h_trans-2_
WP_053078340.1	WP_053078340.1_i/t/h_trans-0_
WP_165961045.1	WP_165961045.1_i/t/h_trans-0_
WP_219008050.1	WP_219008050.1_i/t/h_trans-1_
WP_142940938.1	WP_142940938.1_i/t/h_trans-0_
WP_186767402.1	WP_186767402.1_i/t/h_trans-0_
WP_025359198.1	WP_025359198.1_i/t/h_trans-0_
WP_203810056.1	WP_203810056.1_i/t/h_trans-0_
WP_089837585.1	WP_089837585.1_i/t/h_trans-1_
WP_052409290.1	WP_052409290.1_i/t/h_trans-0_
WP_189176687.1	WP_189176687.1_i/t/h_trans-0_
WP_123666520.1	WP_123666520.1_i/t/h_trans-2_
WP_165131583.1	WP_165131583.1_i/t/h_trans-0_
WP_076162975.1	WP_076162975.1_i/t/h_trans-0_
WP_135499628.1	WP_135499628.1_i/t/h_trans-0_
WP_125067050.1	WP_125067050.1_i/t/h_trans-1_
WP_103071073.1	WP_103071073.1_i/t/h_trans-0_
WP_069931997.1	WP_069931997.1_i/t/h_trans-0_
WP_137310478.1	WP_137310478.1_i/t/h_trans-0_
WP_011605294.1	WP_011605294.1_i/t/h_trans-2_
WP_135464030.1	WP_135464030.1_i/t/h_trans-1_
WP_089255560.1	WP_089255560.1_i/t/h_trans-0_
WP_025742955.1	WP_025742955.1_i/t/h_trans-1_
WP_103502142.1	WP_103502142.1_i/t/h_trans-0_
WP_067238055.1	WP_067238055.1_i/t/h_trans-0_
WP_137303412.1	WP_137303412.1_i/t/h_trans-0_
WP_050433030.1	WP_050433030.1_i/t/h_trans-0_
WP_075342504.1	WP_075342504.1_i/t/h_trans-0_
WP_219008043.1	WP_219008043.1_i/t/h_trans-1_
WP_052376704.1	WP_052376704.1_i/t/h_trans-0_
WP_115900537.1	WP_115900537.1_i/t/h_trans-1_
WP_089920712.1	WP_089920712.1_i/t/h_trans-1_
WP_113613643.1	WP_113613643.1_i/t/h_trans-1_
WP_006350634.1	WP_006350634.1_i/t/h_trans-0_
WP_179828365.1	WP_179828365.1_i/t/h_trans-0_
WP_189250284.1	WP_189250284.1_i/t/h_trans-0_
WP_146478904.1	WP_146478904.1_i/t/h_trans-0_
WP_189594511.1	WP_189594511.1_i/t/h_trans-0_
WP_203716484.1	WP_203716484.1_i/t/h_trans-0_
WP_184567596.1	WP_184567596.1_i/t/h_trans-0_
WP_012892073.1	WP_012892073.1_i/t/h_trans-0_
WP_091272893.1	WP_091272893.1_i/t/h_trans-2_
WP_161962510.1	WP_161962510.1_i/t/h_trans-0_
WP_091088265.1	WP_091088265.1_i/t/h_trans-0_
WP_124771709.1	WP_124771709.1_i/t/h_trans-0_
WP_051830324.1	WP_051830324.1_i/t/h_trans-0_
WP_025358135.1	WP_025358135.1_i/t/h_trans-0_
WP_143039973.1	WP_143039973.1_i/t/h_trans-0_
WP_121286851.1	WP_121286851.1_i/t/h_trans-1_
WP_045825718.1	WP_045825718.1_i/t/h_trans-1_
WP_083330552.1	WP_083330552.1_i/t/h_trans-0_
WP_004201198.1	WP_004201198.1_i/t/h_trans-0_
WP_004201198.1	WP_004201198.1_i/t/h_trans-0_
WP_145719330.1	WP_145719330.1_i/t/h_trans-1_
WP_203222846.1	WP_203222846.1_i/t/h_trans-0_
WP_093890649.1	WP_093890649.1_i/t/h_trans-0_
WP_086578158.1	WP_086578158.1_i/t/h_trans-0_
WP_067134483.1	WP_067134483.1_i/t/h_trans-0_
WP_190184758.1	WP_190184758.1_i/t/h_trans-0_
WP_170217576.1	WP_170217576.1_i/t/h_trans-0_
WP_200300915.1	WP_200300915.1_i/t/h_trans-0_
WP_132597800.1	WP_132597800.1_i/t/h_trans-0_
WP_188555697.1	WP_188555697.1_i/t/h_trans-1_
WP_067367146.1	WP_067367146.1_i/t/h_trans-0_
WP_182288012.1	WP_182288012.1_i/t/h_trans-0_
WP_030234600.1	WP_030234600.1_i/t/h_trans-0_
WP_089209172.1	WP_089209172.1_i/t/h_trans-1_
WP_184848394.1	WP_184848394.1_i/t/h_trans-0_
WP_111635122.1	WP_111635122.1_i/t/h_trans-0_
WP_108952883.1	WP_108952883.1_i/t/h_trans-0_
WP_031151551.1	WP_031151551.1_i/t/h_trans-0_
WP_193483104.1	WP_193483104.1_i/t/h_trans-0_
WP_009579128.1	WP_009579128.1_i/t/h_trans-0_
WP_150482246.1	WP_150482246.1_i/t/h_trans-0_
WP_150482246.1	WP_150482246.1_i/t/h_trans-0_
WP_102660633.1	WP_102660633.1_i/t/h_trans-0_
WP_171626379.1	WP_171626379.1_i/t/h_trans-0_
WP_084717424.1	WP_084717424.1_i/t/h_trans-0_
WP_089478227.1	WP_089478227.1_i/t/h_trans-1_
WP_013734730.1	WP_013734730.1_i/t/h_trans-0_
WP_140962252.1	WP_140962252.1_i/t/h_trans-0_
WP_150516320.1	WP_150516320.1_i/t/h_trans-0_
WP_085928466.1	WP_085928466.1_i/t/h_trans-0_
WP_188106623.1	WP_188106623.1_i/t/h_trans-0_
WP_051887199.1	WP_051887199.1_i/t/h_trans-1_
WP_051316675.1	WP_051316675.1_i/t/h_trans-1_
FHS44_RS34655	FHS44_RS34655_i/t/h_trans-0_
WP_189730227.1	WP_189730227.1_i/t/h_trans-0_
WP_119049520.1	WP_119049520.1_i/t/h_trans-1_
WP_030081951.1	WP_030081951.1_i/t/h_trans-0_
WP_168802757.1	WP_168802757.1_i/t/h_trans-1_
WP_157300878.1	WP_157300878.1_i/t/h_trans-1_
WP_084138377.1	WP_084138377.1_i/t/h_trans-0_
WP_188105039.1	WP_188105039.1_i/t/h_trans-1_
WP_189176065.1	WP_189176065.1_i/t/h_trans-0_
WP_159492451.1	WP_159492451.1_i/t/h_trans-0_
WP_230210933.1	WP_230210933.1_i/t/h_trans-0_
WP_098240616.1	WP_098240616.1_i/t/h_trans-0_
WP_169226052.1	WP_169226052.1_i/t/h_trans-1_
WP_189998863.1	WP_189998863.1_i/t/h_trans-0_
WP_116209575.1	WP_116209575.1_i/t/h_trans-0_
WP_106530407.1	WP_106530407.1_i/t/h_trans-0_
WP_081197523.1	WP_081197523.1_i/t/h_trans-0_
WP_168805408.1	WP_168805408.1_i/t/h_trans-0_
WP_079179023.1	WP_079179023.1_i/t/h_trans-0_
WP_034762689.1	WP_034762689.1_i/t/h_trans-1_
WP_120759874.1	WP_120759874.1_i/t/h_trans-0_
WP_081151372.1	WP_081151372.1_i/t/h_trans-1_
WP_189801406.1	WP_189801406.1_i/t/h_trans-0_
WP_041862039.1	WP_041862039.1_i/t/h_trans-3_
WP_150518775.1	WP_150518775.1_i/t/h_trans-0_
WP_191293520.1	WP_191293520.1_i/t/h_trans-0_
WP_042438072.1	WP_042438072.1_i/t/h_trans-0_
WP_204000703.1	WP_204000703.1_i/t/h_trans-0_
WP_090505119.1	WP_090505119.1_i/t/h_trans-0_
WP_091048500.1	WP_091048500.1_i/t/h_trans-0_
WP_090051573.1	WP_090051573.1_i/t/h_trans-0_
WP_091437914.1	WP_091437914.1_i/t/h_trans-0_
WP_051739787.1	WP_051739787.1_i/t/h_trans-0_
WP_084744608.1	WP_084744608.1_i/t/h_trans-0_
WP_152364930.1	WP_152364930.1_i/t/h_trans-0_
WP_106679259.1	WP_106679259.1_i/t/h_trans-0_
WP_041132251.1	WP_041132251.1_i/t/h_trans-0_
WP_077194215.1	WP_077194215.1_i/t/h_trans-0_
WP_035805138.1	WP_035805138.1_i/t/h_trans-0_
WP_045704958.1	WP_045704958.1_i/t/h_trans-0_
WP_174528922.1	WP_174528922.1_i/t/h_trans-0_
WP_190105757.1	WP_190105757.1_i/t/h_trans-0_
WP_030364794.1	WP_030364794.1_i/t/h_trans-0_
WP_169224910.1	WP_169224910.1_i/t/h_trans-1_
WP_145718331.1	WP_145718331.1_i/t/h_trans-0_
WP_207863097.1	WP_207863097.1_i/t/h_trans-0_
WP_089102873.1	WP_089102873.1_i/t/h_trans-0_
WP_184731915.1	WP_184731915.1_i/t/h_trans-0_
WP_067370795.1	WP_067370795.1_i/t/h_trans-0_
WP_130511855.1	WP_130511855.1_i/t/h_trans-0_
WP_209518138.1	WP_209518138.1_i/t/h_trans-0_
WP_190213917.1	WP_190213917.1_i/t/h_trans-0_
WP_169735431.1	WP_169735431.1_i/t/h_trans-0_
WP_007497751.1	WP_007497751.1_i/t/h_trans-0_
WP_020647137.1	WP_020647137.1_i/t/h_trans-0_
WP_182889001.1	WP_182889001.1_i/t/h_trans-0_
WP_030652387.1	WP_030652387.1_i/t/h_trans-0_
WP_150494589.1	WP_150494589.1_i/t/h_trans-0_
WP_078906000.1	WP_078906000.1_i/t/h_trans-0_
WP_124346690.1	WP_124346690.1_i/t/h_trans-0_
WP_041127521.1	WP_041127521.1_i/t/h_trans-0_
WP_192509138.1	WP_192509138.1_i/t/h_trans-1_
WP_190090437.1	WP_190090437.1_i/t/h_trans-0_
WP_145766418.1	WP_145766418.1_i/t/h_trans-0_
WP_208036815.1	WP_208036815.1_i/t/h_trans-0_
WP_096380148.1	WP_096380148.1_i/t/h_trans-1_
WP_023586051.1	WP_023586051.1_i/t/h_trans-0_
WP_030897415.1	WP_030897415.1_i/t/h_trans-0_
WP_099198151.1	WP_099198151.1_i/t/h_trans-0_
WP_152371153.1	WP_152371153.1_i/t/h_trans-0_
WP_098696780.1	WP_098696780.1_i/t/h_trans-0_
WP_078673367.1	WP_078673367.1_i/t/h_trans-0_
WP_091460863.1	WP_091460863.1_i/t/h_trans-3_
WP_190160902.1	WP_190160902.1_i/t/h_trans-0_
WP_192770948.1	WP_192770948.1_i/t/h_trans-0_
WP_188100694.1	WP_188100694.1_i/t/h_trans-1_
WP_189848256.1	WP_189848256.1_i/t/h_trans-0_
WP_031146738.1	WP_031146738.1_i/t/h_trans-0_
WP_207248279.1	WP_207248279.1_i/t/h_trans-0_
WP_046907603.1	WP_046907603.1_i/t/h_trans-0_
WP_223830298.1	WP_223830298.1_i/t/h_trans-0_
WP_170251818.1	WP_170251818.1_i/t/h_trans-0_
WP_053627424.1	WP_053627424.1_i/t/h_trans-0_
WP_089861605.1	WP_089861605.1_i/t/h_trans-0_
WP_058040997.1	WP_058040997.1_i/t/h_trans-0_
WP_203855453.1	WP_203855453.1_i/t/h_trans-0_
WP_228562884.1	WP_228562884.1_i/t/h_trans-0_
WP_030222842.1	WP_030222842.1_i/t/h_trans-0_
WP_145910888.1	WP_145910888.1_i/t/h_trans-2_
WP_205372028.1	WP_205372028.1_i/t/h_trans-0_
WP_089311013.1	WP_089311013.1_i/t/h_trans-0_
WP_066361575.1	WP_066361575.1_i/t/h_trans-0_
WP_161478215.1	WP_161478215.1_i/t/h_trans-0_
WP_110081856.1	WP_110081856.1_i/t/h_trans-0_
WP_189293973.1	WP_189293973.1_i/t/h_trans-0_
WP_188104635.1	WP_188104635.1_i/t/h_trans-1_
WP_035278157.1	WP_035278157.1_i/t/h_trans-0_
WP_157493935.1	WP_157493935.1_i/t/h_trans-0_
WP_010366006.1	WP_010366006.1_i/t/h_trans-0_
WP_046776527.1	WP_046776527.1_i/t/h_trans-0_
WP_190062215.1	WP_190062215.1_i/t/h_trans-0_
WP_069464734.1	WP_069464734.1_i/t/h_trans-0_
WP_076379130.1	WP_076379130.1_i/t/h_trans-0_
WP_062433301.1	WP_062433301.1_i/t/h_trans-0_
WP_137251182.1	WP_137251182.1_i/t/h_trans-0_
WP_179849126.1	WP_179849126.1_i/t/h_trans-0_
WP_030326597.1	WP_030326597.1_i/t/h_trans-0_
WP_128510191.1	WP_128510191.1_i/t/h_trans-0_
WP_062348871.1	WP_062348871.1_i/t/h_trans-0_
WP_189922090.1	WP_189922090.1_i/t/h_trans-0_
WP_208630178.1	WP_208630178.1_i/t/h_trans-0_
WP_128984872.1	WP_128984872.1_i/t/h_trans-0_
WP_062331093.1	WP_062331093.1_i/t/h_trans-0_
WP_184869488.1	WP_184869488.1_i/t/h_trans-0_
WP_173055476.1	WP_173055476.1_i/t/h_trans-1_
WP_051857674.1	WP_051857674.1_i/t/h_trans-0_
WP_033269189.1	WP_033269189.1_i/t/h_trans-0_
WP_155072878.1	WP_155072878.1_i/t/h_trans-0_
WP_026410863.1	WP_026410863.1_i/t/h_trans-0_
WP_179838414.1	WP_179838414.1_i/t/h_trans-0_
WP_173081265.1	WP_173081265.1_i/t/h_trans-0_
WP_121005725.1	WP_121005725.1_i/t/h_trans-0_
WP_086879372.1	WP_086879372.1_i/t/h_trans-0_
WP_086879372.1	WP_086879372.1_i/t/h_trans-0_
WP_086879372.1	WP_086879372.1_i/t/h_trans-0_
WP_086879372.1	WP_086879372.1_i/t/h_trans-0_
WP_061293635.1	WP_061293635.1_i/t/h_trans-0_
WP_156755302.1	WP_156755302.1_i/t/h_trans-0_
WP_189978572.1	WP_189978572.1_i/t/h_trans-0_
WP_153525535.1	WP_153525535.1_i/t/h_trans-0_
WP_159742204.1	WP_159742204.1_i/t/h_trans-0_
WP_005455406.1	WP_005455406.1_i/t/h_trans-0_
WP_103547612.1	WP_103547612.1_i/t/h_trans-0_
WP_089707895.1	WP_089707895.1_i/t/h_trans-1_
WP_093270406.1	WP_093270406.1_i/t/h_trans-0_
WP_116427520.1	WP_116427520.1_i/t/h_trans-0_
WP_090096555.1	WP_090096555.1_i/t/h_trans-0_
WP_155172910.1	WP_155172910.1_i/t/h_trans-0_
WP_009948751.1	WP_009948751.1_i/t/h_trans-0_
WP_025359419.1	WP_025359419.1_i/t/h_trans-0_
WP_067460893.1	WP_067460893.1_i/t/h_trans-0_
WP_074995093.1	WP_074995093.1_i/t/h_trans-0_
WP_173063298.1	WP_173063298.1_i/t/h_trans-0_
WP_197002250.1	WP_197002250.1_i/t/h_trans-0_
WP_093547247.1	WP_093547247.1_i/t/h_trans-0_
WP_093547247.1	WP_093547247.1_i/t/h_trans-0_
WP_204044649.1	WP_204044649.1_i/t/h_trans-0_
WP_010985069.1	WP_010985069.1_i/t/h_trans-0_
WP_218934993.1	WP_218934993.1_i/t/h_trans-0_
WP_103071992.1	WP_103071992.1_i/t/h_trans-0_
WP_159472143.1	WP_159472143.1_i/t/h_trans-0_
WP_055567447.1	WP_055567447.1_i/t/h_trans-0_
WP_041132252.1	WP_041132252.1_i/t/h_trans-0_
WP_090058507.1	WP_090058507.1_i/t/h_trans-0_
WP_072361447.1	WP_072361447.1_i/t/h_trans-1_
WP_062723322.1	WP_062723322.1_i/t/h_trans-0_
WP_189178145.1	WP_189178145.1_i/t/h_trans-0_
WP_030469201.1	WP_030469201.1_i/t/h_trans-0_
WP_212994699.1	WP_212994699.1_i/t/h_trans-0_
WP_190218697.1	WP_190218697.1_i/t/h_trans-0_
WP_139587532.1	WP_139587532.1_i/t/h_trans-0_
WP_156215889.1	WP_156215889.1_i/t/h_trans-0_
WP_161246982.1	WP_161246982.1_i/t/h_trans-0_
WP_189764462.1	WP_189764462.1_i/t/h_trans-0_
WP_062723319.1	WP_062723319.1_i/t/h_trans-0_
WP_143219185.1	WP_143219185.1_i/t/h_trans-0_
WP_101258562.1	WP_101258562.1_i/t/h_trans-0_
WP_196813338.1	WP_196813338.1_i/t/h_trans-0_
WP_212529548.1	WP_212529548.1_i/t/h_trans-0_
WP_173036816.1	WP_173036816.1_i/t/h_trans-0_
WP_189184121.1	WP_189184121.1_i/t/h_trans-0_
WP_179721435.1	WP_179721435.1_i/t/h_trans-0_
WP_189751165.1	WP_189751165.1_i/t/h_trans-0_
WP_189879948.1	WP_189879948.1_i/t/h_trans-0_
WP_067992759.1	WP_067992759.1_i/t/h_trans-0_
WP_179842086.1	WP_179842086.1_i/t/h_trans-0_
WP_189320073.1	WP_189320073.1_i/t/h_trans-0_
WP_083472279.1	WP_083472279.1_i/t/h_trans-0_
WP_093851396.1	WP_093851396.1_i/t/h_trans-0_
WP_194909891.1	WP_194909891.1_i/t/h_trans-0_
WP_053043506.1	WP_053043506.1_i/t/h_trans-0_
WP_150066362.1	WP_150066362.1_i/t/h_trans-0_
WP_184730260.1	WP_184730260.1_i/t/h_trans-0_
WP_125521791.1	WP_125521791.1_i/t/h_trans-2_
WP_173165622.1	WP_173165622.1_i/t/h_trans-0_
WP_167945618.1	WP_167945618.1_i/t/h_trans-0_
WP_091630404.1	WP_091630404.1_i/t/h_trans-0_
WP_086860557.1	WP_086860557.1_i/t/h_trans-0_
WP_030256048.1	WP_030256048.1_i/t/h_trans-0_
WP_189954885.1	WP_189954885.1_i/t/h_trans-2_
WP_031173041.1	WP_031173041.1_i/t/h_trans-0_
WP_192768696.1	WP_192768696.1_i/t/h_trans-0_
WP_123553324.1	WP_123553324.1_i/t/h_trans-0_
WP_123553324.1	WP_123553324.1_i/t/h_trans-0_
WP_127340061.1	WP_127340061.1_i/t/h_trans-0_
WP_211269983.1	WP_211269983.1_i/t/h_trans-0_
WP_184986957.1	WP_184986957.1_i/t/h_trans-0_
WP_220142812.1	WP_220142812.1_i/t/h_trans-0_
WP_150246995.1	WP_150246995.1_i/t/h_trans-2_
WP_009950354.1	WP_009950354.1_i/t/h_trans-1_
WP_124858745.1	WP_124858745.1_i/t/h_trans-0_
WP_189535977.1	WP_189535977.1_i/t/h_trans-0_
WP_189317511.1	WP_189317511.1_i/t/h_trans-0_
WP_183217015.1	WP_183217015.1_i/t/h_trans-0_
WP_150489181.1	WP_150489181.1_i/t/h_trans-0_
WP_191299614.1	WP_191299614.1_i/t/h_trans-0_
WP_142617521.1	WP_142617521.1_i/t/h_trans-0_
WP_204047459.1	WP_204047459.1_i/t/h_trans-0_
WP_161483864.1	WP_161483864.1_i/t/h_trans-0_
WP_106606031.1	WP_106606031.1_i/t/h_trans-1_
WP_145870933.1	WP_145870933.1_i/t/h_trans-0_
WP_203877865.1	WP_203877865.1_i/t/h_trans-0_
WP_193201540.1	WP_193201540.1_i/t/h_trans-0_
WP_086671262.1	WP_086671262.1_i/t/h_trans-0_
WP_046385742.1	WP_046385742.1_i/t/h_trans-0_
WP_046385742.1	WP_046385742.1_i/t/h_trans-0_
WP_046385742.1	WP_046385742.1_i/t/h_trans-0_
WP_189775485.1	WP_189775485.1_i/t/h_trans-0_
WP_133849219.1	WP_133849219.1_i/t/h_trans-0_
WP_191873682.1	WP_191873682.1_i/t/h_trans-0_
WP_089310396.1	WP_089310396.1_i/t/h_trans-0_
WP_030556230.1	WP_030556230.1_i/t/h_trans-0_
WP_036013428.1	WP_036013428.1_i/t/h_trans-0_
WP_043437557.1	WP_043437557.1_i/t/h_trans-0_
WP_070021911.1	WP_070021911.1_i/t/h_trans-0_
WP_062428322.1	WP_062428322.1_i/t/h_trans-0_
WP_070983630.1	WP_070983630.1_i/t/h_trans-0_
WP_187118151.1	WP_187118151.1_i/t/h_trans-0_
WP_209619514.1	WP_209619514.1_i/t/h_trans-0_
WP_139576984.1	WP_139576984.1_i/t/h_trans-0_
WP_204294190.1	WP_204294190.1_i/t/h_trans-0_
WP_188119715.1	WP_188119715.1_i/t/h_trans-0_
WP_221477167.1	WP_221477167.1_i/t/h_trans-0_
WP_003962147.1	WP_003962147.1_i/t/h_trans-2_
WP_086661052.1	WP_086661052.1_i/t/h_trans-0_
WP_010387346.1	WP_010387346.1_i/t/h_trans-0_
WP_058473428.1	WP_058473428.1_i/t/h_trans-0_
WP_030238196.1	WP_030238196.1_i/t/h_trans-0_
WP_191049642.1	WP_191049642.1_i/t/h_trans-0_
WP_225968150.1	WP_225968150.1_i/t/h_trans-0_
WP_087790061.1	WP_087790061.1_i/t/h_trans-0_
WP_089922771.1	WP_089922771.1_i/t/h_trans-0_
WP_030397916.1	WP_030397916.1_i/t/h_trans-0_
WP_030191811.1	WP_030191811.1_i/t/h_trans-0_
WP_007034448.1	WP_007034448.1_i/t/h_trans-0_
WP_138667439.1	WP_138667439.1_i/t/h_trans-0_
WP_030778875.1	WP_030778875.1_i/t/h_trans-0_
WP_219572198.1	WP_219572198.1_i/t/h_trans-0_
WP_053138577.1	WP_053138577.1_i/t/h_trans-0_
WP_059208652.1	WP_059208652.1_i/t/h_trans-0_
WP_075137718.1	WP_075137718.1_i/t/h_trans-0_
WP_142573931.1	WP_142573931.1_i/t/h_trans-0_
WP_184671839.1	WP_184671839.1_i/t/h_trans-0_
WP_133875966.1	WP_133875966.1_i/t/h_trans-0_
WP_150249150.1	WP_150249150.1_i/t/h_trans-0_
WP_176735223.1	WP_176735223.1_i/t/h_trans-0_
WP_150509678.1	WP_150509678.1_i/t/h_trans-0_
WP_209666755.1	WP_209666755.1_i/t/h_trans-0_
WP_091620685.1	WP_091620685.1_i/t/h_trans-0_
WP_218004853.1	WP_218004853.1_i/t/h_trans-0_
WP_204067312.1	WP_204067312.1_i/t/h_trans-0_
WP_211840584.1	WP_211840584.1_i/t/h_trans-0_
WP_162335087.1	WP_162335087.1_i/t/h_trans-1_
WP_173317256.1	WP_173317256.1_i/t/h_trans-0_
WP_112248831.1	WP_112248831.1_i/t/h_trans-0_
WP_229680023.1	WP_229680023.1_i/t/h_trans-0_
WP_083104091.1	WP_083104091.1_i/t/h_trans-0_
WP_097232857.1	WP_097232857.1_i/t/h_trans-0_
WP_111699263.1	WP_111699263.1_i/t/h_trans-0_
WP_150935327.1	WP_150935327.1_i/t/h_trans-0_
WP_150935327.1	WP_150935327.1_i/t/h_trans-0_
WP_150529348.1	WP_150529348.1_i/t/h_trans-0_
WP_030084036.1	WP_030084036.1_i/t/h_trans-0_
WP_179762529.1	WP_179762529.1_i/t/h_trans-1_
WP_203755743.1	WP_203755743.1_i/t/h_trans-0_
WP_189936140.1	WP_189936140.1_i/t/h_trans-0_
WP_006351003.1	WP_006351003.1_i/t/h_trans-0_
WP_058448975.1	WP_058448975.1_i/t/h_trans-0_
WP_058493956.1	WP_058493956.1_i/t/h_trans-0_
WP_009997773.1	WP_009997773.1_i/t/h_trans-2_
WP_114248252.1	WP_114248252.1_i/t/h_trans-0_
WP_030115222.1	WP_030115222.1_i/t/h_trans-0_
WP_052673605.1	WP_052673605.1_i/t/h_trans-0_
WP_185443936.1	WP_185443936.1_i/t/h_trans-0_
WP_126387715.1	WP_126387715.1_i/t/h_trans-0_
WP_221521999.1	WP_221521999.1_i/t/h_trans-0_
WP_020384976.1	WP_020384976.1_i/t/h_trans-0_
WP_189298727.1	WP_189298727.1_i/t/h_trans-0_
WP_151483926.1	WP_151483926.1_i/t/h_trans-0_
WP_014675613.1	WP_014675613.1_i/t/h_trans-0_
WP_204056647.1	WP_204056647.1_i/t/h_trans-0_
WP_043435604.1	WP_043435604.1_i/t/h_trans-0_
WP_189955695.1	WP_189955695.1_i/t/h_trans-2_
WP_055707592.1	WP_055707592.1_i/t/h_trans-0_
WP_128788974.1	WP_128788974.1_i/t/h_trans-0_
WP_094091202.1	WP_094091202.1_i/t/h_trans-0_
WP_171110441.1	WP_171110441.1_i/t/h_trans-0_
WP_075134699.1	WP_075134699.1_i/t/h_trans-0_
WP_055570418.1	WP_055570418.1_i/t/h_trans-0_
WP_189989972.1	WP_189989972.1_i/t/h_trans-0_
WP_073952716.1	WP_073952716.1_i/t/h_trans-0_
WP_184819548.1	WP_184819548.1_i/t/h_trans-0_
WP_131889818.1	WP_131889818.1_i/t/h_trans-0_
WP_121894748.1	WP_121894748.1_i/t/h_trans-0_
WP_045934444.1	WP_045934444.1_i/t/h_trans-0_
WP_112467551.1	WP_112467551.1_i/t/h_trans-0_
WP_201814165.1	WP_201814165.1_i/t/h_trans-0_
WP_012949114.1	WP_012949114.1_i/t/h_trans-0_
WP_228771800.1	WP_228771800.1_i/t/h_trans-2_
WP_189269452.1	WP_189269452.1_i/t/h_trans-0_
WP_081260678.1	WP_081260678.1_i/t/h_trans-0_
WP_086730471.1	WP_086730471.1_i/t/h_trans-0_
WP_074991672.1	WP_074991672.1_i/t/h_trans-0_
WP_223094336.1	WP_223094336.1_i/t/h_trans-0_
WP_067121971.1	WP_067121971.1_i/t/h_trans-0_
WP_055595585.1	WP_055595585.1_i/t/h_trans-0_
WP_007094823.1	WP_007094823.1_i/t/h_trans-0_
WP_229499837.1	WP_229499837.1_i/t/h_trans-0_
WP_030067693.1	WP_030067693.1_i/t/h_trans-0_
WP_046417391.1	WP_046417391.1_i/t/h_trans-0_
WP_114242466.1	WP_114242466.1_i/t/h_trans-0_
WP_114242466.1	WP_114242466.1_i/t/h_trans-0_
WP_150499222.1	WP_150499222.1_i/t/h_trans-0_
WP_030777558.1	WP_030777558.1_i/t/h_trans-0_
WP_190019228.1	WP_190019228.1_i/t/h_trans-0_
WP_206334153.1	WP_206334153.1_i/t/h_trans-1_
WP_125210765.1	WP_125210765.1_i/t/h_trans-0_
WP_091440039.1	WP_091440039.1_i/t/h_trans-0_
WP_211244264.1	WP_211244264.1_i/t/h_trans-0_
WP_189952005.1	WP_189952005.1_i/t/h_trans-0_
WP_190200251.1	WP_190200251.1_i/t/h_trans-0_
WP_067305958.1	WP_067305958.1_i/t/h_trans-0_
WP_116176140.1	WP_116176140.1_i/t/h_trans-0_
WP_181866295.1	WP_181866295.1_i/t/h_trans-0_
WP_094219321.1	WP_094219321.1_i/t/h_trans-0_
WP_037800842.1	WP_037800842.1_i/t/h_trans-0_
WP_189867921.1	WP_189867921.1_i/t/h_trans-0_
WP_208852967.1	WP_208852967.1_i/t/h_trans-0_
WP_219539723.1	WP_219539723.1_i/t/h_trans-0_
WP_189755814.1	WP_189755814.1_i/t/h_trans-0_
WP_133116307.1	WP_133116307.1_i/t/h_trans-0_
WP_141313486.1	WP_141313486.1_i/t/h_trans-0_
WP_189747053.1	WP_189747053.1_i/t/h_trans-0_
WP_152894048.1	WP_152894048.1_i/t/h_trans-0_
WP_126396026.1	WP_126396026.1_i/t/h_trans-0_
WP_023545491.1	WP_023545491.1_i/t/h_trans-0_
WP_003984298.1	WP_003984298.1_i/t/h_trans-0_
WP_208034979.1	WP_208034979.1_i/t/h_trans-0_
WP_132037433.1	WP_132037433.1_i/t/h_trans-0_
WP_091217787.1	WP_091217787.1_i/t/h_trans-0_
WP_023364677.1	WP_023364677.1_i/t/h_trans-0_
WP_023364677.1	WP_023364677.1_i/t/h_trans-0_
WP_099198532.1	WP_099198532.1_i/t/h_trans-0_
WP_050498892.1	WP_050498892.1_i/t/h_trans-2_
WP_203777212.1	WP_203777212.1_i/t/h_trans-0_
WP_220210296.1	WP_220210296.1_i/t/h_trans-0_
WP_138056971.1	WP_138056971.1_i/t/h_trans-0_
WP_184969785.1	WP_184969785.1_i/t/h_trans-0_
WP_134059036.1	WP_134059036.1_i/t/h_trans-0_
WP_229919695.1	WP_229919695.1_i/t/h_trans-0_
WP_190816249.1	WP_190816249.1_i/t/h_trans-0_
WP_174876355.1	WP_174876355.1_i/t/h_trans-0_
WP_089106254.1	WP_089106254.1_i/t/h_trans-0_
WP_190143756.1	WP_190143756.1_i/t/h_trans-0_
WP_156218529.1	WP_156218529.1_i/t/h_trans-0_
WP_180685483.1	WP_180685483.1_i/t/h_trans-0_
WP_122526468.1	WP_122526468.1_i/t/h_trans-0_
WP_192757639.1	WP_192757639.1_i/t/h_trans-0_
WP_181018551.1	WP_181018551.1_i/t/h_trans-0_
WP_202979681.1	WP_202979681.1_i/t/h_trans-0_
WP_023362351.1	WP_023362351.1_i/t/h_trans-0_
WP_030925586.1	WP_030925586.1_i/t/h_trans-0_
WP_098509928.1	WP_098509928.1_i/t/h_trans-0_
WP_147388741.1	WP_147388741.1_i/t/h_trans-0_
WP_152961727.1	WP_152961727.1_i/t/h_trans-0_
WP_137969169.1	WP_137969169.1_i/t/h_trans-0_
WP_031169146.1	WP_031169146.1_i/t/h_trans-0_
WP_010355010.1	WP_010355010.1_i/t/h_trans-0_
WP_150514497.1	WP_150514497.1_i/t/h_trans-0_
WP_136740630.1	WP_136740630.1_i/t/h_trans-0_
WP_069867531.1	WP_069867531.1_i/t/h_trans-0_
WP_189984127.1	WP_189984127.1_i/t/h_trans-0_
WP_191872758.1	WP_191872758.1_i/t/h_trans-0_
WP_150245171.1	WP_150245171.1_i/t/h_trans-0_
WP_158924338.1	WP_158924338.1_i/t/h_trans-0_
WP_208261320.1	WP_208261320.1_i/t/h_trans-0_
WP_187564125.1	WP_187564125.1_i/t/h_trans-0_
WP_152961722.1	WP_152961722.1_i/t/h_trans-0_
WP_066994134.1	WP_066994134.1_i/t/h_trans-2_
WP_203870637.1	WP_203870637.1_i/t/h_trans-1_
WP_069738900.1	WP_069738900.1_i/t/h_trans-0_
WP_030431035.1	WP_030431035.1_i/t/h_trans-0_
WP_129887019.1	WP_129887019.1_i/t/h_trans-0_
WP_184921039.1	WP_184921039.1_i/t/h_trans-0_
WP_211832162.1	WP_211832162.1_i/t/h_trans-0_
WP_211121602.1	WP_211121602.1_i/t/h_trans-0_
WP_208652939.1	WP_208652939.1_i/t/h_trans-0_
WP_218053925.1	WP_218053925.1_i/t/h_trans-0_
WP_189175281.1	WP_189175281.1_i/t/h_trans-0_
WP_030281474.1	WP_030281474.1_i/t/h_trans-0_
WP_014143430.1	WP_014143430.1_i/t/h_trans-0_
WP_126470640.1	WP_126470640.1_i/t/h_trans-0_
WP_158194958.1	WP_158194958.1_i/t/h_trans-0_
WP_098243123.1	WP_098243123.1_i/t/h_trans-2_
WP_079168505.1	WP_079168505.1_i/t/h_trans-0_
WP_217649775.1	WP_217649775.1_i/t/h_trans-0_
WP_229825768.1	WP_229825768.1_i/t/h_trans-0_
WP_203791562.1	WP_203791562.1_i/t/h_trans-0_
WP_199889300.1	WP_199889300.1_i/t/h_trans-0_
WP_150192895.1	WP_150192895.1_i/t/h_trans-0_
WP_061540224.1	WP_061540224.1_i/t/h_trans-0_
WP_208030669.1	WP_208030669.1_i/t/h_trans-2_
WP_126020810.1	WP_126020810.1_i/t/h_trans-0_
WP_184778456.1	WP_184778456.1_i/t/h_trans-0_
WP_053923625.1	WP_053923625.1_i/t/h_trans-0_
WP_092794321.1	WP_092794321.1_i/t/h_trans-0_
WP_079145327.1	WP_079145327.1_i/t/h_trans-0_
WP_012379751.1	WP_012379751.1_i/t/h_trans-0_
WP_046084513.1	WP_046084513.1_i/t/h_trans-0_
WP_072781991.1	WP_072781991.1_i/t/h_trans-1_
WP_189914211.1	WP_189914211.1_i/t/h_trans-0_
WP_184916534.1	WP_184916534.1_i/t/h_trans-0_
WP_184921056.1	WP_184921056.1_i/t/h_trans-0_
WP_223103720.1	WP_223103720.1_i/t/h_trans-0_
WP_168802756.1	WP_168802756.1_i/t/h_trans-1_
WP_186459383.1	WP_186459383.1_i/t/h_trans-0_
WP_174886594.1	WP_174886594.1_i/t/h_trans-0_
WP_195890377.1	WP_195890377.1_i/t/h_trans-0_
WP_210972205.1	WP_210972205.1_i/t/h_trans-0_
WP_135339538.1	WP_135339538.1_i/t/h_trans-0_
WP_079076201.1	WP_079076201.1_i/t/h_trans-0_
WP_101286712.1	WP_101286712.1_i/t/h_trans-0_
Prubr_RS31920	Prubr_RS31920_i/t/h_trans-0_
WP_074957049.1	WP_074957049.1_i/t/h_trans-0_
WP_015099677.1	WP_015099677.1_i/t/h_trans-0_
WP_013734187.1	WP_013734187.1_i/t/h_trans-0_
WP_197003661.1	WP_197003661.1_i/t/h_trans-0_
WP_204042014.1	WP_204042014.1_i/t/h_trans-0_
WP_106249766.1	WP_106249766.1_i/t/h_trans-0_
JD77_RS00090	JD77_RS00090_i/t/h_trans-0_
WP_203224007.1	WP_203224007.1_i/t/h_trans-0_
WP_204290686.1	WP_204290686.1_i/t/h_trans-0_
WP_203990500.1	WP_203990500.1_i/t/h_trans-0_
WP_009916225.1	WP_009916225.1_i/t/h_trans-0_
WP_189320085.1	WP_189320085.1_i/t/h_trans-0_
WP_211106548.1	WP_211106548.1_i/t/h_trans-0_
WP_190218691.1	WP_190218691.1_i/t/h_trans-0_
WP_204005281.1	WP_204005281.1_i/t/h_trans-0_
WP_108987364.1	WP_108987364.1_i/t/h_trans-0_
WP_067307550.1	WP_067307550.1_i/t/h_trans-0_
GH657_RS14870	GH657_RS14870_i/t/h_trans-3_
WP_085669576.1	WP_085669576.1_i/t/h_trans-0_
WP_033277128.1	WP_033277128.1_i/t/h_trans-0_
WP_051724633.1	WP_051724633.1_i/t/h_trans-0_
WP_229888929.1	WP_229888929.1_i/t/h_trans-0_
WP_052850413.1	WP_052850413.1_i/t/h_trans-0_
F0169_RS09655	F0169_RS09655_i/t/h_trans-1_
WP_143866395.1	WP_143866395.1_i/t/h_trans-0_
WP_055529005.1	WP_055529005.1_i/t/h_trans-0_
WP_212994703.1	WP_212994703.1_i/t/h_trans-0_
WP_171201032.1	WP_171201032.1_i/t/h_trans-0_
WP_162268418.1	WP_162268418.1_i/t/h_trans-0_
WP_219664160.1	WP_219664160.1_i/t/h_trans-0_
WP_228473405.1	WP_228473405.1_i/t/h_trans-0_
WP_016335657.1	WP_016335657.1_i/t/h_trans-0_
WP_091573607.1	WP_091573607.1_i/t/h_trans-0_
WP_165769751.1	WP_165769751.1_i/t/h_trans-1_
WP_232001678.1	WP_232001678.1_i/t/h_trans-0_
WP_006872501.1	WP_006872501.1_i/t/h_trans-0_
WP_139836782.1	WP_139836782.1_i/t/h_trans-0_
WP_208353721.1	WP_208353721.1_i/t/h_trans-0_Cyano
WP_111251485.1	WP_111251485.1_i/t/h_trans-0_
WP_017744627.1	WP_017744627.1_i/t/h_trans-1_Cyano
WP_012409831.1	WP_012409831.1_i/t/h_trans-1_Cyano
Pflav_RS45025	Pflav_RS45025_i/t/h_trans-0_
WP_127082052.1	WP_127082052.1_i/t/h_trans-0_Cyano
WP_190831940.1	WP_190831940.1_i/t/h_trans-0_Cyano
WP_171978265.1	WP_171978265.1_i/t/h_trans-0_Cyano
FHR32_RS36420	FHR32_RS36420_i/t/h_trans-0_
WP_027842331.1	WP_027842331.1_i/t/h_trans-3_Cyano
WP_002624884.1	WP_002624884.1_i/t/h_trans-0_
WP_083559899.1	WP_083559899.1_i/t/h_trans-1_
WP_099066293.1	WP_099066293.1_i/t/h_trans-3_Cyano
WP_143041471.1	WP_143041471.1_i/t/h_trans-0_
WP_073641492.1	WP_073641492.1_i/t/h_trans-3_Cyano
WP_184815649.1	WP_184815649.1_i/t/h_trans-0_
WP_040271735.1	WP_040271735.1_i/t/h_trans-0_
WP_107072918.1	WP_107072918.1_i/t/h_trans-0_
WP_058466079.1	WP_058466079.1_i/t/h_trans-0_
TMO_RS22380	TMO_RS22380_i/t/h_trans-3_
WP_058515093.1	WP_058515093.1_i/t/h_trans-0_
WP_012979270.1	WP_012979270.1_i/t/h_trans-0_
WP_190890597.1	WP_190890597.1_i/t/h_trans-2_Cyano
WP_101900985.1	WP_101900985.1_i/t/h_trans-0_
WP_190712223.1	WP_190712223.1_i/t/h_trans-2_Cyano