Pattern,Match,domain,phyla,class,order,family,genus,species,phyla_color,class_color,order_color,family_color,genus_color,species_color
GCA_010671905,GB_GCA_010671905.1,d__Bacteria,p__Cyanobacteria,c__Cyanobacteriia,o__Phormidesmiales,f__Phormidesmiaceae,g__Halomicronema,s__Halomicronema sp010671905,#47548C,#7E74CB,#2EEA04,#A8AAF8,#8DFBCB,#83B6C0
GCF_000317555,RS_GCF_000317555.1,d__Bacteria,p__Cyanobacteria,c__Cyanobacteriia,o__Cyanobacteriales,f__Chroococcidiopsidaceae,g__Chroogloeocystis,s__Chroogloeocystis sp000317555,#47548C,#7E74CB,#8E6A6A,#60F699,#6F9FE9,#1F6AF4
GCF_002368095,RS_GCF_002368095.1,d__Bacteria,p__Cyanobacteria,c__Cyanobacteriia,o__Cyanobacteriales,f__Nostocaceae,g__Rivularia,s__Rivularia parasitica,#47548C,#7E74CB,#8E6A6A,#92C48B,#2F2C79,#7E7FF7
GCF_017312365,RS_GCF_017312365.1,d__Bacteria,p__Cyanobacteria,c__Cyanobacteriia,o__Cyanobacteriales,f__Microcystaceae,g__Chroococcus,s__Chroococcus sp017312365,#47548C,#7E74CB,#8E6A6A,#F4D5C2,#1D61E6,#A6A3C8
GCF_000017845,RS_GCF_000017845.1,d__Bacteria,p__Cyanobacteria,c__Cyanobacteriia,o__Cyanobacteriales,f__Microcystaceae_A,g__Crocosphaera,s__Crocosphaera subtropica,#47548C,#7E74CB,#8E6A6A,#4BB2D1,#C497CD,#8BC201
GCF_000167195,RS_GCF_000167195.1,d__Bacteria,p__Cyanobacteria,c__Cyanobacteriia,o__Cyanobacteriales,f__Microcystaceae_A,g__Crocosphaera,s__Crocosphaera watsonii,#47548C,#7E74CB,#8E6A6A,#4BB2D1,#C497CD,#5476D1
GCF_002949795,RS_GCF_002949795.1,d__Bacteria,p__Cyanobacteria,c__Cyanobacteriia,o__Cyanobacteriales,f__Nostocaceae,g__Nostoc,s__Nostoc sp002949795,#47548C,#7E74CB,#8E6A6A,#92C48B,#8D2A0C,#FFDBE0
GCF_015207735,RS_GCF_015207735.1,d__Bacteria,p__Cyanobacteria,c__Cyanobacteriia,o__Cyanobacteriales,f__Phormidiaceae_A,g__Phormidium_B,s__Phormidium_B sp015207735,#47548C,#7E74CB,#8E6A6A,#6420B7,#2B2F1D,#276BF1
GCA_010692645,GB_GCA_010692645.1,d__Bacteria,p__Cyanobacteria,c__Cyanobacteriia,o__Cyanobacteriales,f__Coleofasciculaceae,g__SIO3C6,s__SIO3C6 sp010692645,#47548C,#7E74CB,#8E6A6A,#B5D111,#08EDA4,#687D18
GCA_010692425,GB_GCA_010692425.1,d__Bacteria,p__Cyanobacteria,c__Cyanobacteriia,o__Cyanobacteriales,f__Coleofasciculaceae,g__SIO3C6,s__SIO3C6 sp010692425,#47548C,#7E74CB,#8E6A6A,#B5D111,#08EDA4,#C7C64B
GCF_002218085,RS_GCF_002218085.1,d__Bacteria,p__Cyanobacteria,c__Cyanobacteriia,o__Cyanobacteriales,f__Nostocaceae,g__Hassallia,s__Hassallia sp002218085,#47548C,#7E74CB,#8E6A6A,#92C48B,#9E9A7C,#555B4D
GCF_000317695,RS_GCF_000317695.1,d__Bacteria,p__Cyanobacteria,c__Cyanobacteriia,o__Cyanobacteriales,f__Nostocaceae,g__Anabaena,s__Anabaena cylindrica,#47548C,#7E74CB,#8E6A6A,#92C48B,#45C5BE,#13F97B
GCF_015207605,RS_GCF_015207605.1,d__Bacteria,p__Cyanobacteria,c__Cyanobacteriia,o__Elainellales,f__Elainellaceae,g__Oculatella,s__Oculatella sp015207605,#47548C,#7E74CB,#341B05,#D5A356,#12768E,#9E2EF5
GCF_000018105,RS_GCF_000018105.1,d__Bacteria,p__Cyanobacteria,c__Cyanobacteriia,o__Thermosynechococcales,f__Thermosynechococcaceae,g__Acaryochloris,s__Acaryochloris marina,#47548C,#7E74CB,#C3CAD4,#DADED1,#607250,#AB6BAE
GCA_011332035,GB_GCA_011332035.1,d__Bacteria,p__Cyanobacteria,c__Cyanobacteriia,o__Cyanobacteriales,f__Nostocaceae,g__Trichormus,s__Trichormus sp011332035,#47548C,#7E74CB,#8E6A6A,#92C48B,#B2FFB7,#F8EC08
GCA_012034805,GB_GCA_012034805.1,d__Bacteria,p__Cyanobacteria,c__Cyanobacteriia,o__PCC-9006,f__Prochlorotrichaceae,g__JAAUOP01,s__JAAUOP01 sp012034805,#47548C,#7E74CB,#502800,#2FB152,#893635,#167074
GCA_002723275,GB_GCA_002723275.1,d__Bacteria,p__Planctomycetota,c__Planctomycetia,o__Pirellulales,f__Pirellulaceae,g__GCA-2723275,s__GCA-2723275 sp002723275,#2DDEC9,#0AC47A,#66393F,#5B7046,#5F27A2,#047E49
GCA_002709835,GB_GCA_002709835.1,d__Bacteria,p__Myxococcota_A,c__UBA9160,o__UBA9160,f__UBA4427,g__UBA4427,s__UBA4427 sp002709835,#B5AD51,#C9CE70,#7E0A27,#E6351E,#5DCA85,#1B6E78
GCF_000372885,RS_GCF_000372885.1,d__Bacteria,p__Proteobacteria,c__Gammaproteobacteria,o__Burkholderiales,f__Rhodocyclaceae,g__Methyloversatilis,s__Methyloversatilis thermotolerans,#C608CC,#0C3119,#9EA74A,#4E72A0,#2233EC,#A822AF
GCA_002715965,GB_GCA_002715965.1,d__Bacteria,p__Verrucomicrobiota,c__Verrucomicrobiae,o__Pedosphaerales,f__GCA-2715965,g__GCA-2715965,s__GCA-2715965 sp002715965,#5F602B,#1356CB,#316833,#4CB8CF,#BCB487,#FDE511
GCF_900113695,RS_GCF_900113695.1,d__Bacteria,p__Proteobacteria,c__Alphaproteobacteria,o__Rhodobacterales,f__Rhodobacteraceae,g__Albimonas,s__Albimonas pacifica,#C608CC,#2098CB,#93B18D,#FE522F,#872437,#1D9069
GCF_005234135,RS_GCF_005234135.1,d__Bacteria,p__Proteobacteria,c__Alphaproteobacteria,o__Rhodobacterales,f__Rhodobacteraceae,g__Pseudorhodobacter,s__Pseudorhodobacter turbinis,#C608CC,#2098CB,#93B18D,#FE522F,#0D144A,#CBE63C
GCF_016629665,RS_GCF_016629665.1,d__Bacteria,p__Proteobacteria,c__Alphaproteobacteria,o__Rhodobacterales,f__Rhodobacteraceae,g__Paracoccus,s__Paracoccus caeni,#C608CC,#2098CB,#93B18D,#FE522F,#142A59,#514A0F
GCF_001014615,RS_GCF_001014615.2,d__Bacteria,p__Proteobacteria,c__Alphaproteobacteria,o__Rhizobiales,f__Rhizobiaceae,g__Aquamicrobium_A,s__Aquamicrobium_A sp001014615,#C608CC,#2098CB,#FDB44D,#8CCF8A,#0754D3,#74EEB2
GCA_017744915,GB_GCA_017744915.1,d__Bacteria,p__Proteobacteria,c__Alphaproteobacteria,o__Rhizobiales,f__Rhizobiaceae,g__Agrobacterium,s__Agrobacterium tumefaciens_I,#C608CC,#2098CB,#FDB44D,#8CCF8A,#233F01,#C68629
GCF_013426735,RS_GCF_013426735.1,d__Bacteria,p__Proteobacteria,c__Alphaproteobacteria,o__Rhizobiales,f__Rhizobiaceae,g__Allorhizobium,s__Allorhizobium vitis_D,#C608CC,#2098CB,#FDB44D,#8CCF8A,#C768B9,#1EA223
