Pattern,Match,domain,phyla,class,order,family,genus,species,phyla_color,class_color,order_color,family_color,genus_color,species_color
GCA_002709835,GB_GCA_002709835.1,d__Bacteria,p__Myxococcota_A,c__UBA9160,o__UBA9160,f__UBA4427,g__UBA4427,s__UBA4427 sp002709835,#0283F5,#927263,#9EAC88,#1848E9,#BEAAFA,#2F3F8B
GCA_002715965,GB_GCA_002715965.1,d__Bacteria,p__Verrucomicrobiota,c__Verrucomicrobiae,o__Pedosphaerales,f__GCA-2715965,g__GCA-2715965,s__GCA-2715965 sp002715965,#8A4E55,#F5C4A1,#70AFA9,#57C94C,#D28750,#86B56B
GCA_002723275,GB_GCA_002723275.1,d__Bacteria,p__Planctomycetota,c__Planctomycetia,o__Pirellulales,f__Pirellulaceae,g__GCA-2723275,s__GCA-2723275 sp002723275,#125B88,#DC656D,#173455,#B64967,#DDC89D,#4656D8
GCF_013426735,RS_GCF_013426735.1,d__Bacteria,p__Proteobacteria,c__Alphaproteobacteria,o__Rhizobiales,f__Rhizobiaceae,g__Allorhizobium,s__Allorhizobium vitis_D,#978857,#A978AE,#25909C,#826D79,#F266BA,#E6AF56
GCA_017744915,GB_GCA_017744915.1,d__Bacteria,p__Proteobacteria,c__Alphaproteobacteria,o__Rhizobiales,f__Rhizobiaceae,g__Agrobacterium,s__Agrobacterium tumefaciens_I,#978857,#A978AE,#25909C,#826D79,#8832BC,#5814E5
GCF_001014615,RS_GCF_001014615.2,d__Bacteria,p__Proteobacteria,c__Alphaproteobacteria,o__Rhizobiales,f__Rhizobiaceae,g__Aquamicrobium_A,s__Aquamicrobium_A sp001014615,#978857,#A978AE,#25909C,#826D79,#FEFABE,#7DC43B
GCF_016629665,RS_GCF_016629665.1,d__Bacteria,p__Proteobacteria,c__Alphaproteobacteria,o__Rhodobacterales,f__Rhodobacteraceae,g__Paracoccus,s__Paracoccus caeni,#978857,#A978AE,#6218EE,#783609,#8B4F5D,#57CE9B
GCF_900113695,RS_GCF_900113695.1,d__Bacteria,p__Proteobacteria,c__Alphaproteobacteria,o__Rhodobacterales,f__Rhodobacteraceae,g__Albimonas,s__Albimonas pacifica,#978857,#A978AE,#6218EE,#783609,#FFA0BC,#5E2C28
GCF_005234135,RS_GCF_005234135.1,d__Bacteria,p__Proteobacteria,c__Alphaproteobacteria,o__Rhodobacterales,f__Rhodobacteraceae,g__Pseudorhodobacter,s__Pseudorhodobacter turbinis,#978857,#A978AE,#6218EE,#783609,#203828,#BA7489
GCF_000372885,RS_GCF_000372885.1,d__Bacteria,p__Proteobacteria,c__Gammaproteobacteria,o__Burkholderiales,f__Rhodocyclaceae,g__Methyloversatilis,s__Methyloversatilis thermotolerans,#978857,#6517AA,#5F3D80,#C39C75,#48AFC3,#52B95A
GCA_012034805,GB_GCA_012034805.1,d__Bacteria,p__Cyanobacteria,c__Cyanobacteriia,o__PCC-9006,f__Prochlorotrichaceae,g__JAAUOP01,s__JAAUOP01 sp012034805,#6F31E8,#3D5972,#01A749,#D942A9,#27F5E1,#63634F
GCA_010671905,GB_GCA_010671905.1,d__Bacteria,p__Cyanobacteria,c__Cyanobacteriia,o__Phormidesmiales,f__Phormidesmiaceae,g__Halomicronema,s__Halomicronema sp010671905,#6F31E8,#3D5972,#6D51AC,#FD11B3,#21FCA3,#808B7E
GCF_015207605,RS_GCF_015207605.1,d__Bacteria,p__Cyanobacteria,c__Cyanobacteriia,o__Elainellales,f__Elainellaceae,g__Oculatella,s__Oculatella sp015207605,#6F31E8,#3D5972,#BB41DB,#C56560,#056A35,#C3BCF2
GCA_011332035,GB_GCA_011332035.1,d__Bacteria,p__Cyanobacteria,c__Cyanobacteriia,o__Cyanobacteriales,f__Nostocaceae,g__Trichormus,s__Trichormus sp011332035,#6F31E8,#3D5972,#34F024,#EF92BB,#041BC8,#C82742
GCF_000018105,RS_GCF_000018105.1,d__Bacteria,p__Cyanobacteria,c__Cyanobacteriia,o__Thermosynechococcales,f__Thermosynechococcaceae,g__Acaryochloris,s__Acaryochloris marina,#6F31E8,#3D5972,#5AE3AD,#53858C,#1ED019,#64E749
GCF_002949795,RS_GCF_002949795.1,d__Bacteria,p__Cyanobacteria,c__Cyanobacteriia,o__Cyanobacteriales,f__Nostocaceae,g__Nostoc,s__Nostoc sp002949795,#6F31E8,#3D5972,#34F024,#EF92BB,#2C60A7,#616D8A
GCA_010692425,GB_GCA_010692425.1,d__Bacteria,p__Cyanobacteria,c__Cyanobacteriia,o__Cyanobacteriales,f__Coleofasciculaceae,g__SIO3C6,s__SIO3C6 sp010692425,#6F31E8,#3D5972,#34F024,#5ED80A,#6529F4,#0E78EC
GCF_015207735,RS_GCF_015207735.1,d__Bacteria,p__Cyanobacteria,c__Cyanobacteriia,o__Cyanobacteriales,f__Phormidiaceae_A,g__Phormidium_B,s__Phormidium_B sp015207735,#6F31E8,#3D5972,#34F024,#107133,#C5626F,#FBBEE6
GCA_010692645,GB_GCA_010692645.1,d__Bacteria,p__Cyanobacteria,c__Cyanobacteriia,o__Cyanobacteriales,f__Coleofasciculaceae,g__SIO3C6,s__SIO3C6 sp010692645,#6F31E8,#3D5972,#34F024,#5ED80A,#6529F4,#533350
GCF_002218085,RS_GCF_002218085.1,d__Bacteria,p__Cyanobacteria,c__Cyanobacteriia,o__Cyanobacteriales,f__Nostocaceae,g__Hassallia,s__Hassallia sp002218085,#6F31E8,#3D5972,#34F024,#EF92BB,#A3D6A1,#2285B7
GCF_000317695,RS_GCF_000317695.1,d__Bacteria,p__Cyanobacteria,c__Cyanobacteriia,o__Cyanobacteriales,f__Nostocaceae,g__Anabaena,s__Anabaena cylindrica,#6F31E8,#3D5972,#34F024,#EF92BB,#04A462,#55640F
GCF_000017845,RS_GCF_000017845.1,d__Bacteria,p__Cyanobacteria,c__Cyanobacteriia,o__Cyanobacteriales,f__Microcystaceae_A,g__Crocosphaera,s__Crocosphaera subtropica,#6F31E8,#3D5972,#34F024,#411302,#EBC887,#3B3E42
GCF_000167195,RS_GCF_000167195.1,d__Bacteria,p__Cyanobacteria,c__Cyanobacteriia,o__Cyanobacteriales,f__Microcystaceae_A,g__Crocosphaera,s__Crocosphaera watsonii,#6F31E8,#3D5972,#34F024,#411302,#EBC887,#7A2C12
GCF_017312365,RS_GCF_017312365.1,d__Bacteria,p__Cyanobacteria,c__Cyanobacteriia,o__Cyanobacteriales,f__Microcystaceae,g__Chroococcus,s__Chroococcus sp017312365,#6F31E8,#3D5972,#34F024,#D7B606,#49E9A7,#69C98F
GCF_000317555,RS_GCF_000317555.1,d__Bacteria,p__Cyanobacteria,c__Cyanobacteriia,o__Cyanobacteriales,f__Chroococcidiopsidaceae,g__Chroogloeocystis,s__Chroogloeocystis sp000317555,#6F31E8,#3D5972,#34F024,#A234F6,#0214CB,#9C6E29
GCF_002368095,RS_GCF_002368095.1,d__Bacteria,p__Cyanobacteria,c__Cyanobacteriia,o__Cyanobacteriales,f__Nostocaceae,g__Rivularia,s__Rivularia parasitica,#6F31E8,#3D5972,#34F024,#EF92BB,#81E925,#80FA99
