Pattern,Match,domain;phyla;class;order;family;genus;species
GCA_010671905,GB_GCA_010671905.1,d__Bacteria;p__Cyanobacteria;c__Cyanobacteriia;o__Phormidesmiales;f__Phormidesmiaceae;g__Halomicronema;s__Halomicronema sp010671905
GCF_000317555,RS_GCF_000317555.1,d__Bacteria;p__Cyanobacteria;c__Cyanobacteriia;o__Cyanobacteriales;f__Chroococcidiopsidaceae;g__Chroogloeocystis;s__Chroogloeocystis sp000317555
GCF_002368095,RS_GCF_002368095.1,d__Bacteria;p__Cyanobacteria;c__Cyanobacteriia;o__Cyanobacteriales;f__Nostocaceae;g__Rivularia;s__Rivularia parasitica
GCF_017312365,RS_GCF_017312365.1,d__Bacteria;p__Cyanobacteria;c__Cyanobacteriia;o__Cyanobacteriales;f__Microcystaceae;g__Chroococcus;s__Chroococcus sp017312365
GCF_000017845,RS_GCF_000017845.1,d__Bacteria;p__Cyanobacteria;c__Cyanobacteriia;o__Cyanobacteriales;f__Microcystaceae_A;g__Crocosphaera;s__Crocosphaera subtropica
GCF_000167195,RS_GCF_000167195.1,d__Bacteria;p__Cyanobacteria;c__Cyanobacteriia;o__Cyanobacteriales;f__Microcystaceae_A;g__Crocosphaera;s__Crocosphaera watsonii
GCF_002949795,RS_GCF_002949795.1,d__Bacteria;p__Cyanobacteria;c__Cyanobacteriia;o__Cyanobacteriales;f__Nostocaceae;g__Nostoc;s__Nostoc sp002949795
GCF_015207735,RS_GCF_015207735.1,d__Bacteria;p__Cyanobacteria;c__Cyanobacteriia;o__Cyanobacteriales;f__Phormidiaceae_A;g__Phormidium_B;s__Phormidium_B sp015207735
GCA_010692645,GB_GCA_010692645.1,d__Bacteria;p__Cyanobacteria;c__Cyanobacteriia;o__Cyanobacteriales;f__Coleofasciculaceae;g__SIO3C6;s__SIO3C6 sp010692645
GCA_010692425,GB_GCA_010692425.1,d__Bacteria;p__Cyanobacteria;c__Cyanobacteriia;o__Cyanobacteriales;f__Coleofasciculaceae;g__SIO3C6;s__SIO3C6 sp010692425
GCF_002218085,RS_GCF_002218085.1,d__Bacteria;p__Cyanobacteria;c__Cyanobacteriia;o__Cyanobacteriales;f__Nostocaceae;g__Hassallia;s__Hassallia sp002218085
GCF_000317695,RS_GCF_000317695.1,d__Bacteria;p__Cyanobacteria;c__Cyanobacteriia;o__Cyanobacteriales;f__Nostocaceae;g__Anabaena;s__Anabaena cylindrica
GCF_015207605,RS_GCF_015207605.1,d__Bacteria;p__Cyanobacteria;c__Cyanobacteriia;o__Elainellales;f__Elainellaceae;g__Oculatella;s__Oculatella sp015207605
GCF_000018105,RS_GCF_000018105.1,d__Bacteria;p__Cyanobacteria;c__Cyanobacteriia;o__Thermosynechococcales;f__Thermosynechococcaceae;g__Acaryochloris;s__Acaryochloris marina
GCA_011332035,GB_GCA_011332035.1,d__Bacteria;p__Cyanobacteria;c__Cyanobacteriia;o__Cyanobacteriales;f__Nostocaceae;g__Trichormus;s__Trichormus sp011332035
GCA_012034805,GB_GCA_012034805.1,d__Bacteria;p__Cyanobacteria;c__Cyanobacteriia;o__PCC-9006;f__Prochlorotrichaceae;g__JAAUOP01;s__JAAUOP01 sp012034805
GCA_002723275,GB_GCA_002723275.1,d__Bacteria;p__Planctomycetota;c__Planctomycetia;o__Pirellulales;f__Pirellulaceae;g__GCA-2723275;s__GCA-2723275 sp002723275
GCA_002709835,GB_GCA_002709835.1,d__Bacteria;p__Myxococcota_A;c__UBA9160;o__UBA9160;f__UBA4427;g__UBA4427;s__UBA4427 sp002709835
GCF_000372885,RS_GCF_000372885.1,d__Bacteria;p__Proteobacteria;c__Gammaproteobacteria;o__Burkholderiales;f__Rhodocyclaceae;g__Methyloversatilis;s__Methyloversatilis thermotolerans
GCA_002715965,GB_GCA_002715965.1,d__Bacteria;p__Verrucomicrobiota;c__Verrucomicrobiae;o__Pedosphaerales;f__GCA-2715965;g__GCA-2715965;s__GCA-2715965 sp002715965
GCF_900113695,RS_GCF_900113695.1,d__Bacteria;p__Proteobacteria;c__Alphaproteobacteria;o__Rhodobacterales;f__Rhodobacteraceae;g__Albimonas;s__Albimonas pacifica
GCF_005234135,RS_GCF_005234135.1,d__Bacteria;p__Proteobacteria;c__Alphaproteobacteria;o__Rhodobacterales;f__Rhodobacteraceae;g__Pseudorhodobacter;s__Pseudorhodobacter turbinis
GCF_016629665,RS_GCF_016629665.1,d__Bacteria;p__Proteobacteria;c__Alphaproteobacteria;o__Rhodobacterales;f__Rhodobacteraceae;g__Paracoccus;s__Paracoccus caeni
GCF_001014615,RS_GCF_001014615.2,d__Bacteria;p__Proteobacteria;c__Alphaproteobacteria;o__Rhizobiales;f__Rhizobiaceae;g__Aquamicrobium_A;s__Aquamicrobium_A sp001014615
GCA_017744915,GB_GCA_017744915.1,d__Bacteria;p__Proteobacteria;c__Alphaproteobacteria;o__Rhizobiales;f__Rhizobiaceae;g__Agrobacterium;s__Agrobacterium tumefaciens_I
GCF_013426735,RS_GCF_013426735.1,d__Bacteria;p__Proteobacteria;c__Alphaproteobacteria;o__Rhizobiales;f__Rhizobiaceae;g__Allorhizobium;s__Allorhizobium vitis_D
