Pattern,Match,domain,phyla,class,order,family,genus,species,phyla_color,class_color,order_color,family_color,genus_color,species_color
GCF_000328705,RS_GCF_000328705.1,d__Bacteria,p__Actinobacteriota,c__Actinomycetia,o__Mycobacteriales,f__Pseudonocardiaceae,g__Actinosynnema,s__Actinosynnema espanaense,#5D4F0B,#00DFB8,#A7D63B,#2C23DF,#60E0EF,#806968
GCF_900111175,RS_GCF_900111175.1,d__Bacteria,p__Actinobacteriota,c__Actinomycetia,o__Mycobacteriales,f__Pseudonocardiaceae,g__Actinokineospora,s__Actinokineospora terrae,#5D4F0B,#00DFB8,#A7D63B,#2C23DF,#EE9200,#1C07B2
GCF_009687885,RS_GCF_009687885.1,d__Bacteria,p__Actinobacteriota,c__Actinomycetia,o__Streptosporangiales,f__Streptosporangiaceae,g__Acrocarpospora,s__Acrocarpospora pleiomorpha,#5D4F0B,#00DFB8,#01CED1,#0CD70C,#B9BD2D,#98B61C
GCA_014138725,GB_GCA_014138725.1,d__Bacteria,p__Actinobacteriota,c__Actinomycetia,o__Mycobacteriales,f__Pseudonocardiaceae,g__Kutzneria,s__Kutzneria viridogrisea,#5D4F0B,#00DFB8,#A7D63B,#2C23DF,#F8497A,#3C59B5
GCF_000384315,RS_GCF_000384315.1,d__Bacteria,p__Actinobacteriota,c__Actinomycetia,o__Mycobacteriales,f__Pseudonocardiaceae,g__Amycolatopsis,s__Amycolatopsis nigrescens,#5D4F0B,#00DFB8,#A7D63B,#2C23DF,#354944,#AEF136
GCF_011250645,RS_GCF_011250645.1,d__Bacteria,p__Actinobacteriota,c__Actinomycetia,o__Motilibacterales,f__Motilibacteraceae,g__Motilibacter_A,s__Motilibacter_A aurantiacus,#5D4F0B,#00DFB8,#A6DF33,#280E98,#584B53,#1EA234
GCF_016863135,RS_GCF_016863135.1,d__Bacteria,p__Actinobacteriota,c__Actinomycetia,o__Streptosporangiales,f__Streptosporangiaceae,g__Planobispora,s__Planobispora longispora,#5D4F0B,#00DFB8,#01CED1,#0CD70C,#DCEDF2,#5AFBB3
GCA_014647935,GB_GCA_014647935.1,d__Bacteria,p__Actinobacteriota,c__Actinomycetia,o__Streptosporangiales,f__Streptosporangiaceae,g__Planomonospora,s__Planomonospora parontospora,#5D4F0B,#00DFB8,#01CED1,#0CD70C,#50029A,#3CE04E
GCF_014647895,RS_GCF_014647895.1,d__Bacteria,p__Actinobacteriota,c__Actinomycetia,o__Mycobacteriales,f__Micromonosporaceae,g__Pilimelia,s__Pilimelia anulata,#5D4F0B,#00DFB8,#A7D63B,#945709,#A02B69,#E5D6C9
GCF_014764405,RS_GCF_014764405.1,d__Bacteria,p__Actinobacteriota,c__Actinomycetia,o__Mycobacteriales,f__Micromonosporaceae,g__Micromonospora,s__Micromonospora craniellae,#5D4F0B,#00DFB8,#A7D63B,#945709,#A85BE0,#A196BC
GCF_900109355,RS_GCF_900109355.1,d__Bacteria,p__Actinobacteriota,c__Actinomycetia,o__Streptosporangiales,f__Streptosporangiaceae,g__Nonomuraea,s__Nonomuraea pusilla,#5D4F0B,#00DFB8,#01CED1,#0CD70C,#5F0456,#429F1D
GCF_014204985,RS_GCF_014204985.1,d__Bacteria,p__Actinobacteriota,c__Actinomycetia,o__Streptosporangiales,f__Streptosporangiaceae,g__Streptosporangium,s__Streptosporangium becharense,#5D4F0B,#00DFB8,#01CED1,#0CD70C,#097524,#16597D
GCF_013761175,RS_GCF_013761175.1,d__Bacteria,p__Actinobacteriota,c__Actinomycetia,o__Streptosporangiales,f__Streptosporangiaceae,g__Nonomuraea,s__Nonomuraea soli,#5D4F0B,#00DFB8,#01CED1,#0CD70C,#5F0456,#45DBB3
GCF_000379465,RS_GCF_000379465.1,d__Bacteria,p__Actinobacteriota,c__Actinomycetia,o__Mycobacteriales,f__Pseudonocardiaceae,g__Sciscionella,s__Sciscionella marina,#5D4F0B,#00DFB8,#A7D63B,#2C23DF,#5D1FB9,#7C4671
GCF_017916475,RS_GCF_017916475.1,d__Bacteria,p__Actinobacteriota,c__Thermoleophilia,o__Solirubrobacterales,f__Solirubrobacteraceae,g__Patulibacter,s__Patulibacter sp017916475,#5D4F0B,#B4A1C2,#6E4090,#4DC85F,#D03719,#811D22
GCF_000420025,RS_GCF_000420025.1,d__Bacteria,p__Actinobacteriota,c__Thermoleophilia,o__Solirubrobacterales,f__Solirubrobacteraceae,g__Patulibacter,s__Patulibacter americanus,#5D4F0B,#B4A1C2,#6E4090,#4DC85F,#D03719,#06A456
GCF_003014485,RS_GCF_003014485.1,d__Bacteria,p__Actinobacteriota,c__Actinomycetia,o__Streptosporangiales,f__Streptosporangiaceae,g__Murinocardiopsis,s__Murinocardiopsis flavida,#5D4F0B,#00DFB8,#01CED1,#0CD70C,#01104B,#DAB59C
GCF_004323735,RS_GCF_004323735.1,d__Bacteria,p__Actinobacteriota,c__Actinomycetia,o__Streptosporangiales,f__Streptosporangiaceae,g__Streptomonospora,s__Streptomonospora sp004323735,#5D4F0B,#00DFB8,#01CED1,#0CD70C,#4D03FA,#905DDF
GCF_000341225,RS_GCF_000341225.1,d__Bacteria,p__Actinobacteriota,c__Actinomycetia,o__Streptosporangiales,f__Streptosporangiaceae,g__Nocardiopsis,s__Nocardiopsis alba,#5D4F0B,#00DFB8,#01CED1,#0CD70C,#4ADF49,#E9C09E
GCF_014892575,RS_GCF_014892575.1,d__Bacteria,p__Actinobacteriota,c__Actinomycetia,o__Streptosporangiales,f__Streptosporangiaceae,g__Nocardiopsis,s__Nocardiopsis coralli,#5D4F0B,#00DFB8,#01CED1,#0CD70C,#4ADF49,#64F906
GCF_000340985,RS_GCF_000340985.1,d__Bacteria,p__Actinobacteriota,c__Actinomycetia,o__Streptosporangiales,f__Streptosporangiaceae,g__Nocardiopsis,s__Nocardiopsis valliformis,#5D4F0B,#00DFB8,#01CED1,#0CD70C,#4ADF49,#62F8C3
GCF_007559025,RS_GCF_007559025.1,d__Bacteria,p__Actinobacteriota,c__Actinomycetia,o__Mycobacteriales,f__Mycobacteriaceae,g__Tomitella,s__Tomitella sp007559025,#5D4F0B,#00DFB8,#A7D63B,#876902,#FED5F8,#9EE2F1
GCF_000010305,RS_GCF_000010305.1,d__Bacteria,p__Gemmatimonadota,c__Gemmatimonadetes,o__Gemmatimonadales,f__Gemmatimonadaceae,g__Gemmatimonas,s__Gemmatimonas aurantiaca,#A46D04,#67DE19,#0A8B0A,#18AB45,#02B692,#3E1A44
GCF_009223885,RS_GCF_009223885.1,d__Bacteria,p__Proteobacteria,c__Alphaproteobacteria,o__Rhizobiales,f__Xanthobacteraceae,g__Ancylobacter,s__Ancylobacter sp009223885,#C36119,#4DC772,#4498A7,#1F82E0,#A2F02C,#7D3686
GCA_000378025,GB_GCA_000378025.1,d__Bacteria,p__Proteobacteria,c__Alphaproteobacteria,o__Rhizobiales,f__Xanthobacteraceae,g__Ancylobacter,s__Ancylobacter sp000378025,#C36119,#4DC772,#4498A7,#1F82E0,#A2F02C,#16E624
GCF_003934165,RS_GCF_003934165.1,d__Bacteria,p__Proteobacteria,c__Alphaproteobacteria,o__Rhizobiales,f__Rhizobiaceae,g__Pseudaminobacter,s__Pseudaminobacter arsenicus,#C36119,#4DC772,#4498A7,#1685B3,#43F0DB,#2D9CC8
GCF_000282595,RS_GCF_000282595.1,d__Bacteria,p__Proteobacteria,c__Alphaproteobacteria,o__Rhizobiales_A,f__Rhizobiaceae_A,g__Phyllobacterium,s__Phyllobacterium sp000282595,#C36119,#4DC772,#A342BF,#E53FA8,#6A8F49,#240024
GCF_001687365,RS_GCF_001687365.1,d__Bacteria,p__Proteobacteria,c__Alphaproteobacteria,o__Rhizobiales,f__Rhizobiaceae,g__Pararhizobium,s__Pararhizobium polonicum,#C36119,#4DC772,#4498A7,#1685B3,#4159ED,#80ED93
GCA_017308255,GB_GCA_017308255.1,d__Bacteria,p__Proteobacteria,c__Alphaproteobacteria,o__Sphingomonadales,f__Sphingomonadaceae,g__Croceibacterium,s__Croceibacterium sp001897135,#C36119,#4DC772,#B6C66B,#6DE6A5,#9156AC,#46B2A7
GCF_000421705,RS_GCF_000421705.1,d__Bacteria,p__Proteobacteria,c__Alphaproteobacteria,o__Caulobacterales,f__Caulobacteraceae,g__Brevundimonas,s__Brevundimonas naejangsanensis,#C36119,#4DC772,#38706F,#9AD5E0,#C2DA87,#C62881
GCF_011045115,RS_GCF_011045115.1,d__Bacteria,p__Proteobacteria,c__Alphaproteobacteria,o__Rhizobiales,f__Rhizobiaceae,g__Pseudaminobacter,s__Pseudaminobacter zhangyensis,#C36119,#4DC772,#4498A7,#1685B3,#43F0DB,#AB20BB
GCF_003668555,RS_GCF_003668555.1,d__Bacteria,p__Proteobacteria,c__Alphaproteobacteria,o__Rhizobiales,f__Rhizobiaceae,g__Notoacmeibacter,s__Notoacmeibacter ruber,#C36119,#4DC772,#4498A7,#1685B3,#69B997,#EF5025
GCF_001402875,RS_GCF_001402875.1,d__Bacteria,p__Proteobacteria,c__Alphaproteobacteria,o__Rhizobiales,f__Xanthobacteraceae,g__Blastochloris,s__Blastochloris viridis,#C36119,#4DC772,#4498A7,#1F82E0,#1EAF2A,#E9EF2E
GCF_003173055,RS_GCF_003173055.1,d__Bacteria,p__Proteobacteria,c__Alphaproteobacteria,o__Zavarziniales,f__Zavarziniaceae,g__Zavarzinia,s__Zavarzinia compransoris,#C36119,#4DC772,#289DC1,#AFED7B,#62EFAE,#CA401C
GCA_017305055,GB_GCA_017305055.1,d__Bacteria,p__Proteobacteria,c__Gammaproteobacteria,o__Xanthomonadales,f__Rhodanobacteraceae,g__Rhodanobacter,s__Rhodanobacter sp017305055,#C36119,#3D2C2E,#41BA9B,#740557,#2F9E7A,#9A5E5F
GCA_002324875,GB_GCA_002324875.1,d__Bacteria,p__Proteobacteria,c__Gammaproteobacteria,o__Xanthomonadales,f__Xanthomonadaceae,g__Luteimonas,s__Luteimonas sp002324875,#C36119,#3D2C2E,#41BA9B,#21B7F8,#2509D2,#4350B0
GCF_001005215,RS_GCF_001005215.1,d__Bacteria,p__Proteobacteria,c__Gammaproteobacteria,o__Burkholderiales,f__Burkholderiaceae,g__Lampropedia,s__Lampropedia cohaerens,#C36119,#3D2C2E,#C2762C,#4ADBCE,#3C1303,#3D72AB
GCF_000284595,RS_GCF_000284595.1,d__Bacteria,p__Proteobacteria,c__Gammaproteobacteria,o__Xanthomonadales,f__Xanthomonadaceae,g__Stenotrophomonas,s__Stenotrophomonas maltophilia_F,#C36119,#3D2C2E,#41BA9B,#21B7F8,#83E283,#7D6254
GCA_014171555,GB_GCA_014171555.1,d__Bacteria,p__Proteobacteria,c__Gammaproteobacteria,o__Xanthomonadales,f__Xanthomonadaceae,g__Stenotrophomonas,s__Stenotrophomonas maltophilia_AK,#C36119,#3D2C2E,#41BA9B,#21B7F8,#83E283,#5CC141
GCA_002363385,GB_GCA_002363385.1,d__Bacteria,p__Proteobacteria,c__Gammaproteobacteria,o__Xanthomonadales,f__Xanthomonadaceae,g__Stenotrophomonas,s__Stenotrophomonas maltophilia_AN,#C36119,#3D2C2E,#41BA9B,#21B7F8,#83E283,#B89CD5
GCF_001704155,RS_GCF_001704155.1,d__Bacteria,p__Proteobacteria,c__Gammaproteobacteria,o__Xanthomonadales,f__Xanthomonadaceae,g__Stenotrophomonas,s__Stenotrophomonas rhizophila_A,#C36119,#3D2C2E,#41BA9B,#21B7F8,#83E283,#1E9A82
GCF_000661955,RS_GCF_000661955.1,d__Bacteria,p__Proteobacteria,c__Gammaproteobacteria,o__Xanthomonadales,f__Xanthomonadaceae,g__Stenotrophomonas,s__Stenotrophomonas rhizophila,#C36119,#3D2C2E,#41BA9B,#21B7F8,#83E283,#6C5A27
GCF_014126615,RS_GCF_014126615.1,d__Bacteria,p__Proteobacteria,c__Alphaproteobacteria,o__Rhizobiales,f__Rhizobiaceae,g__Allorhizobium,s__Allorhizobium thiooxidans,#C36119,#4DC772,#4498A7,#1685B3,#013B57,#D9C18F
GCF_013377785,RS_GCF_013377785.1,d__Bacteria,p__Proteobacteria,c__Alphaproteobacteria,o__Rhodobacterales,f__Rhodobacteraceae,g__Ruegeria,s__Ruegeria haliotis,#C36119,#4DC772,#6B88A6,#83EA69,#174AC6,#A9AA90
GCF_003591515,RS_GCF_003591515.1,d__Bacteria,p__Proteobacteria,c__Alphaproteobacteria,o__Rhodobacterales,f__Rhodobacteraceae,g__Paracoccus,s__Paracoccus sp003591515,#C36119,#4DC772,#6B88A6,#83EA69,#E420F2,#E7A03F
GCF_003007735,RS_GCF_003007735.2,d__Bacteria,p__Proteobacteria,c__Alphaproteobacteria,o__Rhodobacterales,f__Rhodobacteraceae,g__Paracoccus,s__Paracoccus marinus_A,#C36119,#4DC772,#6B88A6,#83EA69,#E420F2,#04C395
GCF_900313035,RS_GCF_900313035.1,d__Bacteria,p__Proteobacteria,c__Alphaproteobacteria,o__Rhodobacterales,f__Rhodobacteraceae,g__Ruegeria,s__Ruegeria sp900313035,#C36119,#4DC772,#6B88A6,#83EA69,#174AC6,#809D92
GCF_002847445,RS_GCF_002847445.1,d__Bacteria,p__Proteobacteria,c__Alphaproteobacteria,o__Rhodobacterales,f__Rhodobacteraceae,g__Paracoccus,s__Paracoccus zhejiangensis,#C36119,#4DC772,#6B88A6,#83EA69,#E420F2,#1A59BD
GCF_007993065,RS_GCF_007993065.1,d__Bacteria,p__Proteobacteria,c__Alphaproteobacteria,o__Rhodobacterales,f__Rhodobacteraceae,g__Paracoccus,s__Paracoccus aurantiacus,#C36119,#4DC772,#6B88A6,#83EA69,#E420F2,#14E7D2
GCF_011308835,RS_GCF_011308835.1,d__Bacteria,p__Proteobacteria,c__Alphaproteobacteria,o__Rhodobacterales,f__Rhodobacteraceae,g__Paracoccus,s__Paracoccus xiamenensis,#C36119,#4DC772,#6B88A6,#83EA69,#E420F2,#A9D8B7
GCF_013868135,RS_GCF_013868135.1,d__Bacteria,p__Proteobacteria,c__Alphaproteobacteria,o__Rhodobacterales,f__Rhodobacteraceae,g__Paracoccus,s__Paracoccus sp013868135,#C36119,#4DC772,#6B88A6,#83EA69,#E420F2,#D24755
GCF_900182695,RS_GCF_900182695.1,d__Bacteria,p__Proteobacteria,c__Alphaproteobacteria,o__Rhodobacterales,f__Rhodobacteraceae,g__Paracoccus,s__Paracoccus laeviglucosivorans,#C36119,#4DC772,#6B88A6,#83EA69,#E420F2,#E58832
GCF_008824185,RS_GCF_008824185.1,d__Bacteria,p__Proteobacteria,c__Alphaproteobacteria,o__Rhodobacterales,f__Rhodobacteraceae,g__Paracoccus,s__Paracoccus pantotrophus,#C36119,#4DC772,#6B88A6,#83EA69,#E420F2,#E1D75E
GCF_007830335,RS_GCF_007830335.1,d__Bacteria,p__Proteobacteria,c__Alphaproteobacteria,o__Rhodobacterales,f__Rhodobacteraceae,g__Paracoccus,s__Paracoccus sulfuroxidans,#C36119,#4DC772,#6B88A6,#83EA69,#E420F2,#89FD44
GCF_900108405,RS_GCF_900108405.1,d__Bacteria,p__Proteobacteria,c__Alphaproteobacteria,o__Rhodobacterales,f__Rhodobacteraceae,g__Paracoccus,s__Paracoccus alkenifer,#C36119,#4DC772,#6B88A6,#83EA69,#E420F2,#DB9419
GCF_900172375,RS_GCF_900172375.1,d__Bacteria,p__Proteobacteria,c__Alphaproteobacteria,o__Rhodobacterales,f__Rhodobacteraceae,g__Aquimixticola,s__Aquimixticola soesokkakensis,#C36119,#4DC772,#6B88A6,#83EA69,#B4E6E2,#6F9DA3
GCF_900116005,RS_GCF_900116005.1,d__Bacteria,p__Proteobacteria,c__Alphaproteobacteria,o__Rhodobacterales,f__Rhodobacteraceae,g__Poseidonocella,s__Poseidonocella sedimentorum,#C36119,#4DC772,#6B88A6,#83EA69,#C3739D,#3D64EF
GCF_002933395,RS_GCF_002933395.1,d__Bacteria,p__Proteobacteria,c__Alphaproteobacteria,o__Rhodobacterales,f__Rhodobacteraceae,g__Yoonia,s__Yoonia maritima_A,#C36119,#4DC772,#6B88A6,#83EA69,#D05DFA,#32505B
GCF_000739715,RS_GCF_000739715.2,d__Bacteria,p__Proteobacteria,c__Alphaproteobacteria,o__Rhodobacterales,f__Rhodobacteraceae,g__Falsirhodobacter,s__Falsirhodobacter sp000739715,#C36119,#4DC772,#6B88A6,#83EA69,#B84CCD,#0165D4
GCF_000092985,RS_GCF_000092985.1,d__Bacteria,p__Actinobacteriota,c__Actinomycetia,o__Streptosporangiales,f__Streptosporangiaceae,g__Nocardiopsis,s__Nocardiopsis dassonvillei,#5D4F0B,#00DFB8,#01CED1,#0CD70C,#4ADF49,#FE0882
GCF_014202425,RS_GCF_014202425.1,d__Bacteria,p__Actinobacteriota,c__Actinomycetia,o__Mycobacteriales,f__Micromonosporaceae,g__Phytomonospora,s__Phytomonospora endophytica,#5D4F0B,#00DFB8,#A7D63B,#945709,#D5DFEA,#70438A
GCF_003432485,RS_GCF_003432485.1,d__Bacteria,p__Actinobacteriota,c__Actinomycetia,o__Streptosporangiales,f__Streptosporangiaceae,g__Spirillospora,s__Spirillospora sp003432485,#5D4F0B,#00DFB8,#01CED1,#0CD70C,#253F9E,#256AD4
GCF_004006015,RS_GCF_004006015.1,d__Bacteria,p__Actinobacteriota,c__Actinomycetia,o__Mycobacteriales,f__Mycobacteriaceae,g__X156,s__X156 sp004006015,#5D4F0B,#00DFB8,#A7D63B,#876902,#3C0CAE,#1D0886
GCF_012933465,RS_GCF_012933465.1,d__Bacteria,p__Actinobacteriota,c__Actinomycetia,o__Mycobacteriales,f__Pseudonocardiaceae,g__Actinomycetospora,s__Actinomycetospora sp012933465,#5D4F0B,#00DFB8,#A7D63B,#2C23DF,#B0A600,#62E646
GCF_004363095,RS_GCF_004363095.1,d__Bacteria,p__Actinobacteriota,c__Actinomycetia,o__Mycobacteriales,f__Pseudonocardiaceae,g__Actinomycetospora,s__Actinomycetospora succinea,#5D4F0B,#00DFB8,#A7D63B,#2C23DF,#B0A600,#BDEE56
GCF_003096675,RS_GCF_003096675.1,d__Bacteria,p__Actinobacteriota,c__Actinomycetia,o__Mycobacteriales,f__Pseudonocardiaceae,g__Actinomycetospora,s__Actinomycetospora cinnamomea,#5D4F0B,#00DFB8,#A7D63B,#2C23DF,#B0A600,#2876B9
GCF_000620785,RS_GCF_000620785.1,d__Bacteria,p__Actinobacteriota,c__Actinomycetia,o__Mycobacteriales,f__Pseudonocardiaceae,g__Pseudonocardia,s__Pseudonocardia acaciae,#5D4F0B,#00DFB8,#A7D63B,#2C23DF,#55264D,#608517
GCF_000429025,RS_GCF_000429025.1,d__Bacteria,p__Actinobacteriota,c__Actinomycetia,o__Mycobacteriales,f__Pseudonocardiaceae,g__Pseudonocardia,s__Pseudonocardia spinosispora,#5D4F0B,#00DFB8,#A7D63B,#2C23DF,#55264D,#CF8872
GCF_002262885,RS_GCF_002262885.1,d__Bacteria,p__Actinobacteriota,c__Actinomycetia,o__Mycobacteriales,f__Pseudonocardiaceae,g__Pseudonocardia,s__Pseudonocardia sp002262885,#5D4F0B,#00DFB8,#A7D63B,#2C23DF,#55264D,#33C6B7
GCF_004217185,RS_GCF_004217185.1,d__Bacteria,p__Actinobacteriota,c__Actinomycetia,o__Mycobacteriales,f__Pseudonocardiaceae,g__Pseudonocardia,s__Pseudonocardia sediminis,#5D4F0B,#00DFB8,#A7D63B,#2C23DF,#55264D,#5A7160
GCF_001420995,RS_GCF_001420995.1,d__Bacteria,p__Actinobacteriota,c__Actinomycetia,o__Mycobacteriales,f__Pseudonocardiaceae,g__Pseudonocardia,s__Pseudonocardia sp001420995,#5D4F0B,#00DFB8,#A7D63B,#2C23DF,#55264D,#5111D0
GCF_000717175,RS_GCF_000717175.1,d__Bacteria,p__Actinobacteriota,c__Actinomycetia,o__Mycobacteriales,f__Pseudonocardiaceae,g__Pseudonocardia,s__Pseudonocardia autotrophica_A,#5D4F0B,#00DFB8,#A7D63B,#2C23DF,#55264D,#77A2A1
GCF_018885265,RS_GCF_018885265.1,d__Bacteria,p__Actinobacteriota,c__Actinomycetia,o__Mycobacteriales,f__Pseudonocardiaceae,g__Amycolatopsis_D,s__Amycolatopsis_D sp018885265,#5D4F0B,#00DFB8,#A7D63B,#2C23DF,#FD0178,#890DAC
GCF_000024545,RS_GCF_000024545.1,d__Bacteria,p__Actinobacteriota,c__Actinomycetia,o__Mycobacteriales,f__Micromonosporaceae,g__Stackebrandtia,s__Stackebrandtia nassauensis,#5D4F0B,#00DFB8,#A7D63B,#945709,#7F139A,#D1424B
GCF_016925535,RS_GCF_016925535.1,d__Bacteria,p__Actinobacteriota,c__Actinomycetia,o__Mycobacteriales,f__Micromonosporaceae,g__Natronoglycomyces,s__Natronoglycomyces albus,#5D4F0B,#00DFB8,#A7D63B,#945709,#B78209,#EF8A9E
GCF_013410405,RS_GCF_013410405.1,d__Bacteria,p__Actinobacteriota,c__Actinomycetia,o__Mycobacteriales,f__Pseudonocardiaceae,g__Amycolatopsis,s__Amycolatopsis endophytica,#5D4F0B,#00DFB8,#A7D63B,#2C23DF,#354944,#5D9FCC
GCF_002240355,RS_GCF_002240355.1,d__Bacteria,p__Actinobacteriota,c__Actinomycetia,o__Mycobacteriales,f__Pseudonocardiaceae,g__Saccharomonospora,s__Saccharomonospora marina_A,#5D4F0B,#00DFB8,#A7D63B,#2C23DF,#B4E0B0,#74EF5F
GCF_007713735,RS_GCF_007713735.2,d__Bacteria,p__Actinobacteriota,c__Actinomycetia,o__Mycobacteriales,f__Pseudonocardiaceae,g__Amycolatopsis,s__Amycolatopsis acidicola,#5D4F0B,#00DFB8,#A7D63B,#2C23DF,#354944,#CAC35D
GCF_000197735,RS_GCF_000197735.1,d__Bacteria,p__Actinobacteriota,c__Actinomycetia,o__Actinomycetales,f__Micrococcaceae,g__Glutamicibacter,s__Glutamicibacter arilaitensis,#5D4F0B,#00DFB8,#BF354C,#2E5DA8,#6B243F,#CC934E
GCF_006539925,RS_GCF_006539925.1,d__Bacteria,p__Actinobacteriota,c__Actinomycetia,o__Actinomycetales,f__Micrococcaceae,g__Glutamicibacter,s__Glutamicibacter uratoxydans,#5D4F0B,#00DFB8,#BF354C,#2E5DA8,#6B243F,#C6B10D
GCF_009932475,RS_GCF_009932475.1,d__Bacteria,p__Actinobacteriota,c__Actinomycetia,o__Mycobacteriales,f__Mycobacteriaceae,g__Gordonia,s__Gordonia spumicola,#5D4F0B,#00DFB8,#A7D63B,#876902,#791BA0,#CEDFD6
GCF_014197435,RS_GCF_014197435.1,d__Bacteria,p__Actinobacteriota,c__Actinomycetia,o__Mycobacteriales,f__Mycobacteriaceae,g__Gordonia,s__Gordonia humi,#5D4F0B,#00DFB8,#A7D63B,#876902,#791BA0,#8A452F
GCF_001424195,RS_GCF_001424195.1,d__Bacteria,p__Actinobacteriota,c__Actinomycetia,o__Actinomycetales,f__Cellulomonadaceae,g__Cellulomonas,s__Cellulomonas sp001424195,#5D4F0B,#00DFB8,#BF354C,#764DC7,#E08EC1,#C3C378
GCF_000799285,RS_GCF_000799285.1,d__Bacteria,p__Actinobacteriota,c__Actinomycetia,o__Actinomycetales,f__Microbacteriaceae,g__Microterricola,s__Microterricola sp000799285,#5D4F0B,#00DFB8,#BF354C,#5589BA,#D56A9A,#ED05FD
GCF_009708005,RS_GCF_009708005.2,d__Bacteria,p__Actinobacteriota,c__Actinomycetia,o__Actinomycetales,f__Cellulomonadaceae,g__Cellulosimicrobium,s__Cellulosimicrobium sp009708005,#5D4F0B,#00DFB8,#BF354C,#764DC7,#CF97E3,#68461B
GCF_005937995,RS_GCF_005937995.2,d__Bacteria,p__Actinobacteriota,c__Actinomycetia,o__Actinomycetales,f__Cellulomonadaceae,g__Oerskovia,s__Oerskovia sp005937995,#5D4F0B,#00DFB8,#BF354C,#764DC7,#E65A13,#86160D
GCF_006494775,RS_GCF_006494775.1,d__Bacteria,p__Actinobacteriota,c__Actinomycetia,o__Propionibacteriales,f__Nocardioidaceae,g__Nocardioides,s__Nocardioides humi,#5D4F0B,#00DFB8,#3EDD11,#498F51,#EFA6BA,#D1CDCC
GCF_000422745,RS_GCF_000422745.1,d__Bacteria,p__Actinobacteriota,c__Actinomycetia,o__Actinomycetales,f__Microbacteriaceae,g__Microbacterium,s__Microbacterium gubbeenense,#5D4F0B,#00DFB8,#BF354C,#5589BA,#AA7583,#698827
GCF_002994655,RS_GCF_002994655.1,d__Bacteria,p__Actinobacteriota,c__Actinomycetia,o__Mycobacteriales,f__Mycobacteriaceae,g__Corynebacterium,s__Corynebacterium sp002994655,#5D4F0B,#00DFB8,#A7D63B,#876902,#44456D,#6AB6EE
GCF_006539885,RS_GCF_006539885.1,d__Bacteria,p__Actinobacteriota,c__Actinomycetia,o__Actinomycetales,f__Micrococcaceae,g__Kocuria,s__Kocuria varians,#5D4F0B,#00DFB8,#BF354C,#2E5DA8,#F030CD,#6BCA2F
GCA_019115985,GB_GCA_019115985.1,d__Bacteria,p__Actinobacteriota,c__Actinomycetia,o__Actinomycetales,f__Micrococcaceae,g__Rothia,s__Rothia avicola,#5D4F0B,#00DFB8,#BF354C,#2E5DA8,#2A21AF,#8882D1
GCF_002087015,RS_GCF_002087015.1,d__Bacteria,p__Actinobacteriota,c__Actinomycetia,o__Actinomycetales,f__Micrococcaceae,g__Rothia,s__Rothia nasimurium_A,#5D4F0B,#00DFB8,#BF354C,#2E5DA8,#2A21AF,#007327
GCF_900163835,RS_GCF_900163835.1,d__Bacteria,p__Actinobacteriota,c__Actinomycetia,o__Actinomycetales,f__Microbacteriaceae,g__Mycetocola_B,s__Mycetocola_B reblochoni,#5D4F0B,#00DFB8,#BF354C,#5589BA,#EB92B7,#87E3FC
GCF_013394385,RS_GCF_013394385.1,d__Bacteria,p__Actinobacteriota,c__Actinomycetia,o__Actinomycetales,f__Micrococcaceae,g__Rothia,s__Rothia sp004136585,#5D4F0B,#00DFB8,#BF354C,#2E5DA8,#2A21AF,#9C02FB
GCF_004010955,RS_GCF_004010955.1,d__Bacteria,p__Actinobacteriota,c__Actinomycetia,o__Actinomycetales,f__Actinomycetaceae,g__Actinomyces,s__Actinomyces wuliandei,#5D4F0B,#00DFB8,#BF354C,#87C7C8,#CD7653,#C570C2
GCF_000737325,RS_GCF_000737325.1,d__Bacteria,p__Myxococcota,c__Polyangia,o__Polyangiales,f__Sandaracinaceae,g__Sandaracinus,s__Sandaracinus amylolyticus,#95A1D3,#E454FF,#BE24EB,#0B24A1,#F08ED2,#F9974E
GCA_017644045,GB_GCA_017644045.1,d__Bacteria,p__Myxococcota,c__Polyangia,o__Polyangiales,f__SG8-38,g__UBA1660,s__UBA1660 sp017644045,#95A1D3,#E454FF,#BE24EB,#DCE0FF,#B748FC,#264A02
GCF_003813985,RS_GCF_003813985.1,d__Bacteria,p__Actinobacteriota,c__Actinomycetia,o__Mycobacteriales,f__Mycobacteriaceae,g__Corynebacterium,s__Corynebacterium geronticis,#5D4F0B,#00DFB8,#A7D63B,#876902,#44456D,#FD737C
GCF_016342265,RS_GCF_016342265.1,d__Bacteria,p__Actinobacteriota,c__Actinomycetia,o__Mycobacteriales,f__Mycobacteriaceae,g__Corynebacterium,s__Corynebacterium sp016342265,#5D4F0B,#00DFB8,#A7D63B,#876902,#44456D,#113BEA
GCF_000375525,RS_GCF_000375525.1,d__Bacteria,p__Actinobacteriota,c__Actinomycetia,o__Mycobacteriales,f__Mycobacteriaceae,g__Corynebacterium,s__Corynebacterium propinquum,#5D4F0B,#00DFB8,#A7D63B,#876902,#44456D,#5F00F6
GCF_011612265,RS_GCF_011612265.2,d__Bacteria,p__Actinobacteriota,c__Actinomycetia,o__Mycobacteriales,f__Mycobacteriaceae,g__Corynebacterium,s__Corynebacterium matruchotii,#5D4F0B,#00DFB8,#A7D63B,#876902,#44456D,#48E02F
GCF_001941565,RS_GCF_001941565.1,d__Bacteria,p__Actinobacteriota,c__Actinomycetia,o__Mycobacteriales,f__Mycobacteriaceae,g__Corynebacterium,s__Corynebacterium phocae,#5D4F0B,#00DFB8,#A7D63B,#876902,#44456D,#6A7866
GCF_000341795,RS_GCF_000341795.1,d__Bacteria,p__Actinobacteriota,c__Actinomycetia,o__Mycobacteriales,f__Mycobacteriaceae,g__Rhodococcus,s__Rhodococcus triatomae_A,#5D4F0B,#00DFB8,#A7D63B,#876902,#5EE900,#2F962C
GCF_007176755,RS_GCF_007176755.1,d__Bacteria,p__Actinobacteriota,c__Actinomycetia,o__Streptomycetales,f__Streptomycetaceae,g__Streptomyces,s__Streptomyces sp007176755,#5D4F0B,#00DFB8,#26F41B,#9DFDF4,#88E8E8,#C7B75C
GCF_000308515,RS_GCF_000308515.1,d__Bacteria,p__Actinobacteriota,c__Actinomycetia,o__Mycobacteriales,f__Mycobacteriaceae,g__Nocardia,s__Nocardia carnea,#5D4F0B,#00DFB8,#A7D63B,#876902,#72857F,#8A6075
GCF_001613205,RS_GCF_001613205.1,d__Bacteria,p__Actinobacteriota,c__Actinomycetia,o__Mycobacteriales,f__Mycobacteriaceae,g__Nocardia,s__Nocardia sienata,#5D4F0B,#00DFB8,#A7D63B,#876902,#72857F,#F2AC75
GCF_000308635,RS_GCF_000308635.1,d__Bacteria,p__Actinobacteriota,c__Actinomycetia,o__Mycobacteriales,f__Mycobacteriaceae,g__Nocardia,s__Nocardia otitidiscaviarum,#5D4F0B,#00DFB8,#A7D63B,#876902,#72857F,#794992
GCF_001612945,RS_GCF_001612945.1,d__Bacteria,p__Actinobacteriota,c__Actinomycetia,o__Mycobacteriales,f__Mycobacteriaceae,g__Nocardia,s__Nocardia inohanensis,#5D4F0B,#00DFB8,#A7D63B,#876902,#72857F,#42AEFC
GCF_001612665,RS_GCF_001612665.1,d__Bacteria,p__Actinobacteriota,c__Actinomycetia,o__Mycobacteriales,f__Mycobacteriaceae,g__Nocardia,s__Nocardia alba,#5D4F0B,#00DFB8,#A7D63B,#876902,#72857F,#313B9A
GCF_017876675,RS_GCF_017876675.1,d__Bacteria,p__Actinobacteriota,c__Actinomycetia,o__Actinomycetales,f__Micrococcaceae,g__Specibacter,s__Specibacter stackebrandtii,#5D4F0B,#00DFB8,#BF354C,#2E5DA8,#53AA3D,#6C1FBA
GCF_002909445,RS_GCF_002909445.1,d__Bacteria,p__Actinobacteriota,c__Actinomycetia,o__Actinomycetales,f__Micrococcaceae,g__Specibacter,s__Specibacter glacialis,#5D4F0B,#00DFB8,#BF354C,#2E5DA8,#53AA3D,#3A32BE
GCF_007558825,RS_GCF_007558825.1,d__Bacteria,p__Actinobacteriota,c__Actinomycetia,o__Actinomycetales,f__Brevibacteriaceae,g__Brevibacterium,s__Brevibacterium aurantiacum_A,#5D4F0B,#00DFB8,#BF354C,#BBCAD2,#E3601F,#CC3856
GCF_002797495,RS_GCF_002797495.1,d__Bacteria,p__Actinobacteriota,c__Actinomycetia,o__Propionibacteriales,f__Nocardioidaceae,g__Mumia,s__Mumia flava,#5D4F0B,#00DFB8,#3EDD11,#498F51,#3AD0C9,#10CF72
GCF_000270245,RS_GCF_000270245.1,d__Bacteria,p__Actinobacteriota,c__Actinomycetia,o__Propionibacteriales,f__Propionibacteriaceae,g__Microlunatus,s__Microlunatus phosphovorus,#5D4F0B,#00DFB8,#3EDD11,#8BF969,#9FEBD8,#C06C1B
GCF_009557055,RS_GCF_009557055.1,d__Bacteria,p__Actinobacteriota,c__Actinomycetia,o__Propionibacteriales,f__Nocardioidaceae,g__Nocardioides,s__Nocardioides sp009557055,#5D4F0B,#00DFB8,#3EDD11,#498F51,#EFA6BA,#E5B578
GCF_013868155,RS_GCF_013868155.1,d__Bacteria,p__Actinobacteriota,c__Actinomycetia,o__Propionibacteriales,f__Nocardioidaceae,g__Aeromicrobium,s__Aeromicrobium phoceense,#5D4F0B,#00DFB8,#3EDD11,#498F51,#C84194,#B375E4
GCF_004135385,RS_GCF_004135385.1,d__Bacteria,p__Actinobacteriota,c__Actinomycetia,o__Actinomycetales,f__Cellulomonadaceae,g__Xylanimonas,s__Xylanimonas sp004135385,#5D4F0B,#00DFB8,#BF354C,#764DC7,#4D7BCC,#3A129A
GCF_001046855,RS_GCF_001046855.1,d__Bacteria,p__Actinobacteriota,c__Actinomycetia,o__Actinomycetales,f__Dermatophilaceae,g__Tetrasphaera,s__Tetrasphaera japonica,#5D4F0B,#00DFB8,#BF354C,#1B3398,#6950EF,#6A8FE7
GCF_000708885,RS_GCF_000708885.1,d__Bacteria,p__Actinobacteriota,c__Actinomycetia,o__Actinomycetales,f__Cellulomonadaceae,g__Cellulomonas,s__Cellulomonas sp000708885,#5D4F0B,#00DFB8,#BF354C,#764DC7,#E08EC1,#280470
GCA_013693815,GB_GCA_013693815.1,d__Bacteria,p__Actinobacteriota,c__Actinomycetia,o__Propionibacteriales,f__Nocardioidaceae,g__SSC3,s__SSC3 sp013693815,#5D4F0B,#00DFB8,#3EDD11,#498F51,#FC283A,#88CFF7
GCF_016918035,RS_GCF_016918035.1,d__Bacteria,p__Actinobacteriota,c__Actinomycetia,o__Mycobacteriales,f__Nakamurellaceae,g__Nakamurella,s__Nakamurella sp016918035,#5D4F0B,#00DFB8,#A7D63B,#610401,#7FE1FF,#260F6D
GCF_001941505,RS_GCF_001941505.1,d__Bacteria,p__Actinobacteriota,c__Actinomycetia,o__Mycobacteriales,f__Mycobacteriaceae,g__Corynebacterium,s__Corynebacterium sphenisci,#5D4F0B,#00DFB8,#A7D63B,#876902,#44456D,#1E8534
GCF_000092225,RS_GCF_000092225.1,d__Bacteria,p__Actinobacteriota,c__Actinomycetia,o__Mycobacteriales,f__Mycobacteriaceae,g__Tsukamurella,s__Tsukamurella paurometabola,#5D4F0B,#00DFB8,#A7D63B,#876902,#67C9C7,#E7A2E7
GCF_900104775,RS_GCF_900104775.1,d__Bacteria,p__Actinobacteriota,c__Actinomycetia,o__Mycobacteriales,f__Mycobacteriaceae,g__Tsukamurella,s__Tsukamurella tyrosinosolvens,#5D4F0B,#00DFB8,#A7D63B,#876902,#67C9C7,#41A215
GCF_001552615,RS_GCF_001552615.1,d__Bacteria,p__Actinobacteriota,c__Actinomycetia,o__Mycobacteriales,f__Mycobacteriaceae,g__Millisia,s__Millisia brevis,#5D4F0B,#00DFB8,#A7D63B,#876902,#4992C3,#DC1355
GCF_016598535,RS_GCF_016598535.1,d__Bacteria,p__Actinobacteriota,c__Actinomycetia,o__Mycobacteriales,f__Mycobacteriaceae,g__Rhodococcus,s__Rhodococcus erythropolis_D,#5D4F0B,#00DFB8,#A7D63B,#876902,#5EE900,#18E899
GCF_002245895,RS_GCF_002245895.1,d__Bacteria,p__Actinobacteriota,c__Actinomycetia,o__Mycobacteriales,f__Mycobacteriaceae,g__Rhodococcus,s__Rhodococcus sp002245895,#5D4F0B,#00DFB8,#A7D63B,#876902,#5EE900,#320862
GCF_000010805,RS_GCF_000010805.1,d__Bacteria,p__Actinobacteriota,c__Actinomycetia,o__Mycobacteriales,f__Mycobacteriaceae,g__Rhodococcus,s__Rhodococcus opacus_C,#5D4F0B,#00DFB8,#A7D63B,#876902,#5EE900,#ABF069
GCF_000738775,RS_GCF_000738775.1,d__Bacteria,p__Actinobacteriota,c__Actinomycetia,o__Mycobacteriales,f__Mycobacteriaceae,g__Rhodococcus,s__Rhodococcus defluvii,#5D4F0B,#00DFB8,#A7D63B,#876902,#5EE900,#DBE523
GCF_000214175,RS_GCF_000214175.1,d__Bacteria,p__Actinobacteriota,c__Actinomycetia,o__Mycobacteriales,f__Mycobacteriaceae,g__Hoyosella,s__Hoyosella subflava,#5D4F0B,#00DFB8,#A7D63B,#876902,#641F28,#6A257D
GCF_014643175,RS_GCF_014643175.1,d__Bacteria,p__Actinobacteriota,c__Actinomycetia,o__Mycobacteriales,f__Mycobacteriaceae,g__Hoyosella,s__Hoyosella rhizosphaerae,#5D4F0B,#00DFB8,#A7D63B,#876902,#641F28,#E1A0D4
GCF_005484805,RS_GCF_005484805.1,d__Bacteria,p__Actinobacteriota,c__Actinomycetia,o__Mycobacteriales,f__Mycobacteriaceae,g__Rhodococcus,s__Rhodococcus sp005484805,#5D4F0B,#00DFB8,#A7D63B,#876902,#5EE900,#B92755
GCA_012729135,GB_GCA_012729135.1,d__Bacteria,p__Actinobacteriota,c__Actinomycetia,o__Mycobacteriales,f__Mycobacteriaceae,g__Rhodococcus,s__Rhodococcus sp012729135,#5D4F0B,#00DFB8,#A7D63B,#876902,#5EE900,#0516F8
GCF_001895025,RS_GCF_001895025.1,d__Bacteria,p__Actinobacteriota,c__Actinomycetia,o__Mycobacteriales,f__Mycobacteriaceae,g__Rhodococcus,s__Rhodococcus zopfii,#5D4F0B,#00DFB8,#A7D63B,#876902,#5EE900,#29D2EF
GCF_012726195,RS_GCF_012726195.1,d__Bacteria,p__Actinobacteriota,c__Actinomycetia,o__Mycobacteriales,f__Mycobacteriaceae,g__Rhodococcus,s__Rhodococcus sp012726195,#5D4F0B,#00DFB8,#A7D63B,#876902,#5EE900,#30D6AD
GCF_000023245,RS_GCF_000023245.1,d__Bacteria,p__Actinobacteriota,c__Actinomycetia,o__Mycobacteriales,f__Pseudonocardiaceae,g__Actinosynnema,s__Actinosynnema mirum,#5D4F0B,#00DFB8,#A7D63B,#2C23DF,#60E0EF,#9702FF
GCF_000342005,RS_GCF_000342005.1,d__Bacteria,p__Actinobacteriota,c__Actinomycetia,o__Mycobacteriales,f__Pseudonocardiaceae,g__Amycolatopsis,s__Amycolatopsis decaplanina,#5D4F0B,#00DFB8,#A7D63B,#2C23DF,#354944,#5FEFF7
GCF_003325375,RS_GCF_003325375.1,d__Bacteria,p__Actinobacteriota,c__Actinomycetia,o__Streptomycetales,f__Streptomycetaceae,g__Streptomyces,s__Streptomyces globosus,#5D4F0B,#00DFB8,#26F41B,#9DFDF4,#88E8E8,#DBEBBF
GCF_001552215,RS_GCF_001552215.1,d__Bacteria,p__Actinobacteriota,c__Actinomycetia,o__Streptosporangiales,f__Streptosporangiaceae,g__Spirillospora,s__Spirillospora macra,#5D4F0B,#00DFB8,#01CED1,#0CD70C,#253F9E,#76999F
GCF_000826545,RS_GCF_000826545.1,d__Bacteria,p__Actinobacteriota,c__Actinomycetia,o__Mycobacteriales,f__Pseudonocardiaceae,g__Kibdelosporangium,s__Kibdelosporangium sp000826545,#5D4F0B,#00DFB8,#A7D63B,#2C23DF,#CDC1E6,#1FA7D5
GCF_001302585,RS_GCF_001302585.1,d__Bacteria,p__Actinobacteriota,c__Actinomycetia,o__Mycobacteriales,f__Pseudonocardiaceae,g__Kibdelosporangium,s__Kibdelosporangium phytohabitans,#5D4F0B,#00DFB8,#A7D63B,#2C23DF,#CDC1E6,#4FA973
GCF_000244975,RS_GCF_000244975.1,d__Bacteria,p__Actinobacteriota,c__Actinomycetia,o__Mycobacteriales,f__Pseudonocardiaceae,g__Saccharomonospora,s__Saccharomonospora cyanea,#5D4F0B,#00DFB8,#A7D63B,#2C23DF,#B4E0B0,#98AF12
GCF_015910535,RS_GCF_015910535.1,d__Bacteria,p__Actinobacteriota,c__Actinomycetia,o__Mycobacteriales,f__Pseudonocardiaceae,g__Saccharomonospora,s__Saccharomonospora sp015910535,#5D4F0B,#00DFB8,#A7D63B,#2C23DF,#B4E0B0,#705784
GCF_014203835,RS_GCF_014203835.1,d__Bacteria,p__Actinobacteriota,c__Actinomycetia,o__Mycobacteriales,f__Micromonosporaceae,g__Micromonospora_H,s__Micromonospora_H polyrhachis,#5D4F0B,#00DFB8,#A7D63B,#945709,#79D9F4,#518E3C
GCF_014647515,RS_GCF_014647515.1,d__Bacteria,p__Actinobacteriota,c__Actinomycetia,o__Mycobacteriales,f__Micromonosporaceae,g__Dactylosporangium,s__Dactylosporangium sucinum,#5D4F0B,#00DFB8,#A7D63B,#945709,#53BB44,#580C69
GCF_002285795,RS_GCF_002285795.1,d__Bacteria,p__Actinobacteriota,c__Actinomycetia,o__Mycobacteriales,f__Micromonosporaceae,g__KBS50,s__KBS50 sp002285795,#5D4F0B,#00DFB8,#A7D63B,#945709,#BF9308,#64E4FC
GCF_014646155,RS_GCF_014646155.1,d__Bacteria,p__Actinobacteriota,c__Actinomycetia,o__Mycobacteriales,f__Micromonosporaceae,g__Actinoplanes,s__Actinoplanes endophyticus,#5D4F0B,#00DFB8,#A7D63B,#945709,#B12B38,#C7AB51
GCA_000721375,GB_GCA_000721375.1,d__Bacteria,p__Actinobacteriota,c__Actinomycetia,o__Streptomycetales,f__Streptomycetaceae,g__Streptomyces,s__Streptomyces sp000721375,#5D4F0B,#00DFB8,#26F41B,#9DFDF4,#88E8E8,#9A93AC
GCA_018114805,GB_GCA_018114805.1,d__Bacteria,p__Actinobacteriota,c__Actinomycetia,o__Streptomycetales,f__Streptomycetaceae,g__Streptomyces,s__Streptomyces philanthi,#5D4F0B,#00DFB8,#26F41B,#9DFDF4,#88E8E8,#5ABCF7
GCF_006539165,RS_GCF_006539165.1,d__Bacteria,p__Actinobacteriota,c__Actinomycetia,o__Streptomycetales,f__Streptomycetaceae,g__Streptomyces,s__Streptomyces cacaoi,#5D4F0B,#00DFB8,#26F41B,#9DFDF4,#88E8E8,#8C580B
GCF_012726265,RS_GCF_012726265.1,d__Bacteria,p__Actinobacteriota,c__Actinomycetia,o__Streptomycetales,f__Streptomycetaceae,g__Streptomyces,s__Streptomyces sp012726265,#5D4F0B,#00DFB8,#26F41B,#9DFDF4,#88E8E8,#A38F4B
GCF_014648775,RS_GCF_014648775.1,d__Bacteria,p__Actinobacteriota,c__Actinomycetia,o__Streptomycetales,f__Streptomycetaceae,g__Streptomyces,s__Streptomyces abikoensis,#5D4F0B,#00DFB8,#26F41B,#9DFDF4,#88E8E8,#A7DDA6
GCF_014650335,RS_GCF_014650335.1,d__Bacteria,p__Actinobacteriota,c__Actinomycetia,o__Streptomycetales,f__Streptomycetaceae,g__Streptomyces,s__Streptomyces hiroshimensis,#5D4F0B,#00DFB8,#26F41B,#9DFDF4,#88E8E8,#581BD3
GCF_017876625,RS_GCF_017876625.1,d__Bacteria,p__Actinobacteriota,c__Actinomycetia,o__Streptomycetales,f__Streptomycetaceae,g__Streptomyces,s__Streptomyces syringium,#5D4F0B,#00DFB8,#26F41B,#9DFDF4,#88E8E8,#4B248B
GCF_003391135,RS_GCF_003391135.1,d__Bacteria,p__Actinobacteriota,c__Actinomycetia,o__Streptomycetales,f__Streptomycetaceae,g__Streptomyces,s__Streptomyces olivoreticuli,#5D4F0B,#00DFB8,#26F41B,#9DFDF4,#88E8E8,#116CE0
GCF_015999245,RS_GCF_015999245.1,d__Bacteria,p__Actinobacteriota,c__Actinomycetia,o__Streptomycetales,f__Streptomycetaceae,g__Streptomyces,s__Streptomyces sp015999245,#5D4F0B,#00DFB8,#26F41B,#9DFDF4,#88E8E8,#3C4EE3
GCF_017916255,RS_GCF_017916255.1,d__Bacteria,p__Actinobacteriota,c__Actinomycetia,o__Streptomycetales,f__Streptomycetaceae,g__Streptomyces,s__Streptomyces mobaraensis,#5D4F0B,#00DFB8,#26F41B,#9DFDF4,#88E8E8,#4C0112
GCF_013055795,RS_GCF_013055795.1,d__Bacteria,p__Actinobacteriota,c__Actinomycetia,o__Streptomycetales,f__Streptomycetaceae,g__Streptomyces,s__Streptomyces sp013055795,#5D4F0B,#00DFB8,#26F41B,#9DFDF4,#88E8E8,#15D0D2
GCF_014083985,RS_GCF_014083985.1,d__Bacteria,p__Actinobacteriota,c__Actinomycetia,o__Streptomycetales,f__Streptomycetaceae,g__SCUT-3,s__SCUT-3 sp014083985,#5D4F0B,#00DFB8,#26F41B,#9DFDF4,#70E6C0,#5B1A5B
GCF_002711365,RS_GCF_002711365.1,d__Bacteria,p__Actinobacteriota,c__Actinomycetia,o__Streptomycetales,f__Streptomycetaceae,g__Streptomyces,s__Streptomyces sp002711365,#5D4F0B,#00DFB8,#26F41B,#9DFDF4,#88E8E8,#FF0DE5
GCF_003574445,RS_GCF_003574445.1,d__Bacteria,p__Actinobacteriota,c__Actinomycetia,o__Streptomycetales,f__Streptomycetaceae,g__Streptomyces,s__Streptomyces sp003574445,#5D4F0B,#00DFB8,#26F41B,#9DFDF4,#88E8E8,#2A99B4
GCF_000262345,RS_GCF_000262345.1,d__Bacteria,p__Actinobacteriota,c__Actinomycetia,o__Streptomycetales,f__Streptomycetaceae,g__Streptomyces,s__Streptomyces xiaopingdaonensis,#5D4F0B,#00DFB8,#26F41B,#9DFDF4,#88E8E8,#58AC61
GCF_013085465,RS_GCF_013085465.1,d__Bacteria,p__Actinobacteriota,c__Actinomycetia,o__Streptomycetales,f__Streptomycetaceae,g__Streptomyces,s__Streptomyces cacaoi_A,#5D4F0B,#00DFB8,#26F41B,#9DFDF4,#88E8E8,#E637D9
GCF_014656195,RS_GCF_014656195.1,d__Bacteria,p__Actinobacteriota,c__Actinomycetia,o__Streptomycetales,f__Streptomycetaceae,g__Kitasatospora,s__Kitasatospora xanthocidica,#5D4F0B,#00DFB8,#26F41B,#9DFDF4,#D012F3,#9A6FE8
GCF_003967355,RS_GCF_003967355.1,d__Bacteria,p__Actinobacteriota,c__Actinomycetia,o__Streptomycetales,f__Streptomycetaceae,g__Embleya,s__Embleya hyalina,#5D4F0B,#00DFB8,#26F41B,#9DFDF4,#16C92C,#D42490
GCF_000372745,RS_GCF_000372745.1,d__Bacteria,p__Actinobacteriota,c__Actinomycetia,o__Streptomycetales,f__Streptomycetaceae,g__Embleya,s__Embleya scabrispora,#5D4F0B,#00DFB8,#26F41B,#9DFDF4,#16C92C,#3A3653
GCF_007595705,RS_GCF_007595705.1,d__Bacteria,p__Actinobacteriota,c__Actinomycetia,o__Streptomycetales,f__Streptomycetaceae,g__Streptomyces,s__Streptomyces sp007595705,#5D4F0B,#00DFB8,#26F41B,#9DFDF4,#88E8E8,#4B94FD
GCF_012273655,RS_GCF_012273655.1,d__Bacteria,p__Actinobacteriota,c__Actinomycetia,o__Streptomycetales,f__Streptomycetaceae,g__Streptomyces,s__Streptomyces physcomitrii,#5D4F0B,#00DFB8,#26F41B,#9DFDF4,#88E8E8,#E47111
GCF_002556545,RS_GCF_002556545.1,d__Bacteria,p__Actinobacteriota,c__Actinomycetia,o__Streptomycetales,f__Streptomycetaceae,g__Streptomyces,s__Streptomyces formicae,#5D4F0B,#00DFB8,#26F41B,#9DFDF4,#88E8E8,#F5F7F8
GCF_003865135,RS_GCF_003865135.1,d__Bacteria,p__Actinobacteriota,c__Actinomycetia,o__Streptomycetales,f__Streptomycetaceae,g__Streptomyces,s__Streptomyces chrestomyceticus,#5D4F0B,#00DFB8,#26F41B,#9DFDF4,#88E8E8,#172E6A
GCF_003626535,RS_GCF_003626535.1,d__Bacteria,p__Actinobacteriota,c__Actinomycetia,o__Streptomycetales,f__Streptomycetaceae,g__Streptomyces,s__Streptomyces hoynatensis,#5D4F0B,#00DFB8,#26F41B,#9DFDF4,#88E8E8,#F0288A
GCF_900091725,RS_GCF_900091725.1,d__Bacteria,p__Actinobacteriota,c__Actinomycetia,o__Streptomycetales,f__Streptomycetaceae,g__Streptomyces,s__Streptomyces sp900091725,#5D4F0B,#00DFB8,#26F41B,#9DFDF4,#88E8E8,#B44F51
GCA_014649555,GB_GCA_014649555.1,d__Bacteria,p__Actinobacteriota,c__Actinomycetia,o__Streptomycetales,f__Streptomycetaceae,g__Streptomyces,s__Streptomyces globisporus,#5D4F0B,#00DFB8,#26F41B,#9DFDF4,#88E8E8,#8190BA
GCF_014645795,RS_GCF_014645795.1,d__Bacteria,p__Actinobacteriota,c__Actinomycetia,o__Mycobacteriales,f__Pseudonocardiaceae,g__Longimycelium,s__Longimycelium tulufanense,#5D4F0B,#00DFB8,#A7D63B,#2C23DF,#D87ED7,#5E9DD6
GCF_000165485,RS_GCF_000165485.1,d__Bacteria,p__Myxococcota,c__Myxococcia,o__Myxococcales,f__Myxococcaceae,g__Stigmatella,s__Stigmatella aurantiaca_A,#95A1D3,#92F458,#440515,#CD3DCF,#5214EF,#0F2F3B
GCF_014930455,RS_GCF_014930455.1,d__Bacteria,p__Myxococcota,c__Myxococcia,o__Myxococcales,f__Myxococcaceae,g__Corallococcus,s__Corallococcus sp014930455,#95A1D3,#92F458,#440515,#CD3DCF,#F122BA,#24410B
GCF_000255295,RS_GCF_000255295.1,d__Bacteria,p__Myxococcota,c__Myxococcia,o__Myxococcales,f__Myxococcaceae,g__Corallococcus,s__Corallococcus coralloides,#95A1D3,#92F458,#440515,#CD3DCF,#F122BA,#7373C8
GCF_000576635,RS_GCF_000576635.1,d__Bacteria,p__Proteobacteria,c__Alphaproteobacteria,o__Azospirillales,f__Azospirillaceae,g__Skermanella,s__Skermanella stibiiresistens,#C36119,#4DC772,#AB728E,#936ED5,#3865E9,#F2930C
GCF_006402735,RS_GCF_006402735.1,d__Bacteria,p__Myxococcota,c__Myxococcia,o__Myxococcales,f__Myxococcaceae,g__Myxococcus,s__Myxococcus xanthus_A,#95A1D3,#92F458,#440515,#CD3DCF,#5E219D,#B084AD
GCF_000331735,RS_GCF_000331735.1,d__Bacteria,p__Myxococcota,c__Myxococcia,o__Myxococcales,f__Myxococcaceae,g__Myxococcus,s__Myxococcus stipitatus,#95A1D3,#92F458,#440515,#CD3DCF,#5E219D,#32A36B
GCF_010894455,RS_GCF_010894455.1,d__Bacteria,p__Myxococcota,c__Myxococcia,o__Myxococcales,f__Myxococcaceae,g__Myxococcus,s__Myxococcus eversor,#95A1D3,#92F458,#440515,#CD3DCF,#5E219D,#4FA2B4
GCF_014253015,RS_GCF_014253015.1,d__Bacteria,p__Actinobacteriota,c__Actinomycetia,o__Streptomycetales,f__Streptomycetaceae,g__Streptomyces,s__Streptomyces sp014253015,#5D4F0B,#00DFB8,#26F41B,#9DFDF4,#88E8E8,#738E90
GCF_013744875,RS_GCF_013744875.1,d__Bacteria,p__Actinobacteriota,c__Actinomycetia,o__Mycobacteriales,f__Mycobacteriaceae,g__Nocardia,s__Nocardia sp013744875,#5D4F0B,#00DFB8,#A7D63B,#876902,#72857F,#AFE861
GCF_004135735,RS_GCF_004135735.1,d__Bacteria,p__Myxococcota,c__Polyangia,o__Polyangiales,f__Polyangiaceae,g__Sorangium,s__Sorangium cellulosum_F,#95A1D3,#E454FF,#BE24EB,#CB9ADD,#537254,#203E4D
GCF_000067165,RS_GCF_000067165.1,d__Bacteria,p__Myxococcota,c__Polyangia,o__Polyangiales,f__Polyangiaceae,g__Sorangium,s__Sorangium cellulosum_B,#95A1D3,#E454FF,#BE24EB,#CB9ADD,#537254,#1F3607
GCF_005144585,RS_GCF_005144585.1,d__Bacteria,p__Myxococcota,c__Polyangia,o__Polyangiales,f__Polyangiaceae,g__Polyangium,s__Polyangium fumosum,#95A1D3,#E454FF,#BE24EB,#CB9ADD,#F727C4,#F8DAE7
GCF_009649845,RS_GCF_009649845.1,d__Bacteria,p__Myxococcota,c__Polyangia,o__Polyangiales,f__Polyangiaceae,g__Polyangium,s__Polyangium spumosum,#95A1D3,#E454FF,#BE24EB,#CB9ADD,#F727C4,#B92160
GCF_000739915,RS_GCF_000739915.1,d__Bacteria,p__Firmicutes,c__Bacilli,o__Paenibacillales,f__NBRC-103111,g__Paenibacillus_F,s__Paenibacillus_F chitinolyticus,#86205C,#0C6EF8,#6DE143,#FB4CD3,#740333,#648B59
GCF_000024805,RS_GCF_000024805.1,d__Bacteria,p__Myxococcota,c__Polyangia,o__Haliangiales,f__Haliangiaceae,g__Haliangium,s__Haliangium ochraceum,#95A1D3,#E454FF,#814AFE,#57ADA2,#BC32A4,#699347
GCF_000203915,RS_GCF_000203915.1,d__Bacteria,p__Proteobacteria,c__Gammaproteobacteria,o__Burkholderiales,f__Burkholderiaceae,g__Burkholderia,s__Burkholderia ambifaria,#C36119,#3D2C2E,#C2762C,#4ADBCE,#0451C7,#35FFB5
GCF_902830275,RS_GCF_902830275.1,d__Bacteria,p__Proteobacteria,c__Gammaproteobacteria,o__Burkholderiales,f__Burkholderiaceae,g__Burkholderia,s__Burkholderia stagnalis,#C36119,#3D2C2E,#C2762C,#4ADBCE,#0451C7,#3045FA
GCF_000012985,RS_GCF_000012985.1,d__Bacteria,p__Proteobacteria,c__Gammaproteobacteria,o__Pseudomonadales,f__Oleiphilaceae,g__Hahella,s__Hahella chejuensis,#C36119,#3D2C2E,#BF2D93,#1B1111,#1100FE,#58E96C
GCF_006496635,RS_GCF_006496635.1,d__Bacteria,p__Proteobacteria,c__Gammaproteobacteria,o__Burkholderiales,f__Rhodocyclaceae,g__Azoarcus,s__Azoarcus sp006496635,#C36119,#3D2C2E,#C2762C,#6C047A,#77BF50,#6196F2
GCF_000969645,RS_GCF_000969645.2,d__Bacteria,p__Proteobacteria,c__Gammaproteobacteria,o__Burkholderiales,f__Chitinibacteraceae,g__Iodobacter,s__Iodobacter sp000969645,#C36119,#3D2C2E,#C2762C,#4414A7,#FD4FA1,#F7A892
GCA_000018565,GB_GCA_000018565.1,d__Bacteria,p__Chloroflexota,c__Chloroflexia,o__Chloroflexales,f__Herpetosiphonaceae,g__Herpetosiphon,s__Herpetosiphon aurantiacus,#D4BF99,#A63248,#D591AC,#E5451D,#A92CA9,#C684B8
GCF_000155595,RS_GCF_000155595.1,d__Bacteria,p__Cyanobacteria,c__Cyanobacteriia,o__Phormidesmiales,f__Phormidesmiaceae,g__Phormidesmis,s__Phormidesmis sp000155595,#147B01,#FF9748,#AE7ECD,#4BFEEC,#C44ACC,#D27381
GCF_003339525,RS_GCF_003339525.1,d__Bacteria,p__Proteobacteria,c__Gammaproteobacteria,o__Burkholderiales,f__Burkholderiaceae,g__Hydromonas,s__Hydromonas cinctiostellae,#C36119,#3D2C2E,#C2762C,#4ADBCE,#21019C,#5072E3
GCF_003399765,RS_GCF_003399765.1,d__Bacteria,p__Proteobacteria,c__Gammaproteobacteria,o__Nitrococcales,f__AK92,g__AK92,s__AK92 sp003399765,#C36119,#3D2C2E,#B97B5F,#344D60,#087F3D,#62509B
GCF_001648175,RS_GCF_001648175.1,d__Bacteria,p__Proteobacteria,c__Gammaproteobacteria,o__Pseudomonadales,f__Halomonadaceae,g__Halotalea,s__Halotalea alkalilenta_A,#C36119,#3D2C2E,#BF2D93,#27C33C,#0483CC,#3C723C
GCF_001592225,RS_GCF_001592225.1,d__Bacteria,p__Proteobacteria,c__Gammaproteobacteria,o__Burkholderiales,f__Burkholderiaceae,g__Castellaniella,s__Castellaniella caeni,#C36119,#3D2C2E,#C2762C,#4ADBCE,#03A3FE,#5C59C0
GCF_014652815,RS_GCF_014652815.1,d__Bacteria,p__Proteobacteria,c__Gammaproteobacteria,o__Burkholderiales,f__Burkholderiaceae,g__Alcaligenes,s__Alcaligenes pakistanensis,#C36119,#3D2C2E,#C2762C,#4ADBCE,#390243,#ECBAA6
GCA_013416395,GB_GCA_013416395.1,d__Bacteria,p__Proteobacteria,c__Gammaproteobacteria,o__Burkholderiales,f__Burkholderiaceae,g__Pusillimonas_B,s__Pusillimonas_B sp013416395,#C36119,#3D2C2E,#C2762C,#4ADBCE,#8610DA,#87FE5E
GCF_011290505,RS_GCF_011290505.1,d__Bacteria,p__Proteobacteria,c__Gammaproteobacteria,o__Burkholderiales,f__Burkholderiaceae,g__Paenalcaligenes,s__Paenalcaligenes suwonensis,#C36119,#3D2C2E,#C2762C,#4ADBCE,#F14CF0,#A8B787
GCA_016716085,GB_GCA_016716085.1,d__Bacteria,p__Proteobacteria,c__Gammaproteobacteria,o__Pseudomonadales,f__Oleiphilaceae,g__JADJWY01,s__JADJWY01 sp016716085,#C36119,#3D2C2E,#BF2D93,#1B1111,#F6184C,#EFF5B7
GCA_003671495,GB_GCA_003671495.1,d__Bacteria,p__Proteobacteria,c__Gammaproteobacteria,o__Pseudomonadales,f__Ketobacteraceae,g__Ketobacter,s__Ketobacter sp003671495,#C36119,#3D2C2E,#BF2D93,#ECFBB7,#15FB65,#14564F
GCF_000482785,RS_GCF_000482785.1,d__Bacteria,p__Proteobacteria,c__Gammaproteobacteria,o__Burkholderiales,f__Burkholderiaceae,g__Derxia,s__Derxia gummosa,#C36119,#3D2C2E,#C2762C,#4ADBCE,#7A3443,#930ACA
GCF_000428465,RS_GCF_000428465.1,d__Bacteria,p__Proteobacteria,c__Gammaproteobacteria,o__Burkholderiales,f__Chitinimonadaceae,g__Chitinimonas,s__Chitinimonas koreensis,#C36119,#3D2C2E,#C2762C,#DB0167,#5C5C46,#549AF0
GCA_013822685,GB_GCA_013822685.1,d__Bacteria,p__Proteobacteria,c__Gammaproteobacteria,o__Burkholderiales,f__Burkholderiaceae,g__Aquabacterium,s__Aquabacterium sp013822685,#C36119,#3D2C2E,#C2762C,#4ADBCE,#31A77E,#356283
GCF_000380335,RS_GCF_000380335.1,d__Bacteria,p__Proteobacteria,c__Gammaproteobacteria,o__Pseudomonadales,f__Pseudomonadaceae,g__Azotobacter,s__Azotobacter vinelandii,#C36119,#3D2C2E,#BF2D93,#CCDCAC,#9CBC38,#5369BA
GCF_018732085,RS_GCF_018732085.1,d__Bacteria,p__Proteobacteria,c__Gammaproteobacteria,o__Xanthomonadales,f__Xanthomonadaceae,g__Lysobacter,s__Lysobacter capsici_A,#C36119,#3D2C2E,#41BA9B,#21B7F8,#CA21AC,#C38B73
GCF_014779555,RS_GCF_014779555.1,d__Bacteria,p__Proteobacteria,c__Gammaproteobacteria,o__Xanthomonadales,f__Xanthomonadaceae,g__Lysobacter,s__Lysobacter capsici,#C36119,#3D2C2E,#41BA9B,#21B7F8,#CA21AC,#A3A9D6
GCF_011947265,RS_GCF_011947265.1,d__Bacteria,p__Firmicutes,c__Bacilli,o__Paenibacillales,f__Paenibacillaceae,g__Paenibacillus_C,s__Paenibacillus_C sp011947265,#86205C,#0C6EF8,#6DE143,#5BB57B,#EBC25E,#A7B65F
GCF_004000785,RS_GCF_004000785.1,d__Bacteria,p__Firmicutes,c__Bacilli,o__Paenibacillales,f__NBRC-103111,g__Paenibacillus_G,s__Paenibacillus_G ehimensis,#86205C,#0C6EF8,#6DE143,#FB4CD3,#123A9E,#FCCC9D
GCA_017512705,GB_GCA_017512705.1,d__Bacteria,p__Firmicutes,c__Bacilli,o__Paenibacillales,f__Paenibacillaceae,g__Paenibacillus,s__Paenibacillus sp017512705,#86205C,#0C6EF8,#6DE143,#5BB57B,#269189,#DD1FFB
GCF_004000885,RS_GCF_004000885.1,d__Bacteria,p__Firmicutes,c__Bacilli,o__Paenibacillales,f__Paenibacillaceae,g__Paenibacillus,s__Paenibacillus glucanolyticus,#86205C,#0C6EF8,#6DE143,#5BB57B,#269189,#818638
GCF_000011645,RS_GCF_000011645.1,d__Bacteria,p__Firmicutes,c__Bacilli,o__Bacillales,f__Bacillaceae,g__Bacillus,s__Bacillus licheniformis,#86205C,#0C6EF8,#4AEFF1,#71C141,#D634C9,#76F6A8
GCF_900107305,RS_GCF_900107305.1,d__Bacteria,p__Firmicutes,c__Bacilli,o__Thermoactinomycetales,f__Thermoactinomycetaceae,g__Baia,s__Baia sp900107305,#86205C,#0C6EF8,#E787F6,#07B5F5,#81F8CD,#39D614
GCF_010975035,RS_GCF_010975035.1,d__Bacteria,p__Firmicutes,c__Bacilli,o__Bacillales_B,f__DSM-18226,g__Neobacillus,s__Neobacillus thermocopriae,#86205C,#0C6EF8,#4752C5,#97C6B8,#1A5589,#BC4FB4
GCA_018966865,GB_GCA_018966865.1,d__Bacteria,p__Firmicutes,c__Bacilli,o__Bacillales,f__Bacillaceae_G,g__Bacillus_A,s__Bacillus_A sp018966865,#86205C,#0C6EF8,#4AEFF1,#D9735A,#67E048,#505E6C
GCF_000017425,RS_GCF_000017425.1,d__Bacteria,p__Firmicutes,c__Bacilli,o__Bacillales,f__Bacillaceae_G,g__Bacillus_A,s__Bacillus_A cytotoxicus,#86205C,#0C6EF8,#4AEFF1,#D9735A,#67E048,#C6A1B4
GCF_000161455,RS_GCF_000161455.1,d__Bacteria,p__Firmicutes,c__Bacilli,o__Bacillales,f__Bacillaceae_G,g__Bacillus_A,s__Bacillus_A pseudomycoides,#86205C,#0C6EF8,#4AEFF1,#D9735A,#67E048,#C81ED6
GCF_000271485,RS_GCF_000271485.2,d__Bacteria,p__Firmicutes_C,c__Negativicutes,o__Propionisporales,f__Propionisporaceae,g__Pelosinus,s__Pelosinus fermentans,#6C0977,#511215,#A681DA,#7DEDC2,#C4F86F,#246D97
GCF_000196735,RS_GCF_000196735.1,d__Bacteria,p__Firmicutes,c__Bacilli,o__Bacillales,f__Bacillaceae,g__Bacillus,s__Bacillus amyloliquefaciens,#86205C,#0C6EF8,#4AEFF1,#71C141,#D634C9,#AB94D9
GCA_000332645,GB_GCA_000332645.1,d__Bacteria,p__Firmicutes,c__Bacilli,o__Bacillales,f__Bacillaceae,g__Bacillus,s__Bacillus inaquosorum,#86205C,#0C6EF8,#4AEFF1,#71C141,#D634C9,#E67572
GCF_900182565,RS_GCF_900182565.1,d__Bacteria,p__Firmicutes,c__Bacilli,o__Thermoactinomycetales,f__DSM-45169,g__Melghirimyces,s__Melghirimyces algeriensis,#86205C,#0C6EF8,#E787F6,#EF5A91,#B8C45C,#AAE4C0
GCA_001586195,GB_GCA_001586195.1,d__Bacteria,p__Firmicutes,c__Bacilli,o__Bacillales_A,f__Planococcaceae,g__Solibacillus,s__Solibacillus silvestris,#86205C,#0C6EF8,#1FABF7,#A8AEC7,#5DCB59,#36A71B
GCF_002276165,RS_GCF_002276165.1,d__Bacteria,p__Firmicutes,c__Bacilli,o__Bacillales_B,f__DSM-18226,g__Cytobacillus,s__Cytobacillus kochii,#86205C,#0C6EF8,#4752C5,#97C6B8,#C6D08B,#BF566A
GCF_000011245,RS_GCF_000011245.1,d__Bacteria,p__Firmicutes,c__Bacilli,o__Bacillales_D,f__Amphibacillaceae,g__Oceanobacillus,s__Oceanobacillus iheyensis,#86205C,#0C6EF8,#AC5480,#A0C7FB,#4A9F29,#A67909
GCF_000691165,RS_GCF_000691165.1,d__Bacteria,p__Firmicutes,c__Bacilli,o__Bacillales,f__Bacillaceae,g__Bacillus,s__Bacillus safensis,#86205C,#0C6EF8,#4AEFF1,#71C141,#D634C9,#1CF393
GCF_900143645,RS_GCF_900143645.1,d__Bacteria,p__Firmicutes_A,c__Clostridia,o__Lachnospirales,f__Lachnospiraceae,g__Anaerocolumna,s__Anaerocolumna xylanovorans,#ED0951,#319FA7,#133D7E,#ADFFAA,#C295B4,#87477F
GCF_000285555,RS_GCF_000285555.1,d__Bacteria,p__Firmicutes,c__Bacilli,o__Bacillales_A,f__Planococcaceae,g__Kurthia,s__Kurthia massiliensis,#86205C,#0C6EF8,#1FABF7,#A8AEC7,#960F79,#D2497E
GCF_007896435,RS_GCF_007896435.1,d__Bacteria,p__Firmicutes,c__Bacilli,o__Bacillales_A,f__Planococcaceae,g__Rummeliibacillus,s__Rummeliibacillus suwonensis,#86205C,#0C6EF8,#1FABF7,#A8AEC7,#24B6DE,#1B8E6E
GCF_018837975,RS_GCF_018837975.1,d__Bacteria,p__Proteobacteria,c__Gammaproteobacteria,o__Pseudomonadales,f__Zooshikellaceae,g__Zooshikella,s__Zooshikella sp018837975,#C36119,#3D2C2E,#BF2D93,#0E0116,#26C7A9,#D6C207
GCF_014218805,RS_GCF_014218805.1,d__Bacteria,p__Proteobacteria,c__Gammaproteobacteria,o__Pseudomonadales,f__Cellvibrionaceae,g__Teredinibacter,s__Teredinibacter franksiae,#C36119,#3D2C2E,#BF2D93,#25D954,#450349,#45B29B
GCF_000013665,RS_GCF_000013665.1,d__Bacteria,p__Proteobacteria,c__Gammaproteobacteria,o__Pseudomonadales,f__Cellvibrionaceae,g__Saccharophagus,s__Saccharophagus degradans,#C36119,#3D2C2E,#BF2D93,#25D954,#BF00E8,#49E111
GCA_002009425,GB_GCA_002009425.1,d__Bacteria,p__Proteobacteria,c__Gammaproteobacteria,o__Chromatiales,f__Sedimenticolaceae,g__41T-STBD-0c-01a,s__41T-STBD-0c-01a sp002009425,#C36119,#3D2C2E,#B3DC84,#3B8F63,#C45A69,#AE5984
GCF_000953825,RS_GCF_000953825.1,d__Bacteria,p__Proteobacteria,c__Gammaproteobacteria,o__Pseudomonadales,f__Cellvibrionaceae,g__Cellvibrio,s__Cellvibrio sp000953825,#C36119,#3D2C2E,#BF2D93,#25D954,#519748,#1A441F
GCA_000814665,GB_GCA_000814665.1,d__Bacteria,p__Proteobacteria,c__Gammaproteobacteria,o__Enterobacterales,f__Alteromonadaceae,g__Pseudoalteromonas,s__Pseudoalteromonas elyakovii,#C36119,#3D2C2E,#B5B41C,#B77A51,#6448B5,#B2CF38
GCF_900112265,RS_GCF_900112265.1,d__Bacteria,p__Proteobacteria,c__Gammaproteobacteria,o__Enterobacterales,f__Alteromonadaceae,g__Pseudoalteromonas,s__Pseudoalteromonas denitrificans,#C36119,#3D2C2E,#B5B41C,#B77A51,#6448B5,#2F9A79
GCA_004173455,GB_GCA_004173455.1,d__Bacteria,p__Proteobacteria,c__Gammaproteobacteria,o__Pseudomonadales,f__Moraxellaceae,g__Alkanindiges,s__Alkanindiges sp004173455,#C36119,#3D2C2E,#BF2D93,#607AD4,#11A499,#154A23
GCF_900197575,RS_GCF_900197575.1,d__Bacteria,p__Proteobacteria,c__Gammaproteobacteria,o__Pseudomonadales,f__Moraxellaceae,g__Acinetobacter,s__Acinetobacter apis,#C36119,#3D2C2E,#BF2D93,#607AD4,#8DE132,#C8AB20
GCF_000368565,RS_GCF_000368565.1,d__Bacteria,p__Proteobacteria,c__Gammaproteobacteria,o__Pseudomonadales,f__Moraxellaceae,g__Acinetobacter,s__Acinetobacter gerneri,#C36119,#3D2C2E,#BF2D93,#607AD4,#8DE132,#D73960
GCF_000196795,RS_GCF_000196795.1,d__Bacteria,p__Proteobacteria,c__Gammaproteobacteria,o__Pseudomonadales,f__Moraxellaceae,g__Acinetobacter,s__Acinetobacter oleivorans,#C36119,#3D2C2E,#BF2D93,#607AD4,#8DE132,#D4DB51
GCF_000600005,RS_GCF_000600005.1,d__Bacteria,p__Proteobacteria,c__Gammaproteobacteria,o__Burkholderiales,f__Neisseriaceae,g__Snodgrassella,s__Snodgrassella alvi,#C36119,#3D2C2E,#C2762C,#6A9A8F,#6FCF2B,#D8EF63
GCF_900096995,RS_GCF_900096995.1,d__Bacteria,p__Proteobacteria,c__Gammaproteobacteria,o__Pseudomonadales,f__Moraxellaceae,g__Acinetobacter,s__Acinetobacter puyangensis,#C36119,#3D2C2E,#BF2D93,#607AD4,#8DE132,#CD6532
GCF_002165375,RS_GCF_002165375.2,d__Bacteria,p__Proteobacteria,c__Gammaproteobacteria,o__Pseudomonadales,f__Moraxellaceae,g__Acinetobacter,s__Acinetobacter chinensis,#C36119,#3D2C2E,#BF2D93,#607AD4,#8DE132,#EFD6B2
GCF_001704115,RS_GCF_001704115.1,d__Bacteria,p__Proteobacteria,c__Gammaproteobacteria,o__Pseudomonadales,f__Moraxellaceae,g__Acinetobacter,s__Acinetobacter larvae,#C36119,#3D2C2E,#BF2D93,#607AD4,#8DE132,#774242
GCF_001696615,RS_GCF_001696615.3,d__Bacteria,p__Proteobacteria,c__Gammaproteobacteria,o__Pseudomonadales,f__Moraxellaceae,g__Acinetobacter,s__Acinetobacter sp001696615,#C36119,#3D2C2E,#BF2D93,#607AD4,#8DE132,#A6985D
GCF_001605895,RS_GCF_001605895.1,d__Bacteria,p__Proteobacteria,c__Gammaproteobacteria,o__Pseudomonadales,f__Moraxellaceae,g__Acinetobacter,s__Acinetobacter pragensis,#C36119,#3D2C2E,#BF2D93,#607AD4,#8DE132,#3C53E8
GCF_000368865,RS_GCF_000368865.1,d__Bacteria,p__Proteobacteria,c__Gammaproteobacteria,o__Pseudomonadales,f__Moraxellaceae,g__Acinetobacter,s__Acinetobacter bouvetii,#C36119,#3D2C2E,#BF2D93,#607AD4,#8DE132,#6FE685
GCF_002135435,RS_GCF_002135435.1,d__Bacteria,p__Proteobacteria,c__Gammaproteobacteria,o__Pseudomonadales,f__Moraxellaceae,g__Acinetobacter,s__Acinetobacter sp002135435,#C36119,#3D2C2E,#BF2D93,#607AD4,#8DE132,#CDB9A0
GCF_015218165,RS_GCF_015218165.1,d__Bacteria,p__Proteobacteria,c__Gammaproteobacteria,o__Pseudomonadales,f__Moraxellaceae,g__Acinetobacter,s__Acinetobacter piscicola_A,#C36119,#3D2C2E,#BF2D93,#607AD4,#8DE132,#56A8D0
GCF_003268395,RS_GCF_003268395.1,d__Bacteria,p__Proteobacteria,c__Gammaproteobacteria,o__Pseudomonadales,f__Moraxellaceae,g__Acinetobacter,s__Acinetobacter sp003268395,#C36119,#3D2C2E,#BF2D93,#607AD4,#8DE132,#9FACC4
GCF_004336975,RS_GCF_004336975.1,d__Bacteria,p__Proteobacteria,c__Gammaproteobacteria,o__Enterobacterales,f__Neiellaceae,g__Corallincola,s__Corallincola luteus,#C36119,#3D2C2E,#B5B41C,#B631FA,#3ACA68,#5C8240
GCF_002276045,RS_GCF_002276045.1,d__Bacteria,p__Proteobacteria,c__Gammaproteobacteria,o__Enterobacterales,f__Alteromonadaceae,g__Pseudoalteromonas,s__Pseudoalteromonas sp002276045,#C36119,#3D2C2E,#B5B41C,#B77A51,#6448B5,#5B3D3C
GCF_007990935,RS_GCF_007990935.1,d__Bacteria,p__Proteobacteria,c__Gammaproteobacteria,o__Enterobacterales,f__Vibrionaceae,g__Vibrio,s__Vibrio sagamiensis,#C36119,#3D2C2E,#B5B41C,#84510C,#CCB77A,#2E54F1
GCF_000417905,RS_GCF_000417905.1,d__Bacteria,p__Proteobacteria,c__Gammaproteobacteria,o__Enterobacterales,f__Vibrionaceae,g__Vibrio,s__Vibrio natriegens,#C36119,#3D2C2E,#B5B41C,#84510C,#CCB77A,#D1A4F6
GCF_000400365,RS_GCF_000400365.1,d__Bacteria,p__Proteobacteria,c__Gammaproteobacteria,o__Enterobacterales,f__Vibrionaceae,g__Vibrio,s__Vibrio jasicida,#C36119,#3D2C2E,#B5B41C,#84510C,#CCB77A,#97D8E2
GCF_004116385,RS_GCF_004116385.1,d__Bacteria,p__Proteobacteria,c__Gammaproteobacteria,o__Enterobacterales,f__Vibrionaceae,g__Enterovibrio,s__Enterovibrio sp004116385,#C36119,#3D2C2E,#B5B41C,#84510C,#D5DF76,#435E2A
GCF_000176155,RS_GCF_000176155.1,d__Bacteria,p__Proteobacteria,c__Gammaproteobacteria,o__Enterobacterales,f__Vibrionaceae,g__Vibrio,s__Vibrio metschnikovii,#C36119,#3D2C2E,#B5B41C,#84510C,#CCB77A,#F4A2EA
GCF_000354175,RS_GCF_000354175.2,d__Bacteria,p__Proteobacteria,c__Gammaproteobacteria,o__Enterobacterales,f__Vibrionaceae,g__Vibrio,s__Vibrio alginolyticus,#C36119,#3D2C2E,#B5B41C,#84510C,#CCB77A,#984AF3
GCF_001547935,RS_GCF_001547935.1,d__Bacteria,p__Proteobacteria,c__Gammaproteobacteria,o__Enterobacterales,f__Vibrionaceae,g__Vibrio,s__Vibrio tritonius,#C36119,#3D2C2E,#B5B41C,#84510C,#CCB77A,#E3707F
GCF_003856525,RS_GCF_003856525.1,d__Bacteria,p__Proteobacteria,c__Gammaproteobacteria,o__Enterobacterales,f__Vibrionaceae,g__Vibrio,s__Vibrio viridaestus,#C36119,#3D2C2E,#B5B41C,#84510C,#CCB77A,#99B2C3
GCF_000176175,RS_GCF_000176175.1,d__Bacteria,p__Proteobacteria,c__Gammaproteobacteria,o__Enterobacterales,f__Vibrionaceae,g__Vibrio,s__Vibrio furnissii,#C36119,#3D2C2E,#B5B41C,#84510C,#CCB77A,#56C78E
GCF_002224265,RS_GCF_002224265.1,d__Bacteria,p__Proteobacteria,c__Gammaproteobacteria,o__Enterobacterales,f__Vibrionaceae,g__Vibrio,s__Vibrio vulnificus,#C36119,#3D2C2E,#B5B41C,#84510C,#CCB77A,#D61284
GCF_001471585,RS_GCF_001471585.2,d__Bacteria,p__Proteobacteria,c__Gammaproteobacteria,o__Enterobacterales,f__Vibrionaceae,g__Vibrio,s__Vibrio cholerae,#C36119,#3D2C2E,#B5B41C,#84510C,#CCB77A,#B626BA
GCF_002835995,RS_GCF_002835995.1,d__Bacteria,p__Proteobacteria,c__Gammaproteobacteria,o__Enterobacterales,f__Psychromonadaceae,g__Psychromonas,s__Psychromonas sp002835995,#C36119,#3D2C2E,#B5B41C,#D65306,#3AE70C,#C5470D
GCF_002873455,RS_GCF_002873455.1,d__Bacteria,p__Proteobacteria,c__Gammaproteobacteria,o__Enterobacterales,f__Vibrionaceae,g__Vibrio,s__Vibrio splendidus_J,#C36119,#3D2C2E,#B5B41C,#84510C,#CCB77A,#0C91CB
GCF_002933855,RS_GCF_002933855.1,d__Bacteria,p__Proteobacteria,c__Gammaproteobacteria,o__Enterobacterales,f__Vibrionaceae,g__Vibrio,s__Vibrio penaeicida_A,#C36119,#3D2C2E,#B5B41C,#84510C,#CCB77A,#F7B3C4
GCF_007004725,RS_GCF_007004725.1,d__Bacteria,p__Proteobacteria,c__Gammaproteobacteria,o__Enterobacterales,f__Kangiellaceae,g__Aliikangiella,s__Aliikangiella coralliicola,#C36119,#3D2C2E,#B5B41C,#487D8F,#528D93,#B47001
GCF_000007705,RS_GCF_000007705.1,d__Bacteria,p__Proteobacteria,c__Gammaproteobacteria,o__Burkholderiales,f__Chromobacteriaceae,g__Chromobacterium,s__Chromobacterium violaceum,#C36119,#3D2C2E,#C2762C,#90A08E,#E3B473,#D56FDA
GCF_000819845,RS_GCF_000819845.1,d__Bacteria,p__Proteobacteria,c__Gammaproteobacteria,o__Enterobacterales,f__Aeromonadaceae,g__Aeromonas,s__Aeromonas enteropelogenes,#C36119,#3D2C2E,#B5B41C,#EBC58C,#700897,#9A034F
GCF_000281085,RS_GCF_000281085.1,d__Bacteria,p__Proteobacteria,c__Gammaproteobacteria,o__Enterobacterales,f__Alteromonadaceae,g__Catenovulum,s__Catenovulum agarivorans,#C36119,#3D2C2E,#B5B41C,#B77A51,#51845F,#24740C
GCF_000238315,RS_GCF_000238315.3,d__Bacteria,p__Proteobacteria,c__Gammaproteobacteria,o__Enterobacterales,f__Alteromonadaceae,g__Pseudoalteromonas,s__Pseudoalteromonas piscicida,#C36119,#3D2C2E,#B5B41C,#B77A51,#6448B5,#265D49
GCF_001625695,RS_GCF_001625695.1,d__Bacteria,p__Proteobacteria,c__Gammaproteobacteria,o__Enterobacterales,f__Alteromonadaceae,g__Pseudoalteromonas,s__Pseudoalteromonas luteoviolacea_B,#C36119,#3D2C2E,#B5B41C,#B77A51,#6448B5,#A895BE
GCF_001625595,RS_GCF_001625595.1,d__Bacteria,p__Proteobacteria,c__Gammaproteobacteria,o__Enterobacterales,f__Alteromonadaceae,g__Pseudoalteromonas,s__Pseudoalteromonas luteoviolacea_A,#C36119,#3D2C2E,#B5B41C,#B77A51,#6448B5,#5F1F43
GCF_001482385,RS_GCF_001482385.1,d__Bacteria,p__Proteobacteria,c__Gammaproteobacteria,o__Enterobacterales,f__Alteromonadaceae,g__Pseudoalteromonas,s__Pseudoalteromonas rubra_B,#C36119,#3D2C2E,#B5B41C,#B77A51,#6448B5,#E420CD
GCF_000238375,RS_GCF_000238375.3,d__Bacteria,p__Proteobacteria,c__Gammaproteobacteria,o__Enterobacterales,f__Alteromonadaceae,g__Pseudoalteromonas,s__Pseudoalteromonas citrea,#C36119,#3D2C2E,#B5B41C,#B77A51,#6448B5,#03B6F1
GCF_008693185,RS_GCF_008693185.1,d__Bacteria,p__Proteobacteria,c__Gammaproteobacteria,o__Pseudomonadales,f__Moraxellaceae,g__Acinetobacter,s__Acinetobacter qingfengensis,#C36119,#3D2C2E,#BF2D93,#607AD4,#8DE132,#40C495
GCF_012927645,RS_GCF_012927645.1,d__Bacteria,p__Proteobacteria,c__Gammaproteobacteria,o__Enterobacterales,f__Alteromonadaceae,g__Pseudoalteromonas,s__Pseudoalteromonas arctica_A,#C36119,#3D2C2E,#B5B41C,#B77A51,#6448B5,#D2A336
GCF_001435295,RS_GCF_001435295.1,d__Bacteria,p__Proteobacteria,c__Gammaproteobacteria,o__Pseudomonadales,f__Moraxellaceae,g__Psychrobacter,s__Psychrobacter sp001435295,#C36119,#3D2C2E,#BF2D93,#607AD4,#67C1DA,#413544
GCF_000829675,RS_GCF_000829675.1,d__Bacteria,p__Proteobacteria,c__Gammaproteobacteria,o__Pseudomonadales,f__Moraxellaceae,g__Acinetobacter,s__Acinetobacter rudis,#C36119,#3D2C2E,#BF2D93,#607AD4,#8DE132,#6A6110
GCF_015627175,RS_GCF_015627175.1,d__Bacteria,p__Proteobacteria,c__Gammaproteobacteria,o__Pseudomonadales,f__Moraxellaceae,g__Acinetobacter,s__Acinetobacter pollinis,#C36119,#3D2C2E,#BF2D93,#607AD4,#8DE132,#0FF424
GCF_000369065,RS_GCF_000369065.1,d__Bacteria,p__Proteobacteria,c__Gammaproteobacteria,o__Pseudomonadales,f__Moraxellaceae,g__Acinetobacter,s__Acinetobacter haemolyticus,#C36119,#3D2C2E,#BF2D93,#607AD4,#8DE132,#0BF181
GCF_001748245,RS_GCF_001748245.1,d__Bacteria,p__Bdellovibrionota,c__Oligoflexia,o__Oligoflexales,f__Oligoflexaceae,g__Oligoflexus,s__Oligoflexus tunisiensis,#9E7E3C,#687CA9,#50596B,#C66FA1,#DE3B2D,#B6FD7A
GCA_013214175,GB_GCA_013214175.1,d__Bacteria,p__Proteobacteria,c__Gammaproteobacteria,o__Enterobacterales,f__Alteromonadaceae,g__Colwellia,s__Colwellia sp013214175,#C36119,#3D2C2E,#B5B41C,#B77A51,#95A7CF,#8B6E29
GCF_014192915,RS_GCF_014192915.1,d__Bacteria,p__Proteobacteria,c__Alphaproteobacteria,o__Azospirillales,f__Azospirillaceae,g__Azospirillum,s__Azospirillum sp014192915,#C36119,#4DC772,#AB728E,#936ED5,#1CF6B0,#3F3BD3
GCF_001315015,RS_GCF_001315015.1,d__Bacteria,p__Proteobacteria,c__Alphaproteobacteria,o__Azospirillales,f__Azospirillaceae,g__Azospirillum,s__Azospirillum brasilense,#C36119,#4DC772,#AB728E,#936ED5,#1CF6B0,#8A2BDE
GCF_900105355,RS_GCF_900105355.1,d__Bacteria,p__Proteobacteria,c__Gammaproteobacteria,o__Pseudomonadales,f__Pseudomonadaceae,g__Pseudomonas_E,s__Pseudomonas_E anguilliseptica,#C36119,#3D2C2E,#BF2D93,#CCDCAC,#D081D3,#3B8C06
GCA_004010935,GB_GCA_004010935.1,d__Bacteria,p__Proteobacteria,c__Gammaproteobacteria,o__Pseudomonadales,f__Pseudomonadaceae,g__Pseudomonas_A,s__Pseudomonas_A sp004010935,#C36119,#3D2C2E,#BF2D93,#CCDCAC,#6ACB2F,#C518CD
GCF_000214215,RS_GCF_000214215.1,d__Bacteria,p__Proteobacteria,c__Gammaproteobacteria,o__Pseudomonadales,f__Marinomonadaceae,g__Marinomonas,s__Marinomonas posidonica,#C36119,#3D2C2E,#BF2D93,#262DE2,#2C063A,#4E854A
GCF_000017285,RS_GCF_000017285.1,d__Bacteria,p__Proteobacteria,c__Gammaproteobacteria,o__Pseudomonadales,f__Marinomonadaceae,g__Marinomonas,s__Marinomonas sp000017285,#C36119,#3D2C2E,#BF2D93,#262DE2,#2C063A,#A7E5E0
GCF_018336955,RS_GCF_018336955.1,d__Bacteria,p__Proteobacteria,c__Gammaproteobacteria,o__Pseudomonadales,f__Marinomonadaceae,g__Marinomonas,s__Marinomonas sp018336955,#C36119,#3D2C2E,#BF2D93,#262DE2,#2C063A,#AC0C93
GCF_005484965,RS_GCF_005484965.1,d__Bacteria,p__Proteobacteria,c__Gammaproteobacteria,o__Enterobacterales,f__Enterobacteriaceae,g__Brenneria,s__Brenneria nigrifluens,#C36119,#3D2C2E,#B5B41C,#020720,#51FA2A,#E1EF0F
GCF_000365305,RS_GCF_000365305.1,d__Bacteria,p__Proteobacteria,c__Gammaproteobacteria,o__Enterobacterales,f__Enterobacteriaceae,g__Dickeya,s__Dickeya dianthicola,#C36119,#3D2C2E,#B5B41C,#020720,#1348CD,#A3D593
GCF_000517265,RS_GCF_000517265.1,d__Bacteria,p__Proteobacteria,c__Gammaproteobacteria,o__Enterobacterales,f__Enterobacteriaceae,g__Photorhabdus,s__Photorhabdus khanii,#C36119,#3D2C2E,#B5B41C,#020720,#C5746E,#D96AD2
GCF_008710095,RS_GCF_008710095.1,d__Bacteria,p__Proteobacteria,c__Gammaproteobacteria,o__Enterobacterales,f__Enterobacteriaceae,g__Affinibrenneria,s__Affinibrenneria salicis,#C36119,#3D2C2E,#B5B41C,#020720,#A1BC90,#C0AE47
GCF_015163665,RS_GCF_015163665.1,d__Bacteria,p__Proteobacteria,c__Gammaproteobacteria,o__Enterobacterales,f__Enterobacteriaceae,g__Xenorhabdus,s__Xenorhabdus sp015163665,#C36119,#3D2C2E,#B5B41C,#020720,#A20E92,#C06A2C
GCF_009914055,RS_GCF_009914055.1,d__Bacteria,p__Proteobacteria,c__Gammaproteobacteria,o__Enterobacterales,f__Enterobacteriaceae,g__Mixta,s__Mixta intestinalis,#C36119,#3D2C2E,#B5B41C,#020720,#8659A8,#02C466
GCF_000968175,RS_GCF_000968175.1,d__Bacteria,p__Proteobacteria,c__Gammaproteobacteria,o__Enterobacterales,f__Enterobacteriaceae,g__Xenorhabdus,s__Xenorhabdus poinarii,#C36119,#3D2C2E,#B5B41C,#020720,#A20E92,#2B515C
GCF_010748935,RS_GCF_010748935.1,d__Bacteria,p__Proteobacteria,c__Gammaproteobacteria,o__Enterobacterales,f__Enterobacteriaceae,g__Providencia,s__Providencia vermicola_A,#C36119,#3D2C2E,#B5B41C,#020720,#005E6E,#7F390D
GCA_000307305,GB_GCA_000307305.1,d__Bacteria,p__Proteobacteria,c__Gammaproteobacteria,o__Enterobacterales,f__Enterobacteriaceae,g__B14,s__B14 sp000307305,#C36119,#3D2C2E,#B5B41C,#020720,#3B799A,#077B2E
GCA_013457415,GB_GCA_013457415.1,d__Bacteria,p__Proteobacteria,c__Gammaproteobacteria,o__Enterobacterales,f__Enterobacteriaceae,g__Rahnella,s__Rahnella sp013457415,#C36119,#3D2C2E,#B5B41C,#020720,#72577C,#22F9F1
GCF_000422085,RS_GCF_000422085.1,d__Bacteria,p__Proteobacteria,c__Gammaproteobacteria,o__Enterobacterales,f__Enterobacteriaceae,g__Serratia,s__Serratia liquefaciens,#C36119,#3D2C2E,#B5B41C,#020720,#006C5D,#5818A1
GCA_002434205,GB_GCA_002434205.1,d__Bacteria,p__Proteobacteria,c__Gammaproteobacteria,o__Enterobacterales,f__Enterobacteriaceae,g__Pantoea,s__Pantoea sp002434205,#C36119,#3D2C2E,#B5B41C,#020720,#C191D3,#7CCE82
GCF_000175935,RS_GCF_000175935.2,d__Bacteria,p__Proteobacteria,c__Gammaproteobacteria,o__Enterobacterales,f__Enterobacteriaceae,g__Pantoea,s__Pantoea sp000175935,#C36119,#3D2C2E,#B5B41C,#020720,#C191D3,#1E2071
GCF_900184095,RS_GCF_900184095.1,d__Bacteria,p__Proteobacteria,c__Gammaproteobacteria,o__Enterobacterales,f__Vibrionaceae,g__Vibrio,s__Vibrio mangrovi,#C36119,#3D2C2E,#B5B41C,#84510C,#CCB77A,#068912
GCF_014189855,RS_GCF_014189855.1,d__Bacteria,p__Proteobacteria,c__Gammaproteobacteria,o__Enterobacterales,f__Enterobacteriaceae,g__Buttiauxella,s__Buttiauxella sp014189855,#C36119,#3D2C2E,#B5B41C,#020720,#03BB99,#7058ED
GCA_000302695,GB_GCA_000302695.1,d__Bacteria,p__Proteobacteria,c__Gammaproteobacteria,o__Enterobacterales,f__Enterobacteriaceae,g__Jejubacter,s__Jejubacter sp000302695,#C36119,#3D2C2E,#B5B41C,#020720,#F58772,#5F9730
GCA_016618195,GB_GCA_016618195.1,d__Bacteria,p__Proteobacteria,c__Gammaproteobacteria,o__Enterobacterales,f__Enterobacteriaceae,g__Providencia,s__Providencia stuartii_A,#C36119,#3D2C2E,#B5B41C,#020720,#005E6E,#F1EEAB
GCA_901456055,GB_GCA_901456055.1,d__Bacteria,p__Proteobacteria,c__Gammaproteobacteria,o__Enterobacterales,f__Enterobacteriaceae,g__Phytobacter,s__Phytobacter ursingii,#C36119,#3D2C2E,#B5B41C,#020720,#5F4DF6,#0AB86B
GCA_002470465,GB_GCA_002470465.1,d__Bacteria,p__Proteobacteria,c__Gammaproteobacteria,o__Enterobacterales,f__Enterobacteriaceae,g__Scandinavium,s__Scandinavium sp002470465,#C36119,#3D2C2E,#B5B41C,#020720,#E612ED,#8CF575
GCA_902706205,GB_GCA_902706205.1,d__Bacteria,p__Proteobacteria,c__Gammaproteobacteria,o__Enterobacterales,f__Enterobacteriaceae,g__Scandinavium,s__Scandinavium sp902706205,#C36119,#3D2C2E,#B5B41C,#020720,#E612ED,#8392A3
GCF_000215745,RS_GCF_000215745.1,d__Bacteria,p__Proteobacteria,c__Gammaproteobacteria,o__Enterobacterales,f__Enterobacteriaceae,g__Klebsiella,s__Klebsiella aerogenes,#C36119,#3D2C2E,#B5B41C,#020720,#8398B2,#BD3FBA
GCF_000026225,RS_GCF_000026225.1,d__Bacteria,p__Proteobacteria,c__Gammaproteobacteria,o__Enterobacterales,f__Enterobacteriaceae,g__Escherichia,s__Escherichia fergusonii,#C36119,#3D2C2E,#B5B41C,#020720,#5C7566,#7E44BF
GCF_018323885,RS_GCF_018323885.1,d__Bacteria,p__Proteobacteria,c__Gammaproteobacteria,o__Enterobacterales,f__Enterobacteriaceae,g__Citrobacter_A,s__Citrobacter_A amalonaticus,#C36119,#3D2C2E,#B5B41C,#020720,#196EA0,#7E915A
GCF_000314895,RS_GCF_000314895.2,d__Bacteria,p__Proteobacteria,c__Gammaproteobacteria,o__Enterobacterales,f__Enterobacteriaceae,g__Providencia,s__Providencia sneebia,#C36119,#3D2C2E,#B5B41C,#020720,#005E6E,#97630D
GCA_000759755,GB_GCA_000759755.1,d__Bacteria,p__Proteobacteria,c__Gammaproteobacteria,o__Enterobacterales,f__Enterobacteriaceae,g__Citrobacter,s__Citrobacter werkmanii,#C36119,#3D2C2E,#B5B41C,#020720,#036506,#50629C
GCF_015709455,RS_GCF_015709455.1,d__Bacteria,p__Proteobacteria,c__Alphaproteobacteria,o__Rhizobiales,f__Beijerinckiaceae,g__Methylosinus,s__Methylosinus sp015709455,#C36119,#4DC772,#4498A7,#C997FE,#C0DCA7,#701482
GCF_000196255,RS_GCF_000196255.1,d__Bacteria,p__Proteobacteria,c__Gammaproteobacteria,o__Enterobacterales,f__Vibrionaceae,g__Photobacterium,s__Photobacterium profundum_A,#C36119,#3D2C2E,#B5B41C,#84510C,#D7728A,#3A80CE
GCF_000972145,RS_GCF_000972145.1,d__Bacteria,p__Proteobacteria,c__Gammaproteobacteria,o__Enterobacterales,f__Vibrionaceae,g__Photobacterium,s__Photobacterium halotolerans_A,#C36119,#3D2C2E,#B5B41C,#84510C,#D7728A,#1CAC57
GCF_015709515,RS_GCF_015709515.1,d__Bacteria,p__Proteobacteria,c__Alphaproteobacteria,o__Rhizobiales,f__Beijerinckiaceae,g__Methylocystis,s__Methylocystis sp015709515,#C36119,#4DC772,#4498A7,#C997FE,#339C68,#A4928F
GCF_000304315,RS_GCF_000304315.1,d__Bacteria,p__Proteobacteria,c__Alphaproteobacteria,o__Rhizobiales,f__Beijerinckiaceae,g__Methylocystis,s__Methylocystis sp000304315,#C36119,#4DC772,#4498A7,#C997FE,#339C68,#8F8432
GCF_002307355,RS_GCF_002307355.1,d__Bacteria,p__Proteobacteria,c__Gammaproteobacteria,o__Enterobacterales,f__Enterobacteriaceae,g__Pectobacterium,s__Pectobacterium polaris,#C36119,#3D2C2E,#B5B41C,#020720,#3DDC03,#9D95C7
GCF_002291445,RS_GCF_002291445.1,d__Bacteria,p__Proteobacteria,c__Gammaproteobacteria,o__Enterobacterales,f__Enterobacteriaceae,g__Brenneria,s__Brenneria goodwinii,#C36119,#3D2C2E,#B5B41C,#020720,#51FA2A,#E43613
GCF_017569925,RS_GCF_017569925.1,d__Bacteria,p__Proteobacteria,c__Gammaproteobacteria,o__Enterobacterales,f__Enterobacteriaceae,g__Brenneria,s__Brenneria izadpanahii,#C36119,#3D2C2E,#B5B41C,#020720,#51FA2A,#917812
GCF_001656035,RS_GCF_001656035.1,d__Bacteria,p__Proteobacteria,c__Gammaproteobacteria,o__Enterobacterales,f__Enterobacteriaceae,g__Yersinia,s__Yersinia entomophaga,#C36119,#3D2C2E,#B5B41C,#020720,#62FC90,#3253B8
GCF_003600645,RS_GCF_003600645.1,d__Bacteria,p__Proteobacteria,c__Gammaproteobacteria,o__Enterobacterales,f__Enterobacteriaceae,g__Yersinia,s__Yersinia rochesterensis,#C36119,#3D2C2E,#B5B41C,#020720,#62FC90,#801D3B
GCF_000312485,RS_GCF_000312485.1,d__Bacteria,p__Proteobacteria,c__Gammaproteobacteria,o__Enterobacterales,f__Enterobacteriaceae,g__Yersinia,s__Yersinia massiliensis,#C36119,#3D2C2E,#B5B41C,#020720,#62FC90,#140BA7
GCF_000014805,RS_GCF_000014805.1,d__Bacteria,p__Proteobacteria,c__Gammaproteobacteria,o__Enterobacterales,f__Aeromonadaceae,g__Aeromonas,s__Aeromonas hydrophila,#C36119,#3D2C2E,#B5B41C,#EBC58C,#700897,#677199
GCF_009746715,RS_GCF_009746715.1,d__Bacteria,p__Proteobacteria,c__Gammaproteobacteria,o__Pseudomonadales,f__Ketobacteraceae,g__Ketobacter,s__Ketobacter sp003667185,#C36119,#3D2C2E,#BF2D93,#ECFBB7,#15FB65,#B87BB5
GCF_000023025,RS_GCF_000023025.1,d__Bacteria,p__Proteobacteria,c__Gammaproteobacteria,o__Pseudomonadales,f__Cellvibrionaceae,g__Teredinibacter,s__Teredinibacter turnerae_B,#C36119,#3D2C2E,#BF2D93,#25D954,#450349,#AD5F7B
GCF_900112305,RS_GCF_900112305.1,d__Bacteria,p__Proteobacteria,c__Gammaproteobacteria,o__Pseudomonadales,f__Cellvibrionaceae,g__Microbulbifer,s__Microbulbifer thermotolerans,#C36119,#3D2C2E,#BF2D93,#25D954,#F67E17,#040327
GCF_900113115,RS_GCF_900113115.1,d__Bacteria,p__Proteobacteria,c__Gammaproteobacteria,o__Burkholderiales,f__Burkholderiaceae,g__Pseudoduganella,s__Pseudoduganella sp900113115,#C36119,#3D2C2E,#C2762C,#4ADBCE,#6CFE8B,#73D68A
GCF_003028855,RS_GCF_003028855.1,d__Bacteria,p__Proteobacteria,c__Gammaproteobacteria,o__Burkholderiales,f__Burkholderiaceae,g__Pseudoduganella,s__Pseudoduganella armeniaca,#C36119,#3D2C2E,#C2762C,#4ADBCE,#6CFE8B,#200F87
GCA_000497835,GB_GCA_000497835.1,d__Bacteria,p__Proteobacteria,c__Gammaproteobacteria,o__Pseudomonadales,f__Pseudomonadaceae,g__Pseudomonas_E,s__Pseudomonas_E sp000497835,#C36119,#3D2C2E,#BF2D93,#CCDCAC,#D081D3,#E5B3A2
GCA_017991555,GB_GCA_017991555.1,d__Bacteria,p__Proteobacteria,c__Gammaproteobacteria,o__Burkholderiales,f__Neisseriaceae,g__JAGNPU01,s__JAGNPU01 sp017991555,#C36119,#3D2C2E,#C2762C,#6A9A8F,#5F93C5,#DF63D6
GCF_014217335,RS_GCF_014217335.1,d__Bacteria,p__Proteobacteria,c__Gammaproteobacteria,o__Pseudomonadales,f__Cellvibrionaceae,g__Teredinibacter,s__Teredinibacter purpureus,#C36119,#3D2C2E,#BF2D93,#25D954,#450349,#FB20CC
GCF_012911865,RS_GCF_012911865.1,d__Bacteria,p__Proteobacteria,c__Gammaproteobacteria,o__Enterobacterales,f__Shewanellaceae,g__Shewanella,s__Shewanella sp012911865,#C36119,#3D2C2E,#B5B41C,#56B930,#A81FD7,#599BF7
GCF_007830255,RS_GCF_007830255.1,d__Bacteria,p__Proteobacteria,c__Gammaproteobacteria,o__Pseudomonadales,f__Pseudomonadaceae,g__Azomonas,s__Azomonas agilis,#C36119,#3D2C2E,#BF2D93,#CCDCAC,#CC40BB,#306DEF
GCA_017425245,GB_GCA_017425245.1,d__Bacteria,p__Proteobacteria,c__Gammaproteobacteria,o__Enterobacterales,f__Neiellaceae,g__RGIG665,s__RGIG665 sp017425245,#C36119,#3D2C2E,#B5B41C,#B631FA,#264C02,#9048D9
GCF_000196875,RS_GCF_000196875.2,d__Bacteria,p__Proteobacteria,c__Gammaproteobacteria,o__Pseudomonadales,f__Halomonadaceae,g__Halomonas,s__Halomonas elongata,#C36119,#3D2C2E,#BF2D93,#27C33C,#A171B0,#39B98A
GCF_006980715,RS_GCF_006980715.1,d__Bacteria,p__Proteobacteria,c__Alphaproteobacteria,o__Rhodospirillales,f__Magnetospirillaceae,g__Oleiliquidispirillum,s__Oleiliquidispirillum nitrogeniifigens,#C36119,#4DC772,#CB273A,#AF367A,#D295BC,#A7B72A
GCA_004551485,GB_GCA_004551485.1,d__Bacteria,p__Proteobacteria,c__Gammaproteobacteria,o__Pseudomonadales,f__Halomonadaceae,g__Halomonas,s__Halomonas azerbaijanica,#C36119,#3D2C2E,#BF2D93,#27C33C,#A171B0,#656C5B
GCF_002879615,RS_GCF_002879615.1,d__Bacteria,p__Proteobacteria,c__Gammaproteobacteria,o__Pseudomonadales,f__Halomonadaceae,g__Halomonas,s__Halomonas endophytica,#C36119,#3D2C2E,#BF2D93,#27C33C,#A171B0,#127F87
GCF_001999245,RS_GCF_001999245.1,d__Bacteria,p__Proteobacteria,c__Alphaproteobacteria,o__Rhizobiales,f__Stappiaceae,g__Roseibium,s__Roseibium aggregatum_A,#C36119,#4DC772,#4498A7,#E4276F,#1389C3,#122094
GCF_900176465,RS_GCF_900176465.1,d__Bacteria,p__Proteobacteria,c__Alphaproteobacteria,o__Rhizobiales,f__Rhizobiaceae,g__Fulvimarina,s__Fulvimarina manganoxydans,#C36119,#4DC772,#4498A7,#1685B3,#9EA223,#854B42
GCF_014635325,RS_GCF_014635325.1,d__Bacteria,p__Proteobacteria,c__Alphaproteobacteria,o__Rhizobiales,f__Xanthobacteraceae,g__Azorhizobium,s__Azorhizobium oxalatiphilum,#C36119,#4DC772,#4498A7,#1F82E0,#30B417,#C77D02
GCF_008330945,RS_GCF_008330945.1,d__Bacteria,p__Proteobacteria,c__Alphaproteobacteria,o__Rhizobiales,f__Labraceae,g__Labrys,s__Labrys sp008330945,#C36119,#4DC772,#4498A7,#D5E760,#2A627D,#2334F9
GCF_003952665,RS_GCF_003952665.1,d__Bacteria,p__Proteobacteria,c__Alphaproteobacteria,o__Rhizobiales,f__Beijerinckiaceae,g__Bosea,s__Bosea sp003952665,#C36119,#4DC772,#4498A7,#C997FE,#782648,#1F7F8D
GCA_000949895,GB_GCA_000949895.1,d__Bacteria,p__Proteobacteria,c__Alphaproteobacteria,o__Rhizobiales,f__Rhizobiaceae,g__Agrobacterium,s__Agrobacterium arsenijevicii,#C36119,#4DC772,#4498A7,#1685B3,#4C761B,#A6F40A
GCF_000007125,RS_GCF_000007125.1,d__Bacteria,p__Proteobacteria,c__Alphaproteobacteria,o__Rhizobiales_A,f__Rhizobiaceae_A,g__Brucella,s__Brucella melitensis,#C36119,#4DC772,#A342BF,#E53FA8,#872973,#2C19F6
GCF_019139675,RS_GCF_019139675.1,d__Bacteria,p__Proteobacteria,c__Gammaproteobacteria,o__Pseudomonadales,f__Pseudomonadaceae,g__Pseudomonas_E,s__Pseudomonas_E sp019139675,#C36119,#3D2C2E,#BF2D93,#CCDCAC,#D081D3,#0A20A4
GCF_014397025,RS_GCF_014397025.1,d__Bacteria,p__Proteobacteria,c__Alphaproteobacteria,o__Rhizobiales_A,f__Rhizobiaceae_A,g__Ochrobactrum_A,s__Ochrobactrum_A sp014397025,#C36119,#4DC772,#A342BF,#E53FA8,#F72C3F,#6F74BA
