Pattern,Match,domain;phyla;class;order;family;genus;species
GCF_000328705,RS_GCF_000328705.1,d__Bacteria;p__Actinobacteriota;c__Actinomycetia;o__Mycobacteriales;f__Pseudonocardiaceae;g__Actinosynnema;s__Actinosynnema espanaense
GCF_900111175,RS_GCF_900111175.1,d__Bacteria;p__Actinobacteriota;c__Actinomycetia;o__Mycobacteriales;f__Pseudonocardiaceae;g__Actinokineospora;s__Actinokineospora terrae
GCF_009687885,RS_GCF_009687885.1,d__Bacteria;p__Actinobacteriota;c__Actinomycetia;o__Streptosporangiales;f__Streptosporangiaceae;g__Acrocarpospora;s__Acrocarpospora pleiomorpha
GCA_014138725,GB_GCA_014138725.1,d__Bacteria;p__Actinobacteriota;c__Actinomycetia;o__Mycobacteriales;f__Pseudonocardiaceae;g__Kutzneria;s__Kutzneria viridogrisea
GCF_000384315,RS_GCF_000384315.1,d__Bacteria;p__Actinobacteriota;c__Actinomycetia;o__Mycobacteriales;f__Pseudonocardiaceae;g__Amycolatopsis;s__Amycolatopsis nigrescens
GCF_011250645,RS_GCF_011250645.1,d__Bacteria;p__Actinobacteriota;c__Actinomycetia;o__Motilibacterales;f__Motilibacteraceae;g__Motilibacter_A;s__Motilibacter_A aurantiacus
GCF_016863135,RS_GCF_016863135.1,d__Bacteria;p__Actinobacteriota;c__Actinomycetia;o__Streptosporangiales;f__Streptosporangiaceae;g__Planobispora;s__Planobispora longispora
GCA_014647935,GB_GCA_014647935.1,d__Bacteria;p__Actinobacteriota;c__Actinomycetia;o__Streptosporangiales;f__Streptosporangiaceae;g__Planomonospora;s__Planomonospora parontospora
GCF_014647895,RS_GCF_014647895.1,d__Bacteria;p__Actinobacteriota;c__Actinomycetia;o__Mycobacteriales;f__Micromonosporaceae;g__Pilimelia;s__Pilimelia anulata
GCF_014764405,RS_GCF_014764405.1,d__Bacteria;p__Actinobacteriota;c__Actinomycetia;o__Mycobacteriales;f__Micromonosporaceae;g__Micromonospora;s__Micromonospora craniellae
GCF_900109355,RS_GCF_900109355.1,d__Bacteria;p__Actinobacteriota;c__Actinomycetia;o__Streptosporangiales;f__Streptosporangiaceae;g__Nonomuraea;s__Nonomuraea pusilla
GCF_014204985,RS_GCF_014204985.1,d__Bacteria;p__Actinobacteriota;c__Actinomycetia;o__Streptosporangiales;f__Streptosporangiaceae;g__Streptosporangium;s__Streptosporangium becharense
GCF_013761175,RS_GCF_013761175.1,d__Bacteria;p__Actinobacteriota;c__Actinomycetia;o__Streptosporangiales;f__Streptosporangiaceae;g__Nonomuraea;s__Nonomuraea soli
GCF_000379465,RS_GCF_000379465.1,d__Bacteria;p__Actinobacteriota;c__Actinomycetia;o__Mycobacteriales;f__Pseudonocardiaceae;g__Sciscionella;s__Sciscionella marina
GCF_017916475,RS_GCF_017916475.1,d__Bacteria;p__Actinobacteriota;c__Thermoleophilia;o__Solirubrobacterales;f__Solirubrobacteraceae;g__Patulibacter;s__Patulibacter sp017916475
GCF_000420025,RS_GCF_000420025.1,d__Bacteria;p__Actinobacteriota;c__Thermoleophilia;o__Solirubrobacterales;f__Solirubrobacteraceae;g__Patulibacter;s__Patulibacter americanus
GCF_003014485,RS_GCF_003014485.1,d__Bacteria;p__Actinobacteriota;c__Actinomycetia;o__Streptosporangiales;f__Streptosporangiaceae;g__Murinocardiopsis;s__Murinocardiopsis flavida
GCF_004323735,RS_GCF_004323735.1,d__Bacteria;p__Actinobacteriota;c__Actinomycetia;o__Streptosporangiales;f__Streptosporangiaceae;g__Streptomonospora;s__Streptomonospora sp004323735
GCF_000341225,RS_GCF_000341225.1,d__Bacteria;p__Actinobacteriota;c__Actinomycetia;o__Streptosporangiales;f__Streptosporangiaceae;g__Nocardiopsis;s__Nocardiopsis alba
GCF_014892575,RS_GCF_014892575.1,d__Bacteria;p__Actinobacteriota;c__Actinomycetia;o__Streptosporangiales;f__Streptosporangiaceae;g__Nocardiopsis;s__Nocardiopsis coralli
GCF_000340985,RS_GCF_000340985.1,d__Bacteria;p__Actinobacteriota;c__Actinomycetia;o__Streptosporangiales;f__Streptosporangiaceae;g__Nocardiopsis;s__Nocardiopsis valliformis
GCF_007559025,RS_GCF_007559025.1,d__Bacteria;p__Actinobacteriota;c__Actinomycetia;o__Mycobacteriales;f__Mycobacteriaceae;g__Tomitella;s__Tomitella sp007559025
GCF_000010305,RS_GCF_000010305.1,d__Bacteria;p__Gemmatimonadota;c__Gemmatimonadetes;o__Gemmatimonadales;f__Gemmatimonadaceae;g__Gemmatimonas;s__Gemmatimonas aurantiaca
GCF_009223885,RS_GCF_009223885.1,d__Bacteria;p__Proteobacteria;c__Alphaproteobacteria;o__Rhizobiales;f__Xanthobacteraceae;g__Ancylobacter;s__Ancylobacter sp009223885
GCA_000378025,GB_GCA_000378025.1,d__Bacteria;p__Proteobacteria;c__Alphaproteobacteria;o__Rhizobiales;f__Xanthobacteraceae;g__Ancylobacter;s__Ancylobacter sp000378025
GCF_003934165,RS_GCF_003934165.1,d__Bacteria;p__Proteobacteria;c__Alphaproteobacteria;o__Rhizobiales;f__Rhizobiaceae;g__Pseudaminobacter;s__Pseudaminobacter arsenicus
GCF_000282595,RS_GCF_000282595.1,d__Bacteria;p__Proteobacteria;c__Alphaproteobacteria;o__Rhizobiales_A;f__Rhizobiaceae_A;g__Phyllobacterium;s__Phyllobacterium sp000282595
GCF_001687365,RS_GCF_001687365.1,d__Bacteria;p__Proteobacteria;c__Alphaproteobacteria;o__Rhizobiales;f__Rhizobiaceae;g__Pararhizobium;s__Pararhizobium polonicum
GCA_017308255,GB_GCA_017308255.1,d__Bacteria;p__Proteobacteria;c__Alphaproteobacteria;o__Sphingomonadales;f__Sphingomonadaceae;g__Croceibacterium;s__Croceibacterium sp001897135
GCF_000421705,RS_GCF_000421705.1,d__Bacteria;p__Proteobacteria;c__Alphaproteobacteria;o__Caulobacterales;f__Caulobacteraceae;g__Brevundimonas;s__Brevundimonas naejangsanensis
GCF_011045115,RS_GCF_011045115.1,d__Bacteria;p__Proteobacteria;c__Alphaproteobacteria;o__Rhizobiales;f__Rhizobiaceae;g__Pseudaminobacter;s__Pseudaminobacter zhangyensis
GCF_003668555,RS_GCF_003668555.1,d__Bacteria;p__Proteobacteria;c__Alphaproteobacteria;o__Rhizobiales;f__Rhizobiaceae;g__Notoacmeibacter;s__Notoacmeibacter ruber
GCF_001402875,RS_GCF_001402875.1,d__Bacteria;p__Proteobacteria;c__Alphaproteobacteria;o__Rhizobiales;f__Xanthobacteraceae;g__Blastochloris;s__Blastochloris viridis
GCF_003173055,RS_GCF_003173055.1,d__Bacteria;p__Proteobacteria;c__Alphaproteobacteria;o__Zavarziniales;f__Zavarziniaceae;g__Zavarzinia;s__Zavarzinia compransoris
GCA_017305055,GB_GCA_017305055.1,d__Bacteria;p__Proteobacteria;c__Gammaproteobacteria;o__Xanthomonadales;f__Rhodanobacteraceae;g__Rhodanobacter;s__Rhodanobacter sp017305055
GCA_002324875,GB_GCA_002324875.1,d__Bacteria;p__Proteobacteria;c__Gammaproteobacteria;o__Xanthomonadales;f__Xanthomonadaceae;g__Luteimonas;s__Luteimonas sp002324875
GCF_001005215,RS_GCF_001005215.1,d__Bacteria;p__Proteobacteria;c__Gammaproteobacteria;o__Burkholderiales;f__Burkholderiaceae;g__Lampropedia;s__Lampropedia cohaerens
GCF_000284595,RS_GCF_000284595.1,d__Bacteria;p__Proteobacteria;c__Gammaproteobacteria;o__Xanthomonadales;f__Xanthomonadaceae;g__Stenotrophomonas;s__Stenotrophomonas maltophilia_F
GCA_014171555,GB_GCA_014171555.1,d__Bacteria;p__Proteobacteria;c__Gammaproteobacteria;o__Xanthomonadales;f__Xanthomonadaceae;g__Stenotrophomonas;s__Stenotrophomonas maltophilia_AK
GCA_002363385,GB_GCA_002363385.1,d__Bacteria;p__Proteobacteria;c__Gammaproteobacteria;o__Xanthomonadales;f__Xanthomonadaceae;g__Stenotrophomonas;s__Stenotrophomonas maltophilia_AN
GCF_001704155,RS_GCF_001704155.1,d__Bacteria;p__Proteobacteria;c__Gammaproteobacteria;o__Xanthomonadales;f__Xanthomonadaceae;g__Stenotrophomonas;s__Stenotrophomonas rhizophila_A
GCF_000661955,RS_GCF_000661955.1,d__Bacteria;p__Proteobacteria;c__Gammaproteobacteria;o__Xanthomonadales;f__Xanthomonadaceae;g__Stenotrophomonas;s__Stenotrophomonas rhizophila
GCF_014126615,RS_GCF_014126615.1,d__Bacteria;p__Proteobacteria;c__Alphaproteobacteria;o__Rhizobiales;f__Rhizobiaceae;g__Allorhizobium;s__Allorhizobium thiooxidans
GCF_013377785,RS_GCF_013377785.1,d__Bacteria;p__Proteobacteria;c__Alphaproteobacteria;o__Rhodobacterales;f__Rhodobacteraceae;g__Ruegeria;s__Ruegeria haliotis
GCF_003591515,RS_GCF_003591515.1,d__Bacteria;p__Proteobacteria;c__Alphaproteobacteria;o__Rhodobacterales;f__Rhodobacteraceae;g__Paracoccus;s__Paracoccus sp003591515
GCF_003007735,RS_GCF_003007735.2,d__Bacteria;p__Proteobacteria;c__Alphaproteobacteria;o__Rhodobacterales;f__Rhodobacteraceae;g__Paracoccus;s__Paracoccus marinus_A
GCF_900313035,RS_GCF_900313035.1,d__Bacteria;p__Proteobacteria;c__Alphaproteobacteria;o__Rhodobacterales;f__Rhodobacteraceae;g__Ruegeria;s__Ruegeria sp900313035
GCF_002847445,RS_GCF_002847445.1,d__Bacteria;p__Proteobacteria;c__Alphaproteobacteria;o__Rhodobacterales;f__Rhodobacteraceae;g__Paracoccus;s__Paracoccus zhejiangensis
GCF_007993065,RS_GCF_007993065.1,d__Bacteria;p__Proteobacteria;c__Alphaproteobacteria;o__Rhodobacterales;f__Rhodobacteraceae;g__Paracoccus;s__Paracoccus aurantiacus
GCF_011308835,RS_GCF_011308835.1,d__Bacteria;p__Proteobacteria;c__Alphaproteobacteria;o__Rhodobacterales;f__Rhodobacteraceae;g__Paracoccus;s__Paracoccus xiamenensis
GCF_013868135,RS_GCF_013868135.1,d__Bacteria;p__Proteobacteria;c__Alphaproteobacteria;o__Rhodobacterales;f__Rhodobacteraceae;g__Paracoccus;s__Paracoccus sp013868135
GCF_900182695,RS_GCF_900182695.1,d__Bacteria;p__Proteobacteria;c__Alphaproteobacteria;o__Rhodobacterales;f__Rhodobacteraceae;g__Paracoccus;s__Paracoccus laeviglucosivorans
GCF_008824185,RS_GCF_008824185.1,d__Bacteria;p__Proteobacteria;c__Alphaproteobacteria;o__Rhodobacterales;f__Rhodobacteraceae;g__Paracoccus;s__Paracoccus pantotrophus
GCF_007830335,RS_GCF_007830335.1,d__Bacteria;p__Proteobacteria;c__Alphaproteobacteria;o__Rhodobacterales;f__Rhodobacteraceae;g__Paracoccus;s__Paracoccus sulfuroxidans
GCF_900108405,RS_GCF_900108405.1,d__Bacteria;p__Proteobacteria;c__Alphaproteobacteria;o__Rhodobacterales;f__Rhodobacteraceae;g__Paracoccus;s__Paracoccus alkenifer
GCF_900172375,RS_GCF_900172375.1,d__Bacteria;p__Proteobacteria;c__Alphaproteobacteria;o__Rhodobacterales;f__Rhodobacteraceae;g__Aquimixticola;s__Aquimixticola soesokkakensis
GCF_900116005,RS_GCF_900116005.1,d__Bacteria;p__Proteobacteria;c__Alphaproteobacteria;o__Rhodobacterales;f__Rhodobacteraceae;g__Poseidonocella;s__Poseidonocella sedimentorum
GCF_002933395,RS_GCF_002933395.1,d__Bacteria;p__Proteobacteria;c__Alphaproteobacteria;o__Rhodobacterales;f__Rhodobacteraceae;g__Yoonia;s__Yoonia maritima_A
GCF_000739715,RS_GCF_000739715.2,d__Bacteria;p__Proteobacteria;c__Alphaproteobacteria;o__Rhodobacterales;f__Rhodobacteraceae;g__Falsirhodobacter;s__Falsirhodobacter sp000739715
GCF_000092985,RS_GCF_000092985.1,d__Bacteria;p__Actinobacteriota;c__Actinomycetia;o__Streptosporangiales;f__Streptosporangiaceae;g__Nocardiopsis;s__Nocardiopsis dassonvillei
GCF_014202425,RS_GCF_014202425.1,d__Bacteria;p__Actinobacteriota;c__Actinomycetia;o__Mycobacteriales;f__Micromonosporaceae;g__Phytomonospora;s__Phytomonospora endophytica
GCF_003432485,RS_GCF_003432485.1,d__Bacteria;p__Actinobacteriota;c__Actinomycetia;o__Streptosporangiales;f__Streptosporangiaceae;g__Spirillospora;s__Spirillospora sp003432485
GCF_004006015,RS_GCF_004006015.1,d__Bacteria;p__Actinobacteriota;c__Actinomycetia;o__Mycobacteriales;f__Mycobacteriaceae;g__X156;s__X156 sp004006015
GCF_012933465,RS_GCF_012933465.1,d__Bacteria;p__Actinobacteriota;c__Actinomycetia;o__Mycobacteriales;f__Pseudonocardiaceae;g__Actinomycetospora;s__Actinomycetospora sp012933465
GCF_004363095,RS_GCF_004363095.1,d__Bacteria;p__Actinobacteriota;c__Actinomycetia;o__Mycobacteriales;f__Pseudonocardiaceae;g__Actinomycetospora;s__Actinomycetospora succinea
GCF_003096675,RS_GCF_003096675.1,d__Bacteria;p__Actinobacteriota;c__Actinomycetia;o__Mycobacteriales;f__Pseudonocardiaceae;g__Actinomycetospora;s__Actinomycetospora cinnamomea
GCF_000620785,RS_GCF_000620785.1,d__Bacteria;p__Actinobacteriota;c__Actinomycetia;o__Mycobacteriales;f__Pseudonocardiaceae;g__Pseudonocardia;s__Pseudonocardia acaciae
GCF_000429025,RS_GCF_000429025.1,d__Bacteria;p__Actinobacteriota;c__Actinomycetia;o__Mycobacteriales;f__Pseudonocardiaceae;g__Pseudonocardia;s__Pseudonocardia spinosispora
GCF_002262885,RS_GCF_002262885.1,d__Bacteria;p__Actinobacteriota;c__Actinomycetia;o__Mycobacteriales;f__Pseudonocardiaceae;g__Pseudonocardia;s__Pseudonocardia sp002262885
GCF_004217185,RS_GCF_004217185.1,d__Bacteria;p__Actinobacteriota;c__Actinomycetia;o__Mycobacteriales;f__Pseudonocardiaceae;g__Pseudonocardia;s__Pseudonocardia sediminis
GCF_001420995,RS_GCF_001420995.1,d__Bacteria;p__Actinobacteriota;c__Actinomycetia;o__Mycobacteriales;f__Pseudonocardiaceae;g__Pseudonocardia;s__Pseudonocardia sp001420995
GCF_000717175,RS_GCF_000717175.1,d__Bacteria;p__Actinobacteriota;c__Actinomycetia;o__Mycobacteriales;f__Pseudonocardiaceae;g__Pseudonocardia;s__Pseudonocardia autotrophica_A
GCF_018885265,RS_GCF_018885265.1,d__Bacteria;p__Actinobacteriota;c__Actinomycetia;o__Mycobacteriales;f__Pseudonocardiaceae;g__Amycolatopsis_D;s__Amycolatopsis_D sp018885265
GCF_000024545,RS_GCF_000024545.1,d__Bacteria;p__Actinobacteriota;c__Actinomycetia;o__Mycobacteriales;f__Micromonosporaceae;g__Stackebrandtia;s__Stackebrandtia nassauensis
GCF_016925535,RS_GCF_016925535.1,d__Bacteria;p__Actinobacteriota;c__Actinomycetia;o__Mycobacteriales;f__Micromonosporaceae;g__Natronoglycomyces;s__Natronoglycomyces albus
GCF_013410405,RS_GCF_013410405.1,d__Bacteria;p__Actinobacteriota;c__Actinomycetia;o__Mycobacteriales;f__Pseudonocardiaceae;g__Amycolatopsis;s__Amycolatopsis endophytica
GCF_002240355,RS_GCF_002240355.1,d__Bacteria;p__Actinobacteriota;c__Actinomycetia;o__Mycobacteriales;f__Pseudonocardiaceae;g__Saccharomonospora;s__Saccharomonospora marina_A
GCF_007713735,RS_GCF_007713735.2,d__Bacteria;p__Actinobacteriota;c__Actinomycetia;o__Mycobacteriales;f__Pseudonocardiaceae;g__Amycolatopsis;s__Amycolatopsis acidicola
GCF_000197735,RS_GCF_000197735.1,d__Bacteria;p__Actinobacteriota;c__Actinomycetia;o__Actinomycetales;f__Micrococcaceae;g__Glutamicibacter;s__Glutamicibacter arilaitensis
GCF_006539925,RS_GCF_006539925.1,d__Bacteria;p__Actinobacteriota;c__Actinomycetia;o__Actinomycetales;f__Micrococcaceae;g__Glutamicibacter;s__Glutamicibacter uratoxydans
GCF_009932475,RS_GCF_009932475.1,d__Bacteria;p__Actinobacteriota;c__Actinomycetia;o__Mycobacteriales;f__Mycobacteriaceae;g__Gordonia;s__Gordonia spumicola
GCF_014197435,RS_GCF_014197435.1,d__Bacteria;p__Actinobacteriota;c__Actinomycetia;o__Mycobacteriales;f__Mycobacteriaceae;g__Gordonia;s__Gordonia humi
GCF_001424195,RS_GCF_001424195.1,d__Bacteria;p__Actinobacteriota;c__Actinomycetia;o__Actinomycetales;f__Cellulomonadaceae;g__Cellulomonas;s__Cellulomonas sp001424195
GCF_000799285,RS_GCF_000799285.1,d__Bacteria;p__Actinobacteriota;c__Actinomycetia;o__Actinomycetales;f__Microbacteriaceae;g__Microterricola;s__Microterricola sp000799285
GCF_009708005,RS_GCF_009708005.2,d__Bacteria;p__Actinobacteriota;c__Actinomycetia;o__Actinomycetales;f__Cellulomonadaceae;g__Cellulosimicrobium;s__Cellulosimicrobium sp009708005
GCF_005937995,RS_GCF_005937995.2,d__Bacteria;p__Actinobacteriota;c__Actinomycetia;o__Actinomycetales;f__Cellulomonadaceae;g__Oerskovia;s__Oerskovia sp005937995
GCF_006494775,RS_GCF_006494775.1,d__Bacteria;p__Actinobacteriota;c__Actinomycetia;o__Propionibacteriales;f__Nocardioidaceae;g__Nocardioides;s__Nocardioides humi
GCF_000422745,RS_GCF_000422745.1,d__Bacteria;p__Actinobacteriota;c__Actinomycetia;o__Actinomycetales;f__Microbacteriaceae;g__Microbacterium;s__Microbacterium gubbeenense
GCF_002994655,RS_GCF_002994655.1,d__Bacteria;p__Actinobacteriota;c__Actinomycetia;o__Mycobacteriales;f__Mycobacteriaceae;g__Corynebacterium;s__Corynebacterium sp002994655
GCF_006539885,RS_GCF_006539885.1,d__Bacteria;p__Actinobacteriota;c__Actinomycetia;o__Actinomycetales;f__Micrococcaceae;g__Kocuria;s__Kocuria varians
GCA_019115985,GB_GCA_019115985.1,d__Bacteria;p__Actinobacteriota;c__Actinomycetia;o__Actinomycetales;f__Micrococcaceae;g__Rothia;s__Rothia avicola
GCF_002087015,RS_GCF_002087015.1,d__Bacteria;p__Actinobacteriota;c__Actinomycetia;o__Actinomycetales;f__Micrococcaceae;g__Rothia;s__Rothia nasimurium_A
GCF_900163835,RS_GCF_900163835.1,d__Bacteria;p__Actinobacteriota;c__Actinomycetia;o__Actinomycetales;f__Microbacteriaceae;g__Mycetocola_B;s__Mycetocola_B reblochoni
GCF_013394385,RS_GCF_013394385.1,d__Bacteria;p__Actinobacteriota;c__Actinomycetia;o__Actinomycetales;f__Micrococcaceae;g__Rothia;s__Rothia sp004136585
GCF_004010955,RS_GCF_004010955.1,d__Bacteria;p__Actinobacteriota;c__Actinomycetia;o__Actinomycetales;f__Actinomycetaceae;g__Actinomyces;s__Actinomyces wuliandei
GCF_000737325,RS_GCF_000737325.1,d__Bacteria;p__Myxococcota;c__Polyangia;o__Polyangiales;f__Sandaracinaceae;g__Sandaracinus;s__Sandaracinus amylolyticus
GCA_017644045,GB_GCA_017644045.1,d__Bacteria;p__Myxococcota;c__Polyangia;o__Polyangiales;f__SG8-38;g__UBA1660;s__UBA1660 sp017644045
GCF_003813985,RS_GCF_003813985.1,d__Bacteria;p__Actinobacteriota;c__Actinomycetia;o__Mycobacteriales;f__Mycobacteriaceae;g__Corynebacterium;s__Corynebacterium geronticis
GCF_016342265,RS_GCF_016342265.1,d__Bacteria;p__Actinobacteriota;c__Actinomycetia;o__Mycobacteriales;f__Mycobacteriaceae;g__Corynebacterium;s__Corynebacterium sp016342265
GCF_000375525,RS_GCF_000375525.1,d__Bacteria;p__Actinobacteriota;c__Actinomycetia;o__Mycobacteriales;f__Mycobacteriaceae;g__Corynebacterium;s__Corynebacterium propinquum
GCF_011612265,RS_GCF_011612265.2,d__Bacteria;p__Actinobacteriota;c__Actinomycetia;o__Mycobacteriales;f__Mycobacteriaceae;g__Corynebacterium;s__Corynebacterium matruchotii
GCF_001941565,RS_GCF_001941565.1,d__Bacteria;p__Actinobacteriota;c__Actinomycetia;o__Mycobacteriales;f__Mycobacteriaceae;g__Corynebacterium;s__Corynebacterium phocae
GCF_000341795,RS_GCF_000341795.1,d__Bacteria;p__Actinobacteriota;c__Actinomycetia;o__Mycobacteriales;f__Mycobacteriaceae;g__Rhodococcus;s__Rhodococcus triatomae_A
GCF_007176755,RS_GCF_007176755.1,d__Bacteria;p__Actinobacteriota;c__Actinomycetia;o__Streptomycetales;f__Streptomycetaceae;g__Streptomyces;s__Streptomyces sp007176755
GCF_000308515,RS_GCF_000308515.1,d__Bacteria;p__Actinobacteriota;c__Actinomycetia;o__Mycobacteriales;f__Mycobacteriaceae;g__Nocardia;s__Nocardia carnea
GCF_001613205,RS_GCF_001613205.1,d__Bacteria;p__Actinobacteriota;c__Actinomycetia;o__Mycobacteriales;f__Mycobacteriaceae;g__Nocardia;s__Nocardia sienata
GCF_000308635,RS_GCF_000308635.1,d__Bacteria;p__Actinobacteriota;c__Actinomycetia;o__Mycobacteriales;f__Mycobacteriaceae;g__Nocardia;s__Nocardia otitidiscaviarum
GCF_001612945,RS_GCF_001612945.1,d__Bacteria;p__Actinobacteriota;c__Actinomycetia;o__Mycobacteriales;f__Mycobacteriaceae;g__Nocardia;s__Nocardia inohanensis
GCF_001612665,RS_GCF_001612665.1,d__Bacteria;p__Actinobacteriota;c__Actinomycetia;o__Mycobacteriales;f__Mycobacteriaceae;g__Nocardia;s__Nocardia alba
GCF_017876675,RS_GCF_017876675.1,d__Bacteria;p__Actinobacteriota;c__Actinomycetia;o__Actinomycetales;f__Micrococcaceae;g__Specibacter;s__Specibacter stackebrandtii
GCF_002909445,RS_GCF_002909445.1,d__Bacteria;p__Actinobacteriota;c__Actinomycetia;o__Actinomycetales;f__Micrococcaceae;g__Specibacter;s__Specibacter glacialis
GCF_007558825,RS_GCF_007558825.1,d__Bacteria;p__Actinobacteriota;c__Actinomycetia;o__Actinomycetales;f__Brevibacteriaceae;g__Brevibacterium;s__Brevibacterium aurantiacum_A
GCF_002797495,RS_GCF_002797495.1,d__Bacteria;p__Actinobacteriota;c__Actinomycetia;o__Propionibacteriales;f__Nocardioidaceae;g__Mumia;s__Mumia flava
GCF_000270245,RS_GCF_000270245.1,d__Bacteria;p__Actinobacteriota;c__Actinomycetia;o__Propionibacteriales;f__Propionibacteriaceae;g__Microlunatus;s__Microlunatus phosphovorus
GCF_009557055,RS_GCF_009557055.1,d__Bacteria;p__Actinobacteriota;c__Actinomycetia;o__Propionibacteriales;f__Nocardioidaceae;g__Nocardioides;s__Nocardioides sp009557055
GCF_013868155,RS_GCF_013868155.1,d__Bacteria;p__Actinobacteriota;c__Actinomycetia;o__Propionibacteriales;f__Nocardioidaceae;g__Aeromicrobium;s__Aeromicrobium phoceense
GCF_004135385,RS_GCF_004135385.1,d__Bacteria;p__Actinobacteriota;c__Actinomycetia;o__Actinomycetales;f__Cellulomonadaceae;g__Xylanimonas;s__Xylanimonas sp004135385
GCF_001046855,RS_GCF_001046855.1,d__Bacteria;p__Actinobacteriota;c__Actinomycetia;o__Actinomycetales;f__Dermatophilaceae;g__Tetrasphaera;s__Tetrasphaera japonica
GCF_000708885,RS_GCF_000708885.1,d__Bacteria;p__Actinobacteriota;c__Actinomycetia;o__Actinomycetales;f__Cellulomonadaceae;g__Cellulomonas;s__Cellulomonas sp000708885
GCA_013693815,GB_GCA_013693815.1,d__Bacteria;p__Actinobacteriota;c__Actinomycetia;o__Propionibacteriales;f__Nocardioidaceae;g__SSC3;s__SSC3 sp013693815
GCF_016918035,RS_GCF_016918035.1,d__Bacteria;p__Actinobacteriota;c__Actinomycetia;o__Mycobacteriales;f__Nakamurellaceae;g__Nakamurella;s__Nakamurella sp016918035
GCF_001941505,RS_GCF_001941505.1,d__Bacteria;p__Actinobacteriota;c__Actinomycetia;o__Mycobacteriales;f__Mycobacteriaceae;g__Corynebacterium;s__Corynebacterium sphenisci
GCF_000092225,RS_GCF_000092225.1,d__Bacteria;p__Actinobacteriota;c__Actinomycetia;o__Mycobacteriales;f__Mycobacteriaceae;g__Tsukamurella;s__Tsukamurella paurometabola
GCF_900104775,RS_GCF_900104775.1,d__Bacteria;p__Actinobacteriota;c__Actinomycetia;o__Mycobacteriales;f__Mycobacteriaceae;g__Tsukamurella;s__Tsukamurella tyrosinosolvens
GCF_001552615,RS_GCF_001552615.1,d__Bacteria;p__Actinobacteriota;c__Actinomycetia;o__Mycobacteriales;f__Mycobacteriaceae;g__Millisia;s__Millisia brevis
GCF_016598535,RS_GCF_016598535.1,d__Bacteria;p__Actinobacteriota;c__Actinomycetia;o__Mycobacteriales;f__Mycobacteriaceae;g__Rhodococcus;s__Rhodococcus erythropolis_D
GCF_002245895,RS_GCF_002245895.1,d__Bacteria;p__Actinobacteriota;c__Actinomycetia;o__Mycobacteriales;f__Mycobacteriaceae;g__Rhodococcus;s__Rhodococcus sp002245895
GCF_000010805,RS_GCF_000010805.1,d__Bacteria;p__Actinobacteriota;c__Actinomycetia;o__Mycobacteriales;f__Mycobacteriaceae;g__Rhodococcus;s__Rhodococcus opacus_C
GCF_000738775,RS_GCF_000738775.1,d__Bacteria;p__Actinobacteriota;c__Actinomycetia;o__Mycobacteriales;f__Mycobacteriaceae;g__Rhodococcus;s__Rhodococcus defluvii
GCF_000214175,RS_GCF_000214175.1,d__Bacteria;p__Actinobacteriota;c__Actinomycetia;o__Mycobacteriales;f__Mycobacteriaceae;g__Hoyosella;s__Hoyosella subflava
GCF_014643175,RS_GCF_014643175.1,d__Bacteria;p__Actinobacteriota;c__Actinomycetia;o__Mycobacteriales;f__Mycobacteriaceae;g__Hoyosella;s__Hoyosella rhizosphaerae
GCF_005484805,RS_GCF_005484805.1,d__Bacteria;p__Actinobacteriota;c__Actinomycetia;o__Mycobacteriales;f__Mycobacteriaceae;g__Rhodococcus;s__Rhodococcus sp005484805
GCA_012729135,GB_GCA_012729135.1,d__Bacteria;p__Actinobacteriota;c__Actinomycetia;o__Mycobacteriales;f__Mycobacteriaceae;g__Rhodococcus;s__Rhodococcus sp012729135
GCF_001895025,RS_GCF_001895025.1,d__Bacteria;p__Actinobacteriota;c__Actinomycetia;o__Mycobacteriales;f__Mycobacteriaceae;g__Rhodococcus;s__Rhodococcus zopfii
GCF_012726195,RS_GCF_012726195.1,d__Bacteria;p__Actinobacteriota;c__Actinomycetia;o__Mycobacteriales;f__Mycobacteriaceae;g__Rhodococcus;s__Rhodococcus sp012726195
GCF_000023245,RS_GCF_000023245.1,d__Bacteria;p__Actinobacteriota;c__Actinomycetia;o__Mycobacteriales;f__Pseudonocardiaceae;g__Actinosynnema;s__Actinosynnema mirum
GCF_000342005,RS_GCF_000342005.1,d__Bacteria;p__Actinobacteriota;c__Actinomycetia;o__Mycobacteriales;f__Pseudonocardiaceae;g__Amycolatopsis;s__Amycolatopsis decaplanina
GCF_003325375,RS_GCF_003325375.1,d__Bacteria;p__Actinobacteriota;c__Actinomycetia;o__Streptomycetales;f__Streptomycetaceae;g__Streptomyces;s__Streptomyces globosus
GCF_001552215,RS_GCF_001552215.1,d__Bacteria;p__Actinobacteriota;c__Actinomycetia;o__Streptosporangiales;f__Streptosporangiaceae;g__Spirillospora;s__Spirillospora macra
GCF_000826545,RS_GCF_000826545.1,d__Bacteria;p__Actinobacteriota;c__Actinomycetia;o__Mycobacteriales;f__Pseudonocardiaceae;g__Kibdelosporangium;s__Kibdelosporangium sp000826545
GCF_001302585,RS_GCF_001302585.1,d__Bacteria;p__Actinobacteriota;c__Actinomycetia;o__Mycobacteriales;f__Pseudonocardiaceae;g__Kibdelosporangium;s__Kibdelosporangium phytohabitans
GCF_000244975,RS_GCF_000244975.1,d__Bacteria;p__Actinobacteriota;c__Actinomycetia;o__Mycobacteriales;f__Pseudonocardiaceae;g__Saccharomonospora;s__Saccharomonospora cyanea
GCF_015910535,RS_GCF_015910535.1,d__Bacteria;p__Actinobacteriota;c__Actinomycetia;o__Mycobacteriales;f__Pseudonocardiaceae;g__Saccharomonospora;s__Saccharomonospora sp015910535
GCF_014203835,RS_GCF_014203835.1,d__Bacteria;p__Actinobacteriota;c__Actinomycetia;o__Mycobacteriales;f__Micromonosporaceae;g__Micromonospora_H;s__Micromonospora_H polyrhachis
GCF_014647515,RS_GCF_014647515.1,d__Bacteria;p__Actinobacteriota;c__Actinomycetia;o__Mycobacteriales;f__Micromonosporaceae;g__Dactylosporangium;s__Dactylosporangium sucinum
GCF_002285795,RS_GCF_002285795.1,d__Bacteria;p__Actinobacteriota;c__Actinomycetia;o__Mycobacteriales;f__Micromonosporaceae;g__KBS50;s__KBS50 sp002285795
GCF_014646155,RS_GCF_014646155.1,d__Bacteria;p__Actinobacteriota;c__Actinomycetia;o__Mycobacteriales;f__Micromonosporaceae;g__Actinoplanes;s__Actinoplanes endophyticus
GCA_000721375,GB_GCA_000721375.1,d__Bacteria;p__Actinobacteriota;c__Actinomycetia;o__Streptomycetales;f__Streptomycetaceae;g__Streptomyces;s__Streptomyces sp000721375
GCA_018114805,GB_GCA_018114805.1,d__Bacteria;p__Actinobacteriota;c__Actinomycetia;o__Streptomycetales;f__Streptomycetaceae;g__Streptomyces;s__Streptomyces philanthi
GCF_006539165,RS_GCF_006539165.1,d__Bacteria;p__Actinobacteriota;c__Actinomycetia;o__Streptomycetales;f__Streptomycetaceae;g__Streptomyces;s__Streptomyces cacaoi
GCF_012726265,RS_GCF_012726265.1,d__Bacteria;p__Actinobacteriota;c__Actinomycetia;o__Streptomycetales;f__Streptomycetaceae;g__Streptomyces;s__Streptomyces sp012726265
GCF_014648775,RS_GCF_014648775.1,d__Bacteria;p__Actinobacteriota;c__Actinomycetia;o__Streptomycetales;f__Streptomycetaceae;g__Streptomyces;s__Streptomyces abikoensis
GCF_014650335,RS_GCF_014650335.1,d__Bacteria;p__Actinobacteriota;c__Actinomycetia;o__Streptomycetales;f__Streptomycetaceae;g__Streptomyces;s__Streptomyces hiroshimensis
GCF_017876625,RS_GCF_017876625.1,d__Bacteria;p__Actinobacteriota;c__Actinomycetia;o__Streptomycetales;f__Streptomycetaceae;g__Streptomyces;s__Streptomyces syringium
GCF_003391135,RS_GCF_003391135.1,d__Bacteria;p__Actinobacteriota;c__Actinomycetia;o__Streptomycetales;f__Streptomycetaceae;g__Streptomyces;s__Streptomyces olivoreticuli
GCF_015999245,RS_GCF_015999245.1,d__Bacteria;p__Actinobacteriota;c__Actinomycetia;o__Streptomycetales;f__Streptomycetaceae;g__Streptomyces;s__Streptomyces sp015999245
GCF_017916255,RS_GCF_017916255.1,d__Bacteria;p__Actinobacteriota;c__Actinomycetia;o__Streptomycetales;f__Streptomycetaceae;g__Streptomyces;s__Streptomyces mobaraensis
GCF_013055795,RS_GCF_013055795.1,d__Bacteria;p__Actinobacteriota;c__Actinomycetia;o__Streptomycetales;f__Streptomycetaceae;g__Streptomyces;s__Streptomyces sp013055795
GCF_014083985,RS_GCF_014083985.1,d__Bacteria;p__Actinobacteriota;c__Actinomycetia;o__Streptomycetales;f__Streptomycetaceae;g__SCUT-3;s__SCUT-3 sp014083985
GCF_002711365,RS_GCF_002711365.1,d__Bacteria;p__Actinobacteriota;c__Actinomycetia;o__Streptomycetales;f__Streptomycetaceae;g__Streptomyces;s__Streptomyces sp002711365
GCF_003574445,RS_GCF_003574445.1,d__Bacteria;p__Actinobacteriota;c__Actinomycetia;o__Streptomycetales;f__Streptomycetaceae;g__Streptomyces;s__Streptomyces sp003574445
GCF_000262345,RS_GCF_000262345.1,d__Bacteria;p__Actinobacteriota;c__Actinomycetia;o__Streptomycetales;f__Streptomycetaceae;g__Streptomyces;s__Streptomyces xiaopingdaonensis
GCF_013085465,RS_GCF_013085465.1,d__Bacteria;p__Actinobacteriota;c__Actinomycetia;o__Streptomycetales;f__Streptomycetaceae;g__Streptomyces;s__Streptomyces cacaoi_A
GCF_014656195,RS_GCF_014656195.1,d__Bacteria;p__Actinobacteriota;c__Actinomycetia;o__Streptomycetales;f__Streptomycetaceae;g__Kitasatospora;s__Kitasatospora xanthocidica
GCF_003967355,RS_GCF_003967355.1,d__Bacteria;p__Actinobacteriota;c__Actinomycetia;o__Streptomycetales;f__Streptomycetaceae;g__Embleya;s__Embleya hyalina
GCF_000372745,RS_GCF_000372745.1,d__Bacteria;p__Actinobacteriota;c__Actinomycetia;o__Streptomycetales;f__Streptomycetaceae;g__Embleya;s__Embleya scabrispora
GCF_007595705,RS_GCF_007595705.1,d__Bacteria;p__Actinobacteriota;c__Actinomycetia;o__Streptomycetales;f__Streptomycetaceae;g__Streptomyces;s__Streptomyces sp007595705
GCF_012273655,RS_GCF_012273655.1,d__Bacteria;p__Actinobacteriota;c__Actinomycetia;o__Streptomycetales;f__Streptomycetaceae;g__Streptomyces;s__Streptomyces physcomitrii
GCF_002556545,RS_GCF_002556545.1,d__Bacteria;p__Actinobacteriota;c__Actinomycetia;o__Streptomycetales;f__Streptomycetaceae;g__Streptomyces;s__Streptomyces formicae
GCF_003865135,RS_GCF_003865135.1,d__Bacteria;p__Actinobacteriota;c__Actinomycetia;o__Streptomycetales;f__Streptomycetaceae;g__Streptomyces;s__Streptomyces chrestomyceticus
GCF_003626535,RS_GCF_003626535.1,d__Bacteria;p__Actinobacteriota;c__Actinomycetia;o__Streptomycetales;f__Streptomycetaceae;g__Streptomyces;s__Streptomyces hoynatensis
GCF_900091725,RS_GCF_900091725.1,d__Bacteria;p__Actinobacteriota;c__Actinomycetia;o__Streptomycetales;f__Streptomycetaceae;g__Streptomyces;s__Streptomyces sp900091725
GCA_014649555,GB_GCA_014649555.1,d__Bacteria;p__Actinobacteriota;c__Actinomycetia;o__Streptomycetales;f__Streptomycetaceae;g__Streptomyces;s__Streptomyces globisporus
GCF_014645795,RS_GCF_014645795.1,d__Bacteria;p__Actinobacteriota;c__Actinomycetia;o__Mycobacteriales;f__Pseudonocardiaceae;g__Longimycelium;s__Longimycelium tulufanense
GCF_000165485,RS_GCF_000165485.1,d__Bacteria;p__Myxococcota;c__Myxococcia;o__Myxococcales;f__Myxococcaceae;g__Stigmatella;s__Stigmatella aurantiaca_A
GCF_014930455,RS_GCF_014930455.1,d__Bacteria;p__Myxococcota;c__Myxococcia;o__Myxococcales;f__Myxococcaceae;g__Corallococcus;s__Corallococcus sp014930455
GCF_000255295,RS_GCF_000255295.1,d__Bacteria;p__Myxococcota;c__Myxococcia;o__Myxococcales;f__Myxococcaceae;g__Corallococcus;s__Corallococcus coralloides
GCF_000576635,RS_GCF_000576635.1,d__Bacteria;p__Proteobacteria;c__Alphaproteobacteria;o__Azospirillales;f__Azospirillaceae;g__Skermanella;s__Skermanella stibiiresistens
GCF_006402735,RS_GCF_006402735.1,d__Bacteria;p__Myxococcota;c__Myxococcia;o__Myxococcales;f__Myxococcaceae;g__Myxococcus;s__Myxococcus xanthus_A
GCF_000331735,RS_GCF_000331735.1,d__Bacteria;p__Myxococcota;c__Myxococcia;o__Myxococcales;f__Myxococcaceae;g__Myxococcus;s__Myxococcus stipitatus
GCF_010894455,RS_GCF_010894455.1,d__Bacteria;p__Myxococcota;c__Myxococcia;o__Myxococcales;f__Myxococcaceae;g__Myxococcus;s__Myxococcus eversor
GCF_014253015,RS_GCF_014253015.1,d__Bacteria;p__Actinobacteriota;c__Actinomycetia;o__Streptomycetales;f__Streptomycetaceae;g__Streptomyces;s__Streptomyces sp014253015
GCF_013744875,RS_GCF_013744875.1,d__Bacteria;p__Actinobacteriota;c__Actinomycetia;o__Mycobacteriales;f__Mycobacteriaceae;g__Nocardia;s__Nocardia sp013744875
GCF_004135735,RS_GCF_004135735.1,d__Bacteria;p__Myxococcota;c__Polyangia;o__Polyangiales;f__Polyangiaceae;g__Sorangium;s__Sorangium cellulosum_F
GCF_000067165,RS_GCF_000067165.1,d__Bacteria;p__Myxococcota;c__Polyangia;o__Polyangiales;f__Polyangiaceae;g__Sorangium;s__Sorangium cellulosum_B
GCF_005144585,RS_GCF_005144585.1,d__Bacteria;p__Myxococcota;c__Polyangia;o__Polyangiales;f__Polyangiaceae;g__Polyangium;s__Polyangium fumosum
GCF_009649845,RS_GCF_009649845.1,d__Bacteria;p__Myxococcota;c__Polyangia;o__Polyangiales;f__Polyangiaceae;g__Polyangium;s__Polyangium spumosum
GCF_000739915,RS_GCF_000739915.1,d__Bacteria;p__Firmicutes;c__Bacilli;o__Paenibacillales;f__NBRC-103111;g__Paenibacillus_F;s__Paenibacillus_F chitinolyticus
GCF_000024805,RS_GCF_000024805.1,d__Bacteria;p__Myxococcota;c__Polyangia;o__Haliangiales;f__Haliangiaceae;g__Haliangium;s__Haliangium ochraceum
GCF_000203915,RS_GCF_000203915.1,d__Bacteria;p__Proteobacteria;c__Gammaproteobacteria;o__Burkholderiales;f__Burkholderiaceae;g__Burkholderia;s__Burkholderia ambifaria
GCF_902830275,RS_GCF_902830275.1,d__Bacteria;p__Proteobacteria;c__Gammaproteobacteria;o__Burkholderiales;f__Burkholderiaceae;g__Burkholderia;s__Burkholderia stagnalis
GCF_000012985,RS_GCF_000012985.1,d__Bacteria;p__Proteobacteria;c__Gammaproteobacteria;o__Pseudomonadales;f__Oleiphilaceae;g__Hahella;s__Hahella chejuensis
GCF_006496635,RS_GCF_006496635.1,d__Bacteria;p__Proteobacteria;c__Gammaproteobacteria;o__Burkholderiales;f__Rhodocyclaceae;g__Azoarcus;s__Azoarcus sp006496635
GCF_000969645,RS_GCF_000969645.2,d__Bacteria;p__Proteobacteria;c__Gammaproteobacteria;o__Burkholderiales;f__Chitinibacteraceae;g__Iodobacter;s__Iodobacter sp000969645
GCA_000018565,GB_GCA_000018565.1,d__Bacteria;p__Chloroflexota;c__Chloroflexia;o__Chloroflexales;f__Herpetosiphonaceae;g__Herpetosiphon;s__Herpetosiphon aurantiacus
GCF_000155595,RS_GCF_000155595.1,d__Bacteria;p__Cyanobacteria;c__Cyanobacteriia;o__Phormidesmiales;f__Phormidesmiaceae;g__Phormidesmis;s__Phormidesmis sp000155595
GCF_003339525,RS_GCF_003339525.1,d__Bacteria;p__Proteobacteria;c__Gammaproteobacteria;o__Burkholderiales;f__Burkholderiaceae;g__Hydromonas;s__Hydromonas cinctiostellae
GCF_003399765,RS_GCF_003399765.1,d__Bacteria;p__Proteobacteria;c__Gammaproteobacteria;o__Nitrococcales;f__AK92;g__AK92;s__AK92 sp003399765
GCF_001648175,RS_GCF_001648175.1,d__Bacteria;p__Proteobacteria;c__Gammaproteobacteria;o__Pseudomonadales;f__Halomonadaceae;g__Halotalea;s__Halotalea alkalilenta_A
GCF_001592225,RS_GCF_001592225.1,d__Bacteria;p__Proteobacteria;c__Gammaproteobacteria;o__Burkholderiales;f__Burkholderiaceae;g__Castellaniella;s__Castellaniella caeni
GCF_014652815,RS_GCF_014652815.1,d__Bacteria;p__Proteobacteria;c__Gammaproteobacteria;o__Burkholderiales;f__Burkholderiaceae;g__Alcaligenes;s__Alcaligenes pakistanensis
GCA_013416395,GB_GCA_013416395.1,d__Bacteria;p__Proteobacteria;c__Gammaproteobacteria;o__Burkholderiales;f__Burkholderiaceae;g__Pusillimonas_B;s__Pusillimonas_B sp013416395
GCF_011290505,RS_GCF_011290505.1,d__Bacteria;p__Proteobacteria;c__Gammaproteobacteria;o__Burkholderiales;f__Burkholderiaceae;g__Paenalcaligenes;s__Paenalcaligenes suwonensis
GCA_016716085,GB_GCA_016716085.1,d__Bacteria;p__Proteobacteria;c__Gammaproteobacteria;o__Pseudomonadales;f__Oleiphilaceae;g__JADJWY01;s__JADJWY01 sp016716085
GCA_003671495,GB_GCA_003671495.1,d__Bacteria;p__Proteobacteria;c__Gammaproteobacteria;o__Pseudomonadales;f__Ketobacteraceae;g__Ketobacter;s__Ketobacter sp003671495
GCF_000482785,RS_GCF_000482785.1,d__Bacteria;p__Proteobacteria;c__Gammaproteobacteria;o__Burkholderiales;f__Burkholderiaceae;g__Derxia;s__Derxia gummosa
GCF_000428465,RS_GCF_000428465.1,d__Bacteria;p__Proteobacteria;c__Gammaproteobacteria;o__Burkholderiales;f__Chitinimonadaceae;g__Chitinimonas;s__Chitinimonas koreensis
GCA_013822685,GB_GCA_013822685.1,d__Bacteria;p__Proteobacteria;c__Gammaproteobacteria;o__Burkholderiales;f__Burkholderiaceae;g__Aquabacterium;s__Aquabacterium sp013822685
GCF_000380335,RS_GCF_000380335.1,d__Bacteria;p__Proteobacteria;c__Gammaproteobacteria;o__Pseudomonadales;f__Pseudomonadaceae;g__Azotobacter;s__Azotobacter vinelandii
GCF_018732085,RS_GCF_018732085.1,d__Bacteria;p__Proteobacteria;c__Gammaproteobacteria;o__Xanthomonadales;f__Xanthomonadaceae;g__Lysobacter;s__Lysobacter capsici_A
GCF_014779555,RS_GCF_014779555.1,d__Bacteria;p__Proteobacteria;c__Gammaproteobacteria;o__Xanthomonadales;f__Xanthomonadaceae;g__Lysobacter;s__Lysobacter capsici
GCF_011947265,RS_GCF_011947265.1,d__Bacteria;p__Firmicutes;c__Bacilli;o__Paenibacillales;f__Paenibacillaceae;g__Paenibacillus_C;s__Paenibacillus_C sp011947265
GCF_004000785,RS_GCF_004000785.1,d__Bacteria;p__Firmicutes;c__Bacilli;o__Paenibacillales;f__NBRC-103111;g__Paenibacillus_G;s__Paenibacillus_G ehimensis
GCA_017512705,GB_GCA_017512705.1,d__Bacteria;p__Firmicutes;c__Bacilli;o__Paenibacillales;f__Paenibacillaceae;g__Paenibacillus;s__Paenibacillus sp017512705
GCF_004000885,RS_GCF_004000885.1,d__Bacteria;p__Firmicutes;c__Bacilli;o__Paenibacillales;f__Paenibacillaceae;g__Paenibacillus;s__Paenibacillus glucanolyticus
GCF_000011645,RS_GCF_000011645.1,d__Bacteria;p__Firmicutes;c__Bacilli;o__Bacillales;f__Bacillaceae;g__Bacillus;s__Bacillus licheniformis
GCF_900107305,RS_GCF_900107305.1,d__Bacteria;p__Firmicutes;c__Bacilli;o__Thermoactinomycetales;f__Thermoactinomycetaceae;g__Baia;s__Baia sp900107305
GCF_010975035,RS_GCF_010975035.1,d__Bacteria;p__Firmicutes;c__Bacilli;o__Bacillales_B;f__DSM-18226;g__Neobacillus;s__Neobacillus thermocopriae
GCA_018966865,GB_GCA_018966865.1,d__Bacteria;p__Firmicutes;c__Bacilli;o__Bacillales;f__Bacillaceae_G;g__Bacillus_A;s__Bacillus_A sp018966865
GCF_000017425,RS_GCF_000017425.1,d__Bacteria;p__Firmicutes;c__Bacilli;o__Bacillales;f__Bacillaceae_G;g__Bacillus_A;s__Bacillus_A cytotoxicus
GCF_000161455,RS_GCF_000161455.1,d__Bacteria;p__Firmicutes;c__Bacilli;o__Bacillales;f__Bacillaceae_G;g__Bacillus_A;s__Bacillus_A pseudomycoides
GCF_000271485,RS_GCF_000271485.2,d__Bacteria;p__Firmicutes_C;c__Negativicutes;o__Propionisporales;f__Propionisporaceae;g__Pelosinus;s__Pelosinus fermentans
GCF_000196735,RS_GCF_000196735.1,d__Bacteria;p__Firmicutes;c__Bacilli;o__Bacillales;f__Bacillaceae;g__Bacillus;s__Bacillus amyloliquefaciens
GCA_000332645,GB_GCA_000332645.1,d__Bacteria;p__Firmicutes;c__Bacilli;o__Bacillales;f__Bacillaceae;g__Bacillus;s__Bacillus inaquosorum
GCF_900182565,RS_GCF_900182565.1,d__Bacteria;p__Firmicutes;c__Bacilli;o__Thermoactinomycetales;f__DSM-45169;g__Melghirimyces;s__Melghirimyces algeriensis
GCA_001586195,GB_GCA_001586195.1,d__Bacteria;p__Firmicutes;c__Bacilli;o__Bacillales_A;f__Planococcaceae;g__Solibacillus;s__Solibacillus silvestris
GCF_002276165,RS_GCF_002276165.1,d__Bacteria;p__Firmicutes;c__Bacilli;o__Bacillales_B;f__DSM-18226;g__Cytobacillus;s__Cytobacillus kochii
GCF_000011245,RS_GCF_000011245.1,d__Bacteria;p__Firmicutes;c__Bacilli;o__Bacillales_D;f__Amphibacillaceae;g__Oceanobacillus;s__Oceanobacillus iheyensis
GCF_000691165,RS_GCF_000691165.1,d__Bacteria;p__Firmicutes;c__Bacilli;o__Bacillales;f__Bacillaceae;g__Bacillus;s__Bacillus safensis
GCF_900143645,RS_GCF_900143645.1,d__Bacteria;p__Firmicutes_A;c__Clostridia;o__Lachnospirales;f__Lachnospiraceae;g__Anaerocolumna;s__Anaerocolumna xylanovorans
GCF_000285555,RS_GCF_000285555.1,d__Bacteria;p__Firmicutes;c__Bacilli;o__Bacillales_A;f__Planococcaceae;g__Kurthia;s__Kurthia massiliensis
GCF_007896435,RS_GCF_007896435.1,d__Bacteria;p__Firmicutes;c__Bacilli;o__Bacillales_A;f__Planococcaceae;g__Rummeliibacillus;s__Rummeliibacillus suwonensis
GCF_018837975,RS_GCF_018837975.1,d__Bacteria;p__Proteobacteria;c__Gammaproteobacteria;o__Pseudomonadales;f__Zooshikellaceae;g__Zooshikella;s__Zooshikella sp018837975
GCF_014218805,RS_GCF_014218805.1,d__Bacteria;p__Proteobacteria;c__Gammaproteobacteria;o__Pseudomonadales;f__Cellvibrionaceae;g__Teredinibacter;s__Teredinibacter franksiae
GCF_000013665,RS_GCF_000013665.1,d__Bacteria;p__Proteobacteria;c__Gammaproteobacteria;o__Pseudomonadales;f__Cellvibrionaceae;g__Saccharophagus;s__Saccharophagus degradans
GCA_002009425,GB_GCA_002009425.1,d__Bacteria;p__Proteobacteria;c__Gammaproteobacteria;o__Chromatiales;f__Sedimenticolaceae;g__41T-STBD-0c-01a;s__41T-STBD-0c-01a sp002009425
GCF_000953825,RS_GCF_000953825.1,d__Bacteria;p__Proteobacteria;c__Gammaproteobacteria;o__Pseudomonadales;f__Cellvibrionaceae;g__Cellvibrio;s__Cellvibrio sp000953825
GCA_000814665,GB_GCA_000814665.1,d__Bacteria;p__Proteobacteria;c__Gammaproteobacteria;o__Enterobacterales;f__Alteromonadaceae;g__Pseudoalteromonas;s__Pseudoalteromonas elyakovii
GCF_900112265,RS_GCF_900112265.1,d__Bacteria;p__Proteobacteria;c__Gammaproteobacteria;o__Enterobacterales;f__Alteromonadaceae;g__Pseudoalteromonas;s__Pseudoalteromonas denitrificans
GCA_004173455,GB_GCA_004173455.1,d__Bacteria;p__Proteobacteria;c__Gammaproteobacteria;o__Pseudomonadales;f__Moraxellaceae;g__Alkanindiges;s__Alkanindiges sp004173455
GCF_900197575,RS_GCF_900197575.1,d__Bacteria;p__Proteobacteria;c__Gammaproteobacteria;o__Pseudomonadales;f__Moraxellaceae;g__Acinetobacter;s__Acinetobacter apis
GCF_000368565,RS_GCF_000368565.1,d__Bacteria;p__Proteobacteria;c__Gammaproteobacteria;o__Pseudomonadales;f__Moraxellaceae;g__Acinetobacter;s__Acinetobacter gerneri
GCF_000196795,RS_GCF_000196795.1,d__Bacteria;p__Proteobacteria;c__Gammaproteobacteria;o__Pseudomonadales;f__Moraxellaceae;g__Acinetobacter;s__Acinetobacter oleivorans
GCF_000600005,RS_GCF_000600005.1,d__Bacteria;p__Proteobacteria;c__Gammaproteobacteria;o__Burkholderiales;f__Neisseriaceae;g__Snodgrassella;s__Snodgrassella alvi
GCF_900096995,RS_GCF_900096995.1,d__Bacteria;p__Proteobacteria;c__Gammaproteobacteria;o__Pseudomonadales;f__Moraxellaceae;g__Acinetobacter;s__Acinetobacter puyangensis
GCF_002165375,RS_GCF_002165375.2,d__Bacteria;p__Proteobacteria;c__Gammaproteobacteria;o__Pseudomonadales;f__Moraxellaceae;g__Acinetobacter;s__Acinetobacter chinensis
GCF_001704115,RS_GCF_001704115.1,d__Bacteria;p__Proteobacteria;c__Gammaproteobacteria;o__Pseudomonadales;f__Moraxellaceae;g__Acinetobacter;s__Acinetobacter larvae
GCF_001696615,RS_GCF_001696615.3,d__Bacteria;p__Proteobacteria;c__Gammaproteobacteria;o__Pseudomonadales;f__Moraxellaceae;g__Acinetobacter;s__Acinetobacter sp001696615
GCF_001605895,RS_GCF_001605895.1,d__Bacteria;p__Proteobacteria;c__Gammaproteobacteria;o__Pseudomonadales;f__Moraxellaceae;g__Acinetobacter;s__Acinetobacter pragensis
GCF_000368865,RS_GCF_000368865.1,d__Bacteria;p__Proteobacteria;c__Gammaproteobacteria;o__Pseudomonadales;f__Moraxellaceae;g__Acinetobacter;s__Acinetobacter bouvetii
GCF_002135435,RS_GCF_002135435.1,d__Bacteria;p__Proteobacteria;c__Gammaproteobacteria;o__Pseudomonadales;f__Moraxellaceae;g__Acinetobacter;s__Acinetobacter sp002135435
GCF_015218165,RS_GCF_015218165.1,d__Bacteria;p__Proteobacteria;c__Gammaproteobacteria;o__Pseudomonadales;f__Moraxellaceae;g__Acinetobacter;s__Acinetobacter piscicola_A
GCF_003268395,RS_GCF_003268395.1,d__Bacteria;p__Proteobacteria;c__Gammaproteobacteria;o__Pseudomonadales;f__Moraxellaceae;g__Acinetobacter;s__Acinetobacter sp003268395
GCF_004336975,RS_GCF_004336975.1,d__Bacteria;p__Proteobacteria;c__Gammaproteobacteria;o__Enterobacterales;f__Neiellaceae;g__Corallincola;s__Corallincola luteus
GCF_002276045,RS_GCF_002276045.1,d__Bacteria;p__Proteobacteria;c__Gammaproteobacteria;o__Enterobacterales;f__Alteromonadaceae;g__Pseudoalteromonas;s__Pseudoalteromonas sp002276045
GCF_007990935,RS_GCF_007990935.1,d__Bacteria;p__Proteobacteria;c__Gammaproteobacteria;o__Enterobacterales;f__Vibrionaceae;g__Vibrio;s__Vibrio sagamiensis
GCF_000417905,RS_GCF_000417905.1,d__Bacteria;p__Proteobacteria;c__Gammaproteobacteria;o__Enterobacterales;f__Vibrionaceae;g__Vibrio;s__Vibrio natriegens
GCF_000400365,RS_GCF_000400365.1,d__Bacteria;p__Proteobacteria;c__Gammaproteobacteria;o__Enterobacterales;f__Vibrionaceae;g__Vibrio;s__Vibrio jasicida
GCF_004116385,RS_GCF_004116385.1,d__Bacteria;p__Proteobacteria;c__Gammaproteobacteria;o__Enterobacterales;f__Vibrionaceae;g__Enterovibrio;s__Enterovibrio sp004116385
GCF_000176155,RS_GCF_000176155.1,d__Bacteria;p__Proteobacteria;c__Gammaproteobacteria;o__Enterobacterales;f__Vibrionaceae;g__Vibrio;s__Vibrio metschnikovii
GCF_000354175,RS_GCF_000354175.2,d__Bacteria;p__Proteobacteria;c__Gammaproteobacteria;o__Enterobacterales;f__Vibrionaceae;g__Vibrio;s__Vibrio alginolyticus
GCF_001547935,RS_GCF_001547935.1,d__Bacteria;p__Proteobacteria;c__Gammaproteobacteria;o__Enterobacterales;f__Vibrionaceae;g__Vibrio;s__Vibrio tritonius
GCF_003856525,RS_GCF_003856525.1,d__Bacteria;p__Proteobacteria;c__Gammaproteobacteria;o__Enterobacterales;f__Vibrionaceae;g__Vibrio;s__Vibrio viridaestus
GCF_000176175,RS_GCF_000176175.1,d__Bacteria;p__Proteobacteria;c__Gammaproteobacteria;o__Enterobacterales;f__Vibrionaceae;g__Vibrio;s__Vibrio furnissii
GCF_002224265,RS_GCF_002224265.1,d__Bacteria;p__Proteobacteria;c__Gammaproteobacteria;o__Enterobacterales;f__Vibrionaceae;g__Vibrio;s__Vibrio vulnificus
GCF_001471585,RS_GCF_001471585.2,d__Bacteria;p__Proteobacteria;c__Gammaproteobacteria;o__Enterobacterales;f__Vibrionaceae;g__Vibrio;s__Vibrio cholerae
GCF_002835995,RS_GCF_002835995.1,d__Bacteria;p__Proteobacteria;c__Gammaproteobacteria;o__Enterobacterales;f__Psychromonadaceae;g__Psychromonas;s__Psychromonas sp002835995
GCF_002873455,RS_GCF_002873455.1,d__Bacteria;p__Proteobacteria;c__Gammaproteobacteria;o__Enterobacterales;f__Vibrionaceae;g__Vibrio;s__Vibrio splendidus_J
GCF_002933855,RS_GCF_002933855.1,d__Bacteria;p__Proteobacteria;c__Gammaproteobacteria;o__Enterobacterales;f__Vibrionaceae;g__Vibrio;s__Vibrio penaeicida_A
GCF_007004725,RS_GCF_007004725.1,d__Bacteria;p__Proteobacteria;c__Gammaproteobacteria;o__Enterobacterales;f__Kangiellaceae;g__Aliikangiella;s__Aliikangiella coralliicola
GCF_000007705,RS_GCF_000007705.1,d__Bacteria;p__Proteobacteria;c__Gammaproteobacteria;o__Burkholderiales;f__Chromobacteriaceae;g__Chromobacterium;s__Chromobacterium violaceum
GCF_000819845,RS_GCF_000819845.1,d__Bacteria;p__Proteobacteria;c__Gammaproteobacteria;o__Enterobacterales;f__Aeromonadaceae;g__Aeromonas;s__Aeromonas enteropelogenes
GCF_000281085,RS_GCF_000281085.1,d__Bacteria;p__Proteobacteria;c__Gammaproteobacteria;o__Enterobacterales;f__Alteromonadaceae;g__Catenovulum;s__Catenovulum agarivorans
GCF_000238315,RS_GCF_000238315.3,d__Bacteria;p__Proteobacteria;c__Gammaproteobacteria;o__Enterobacterales;f__Alteromonadaceae;g__Pseudoalteromonas;s__Pseudoalteromonas piscicida
GCF_001625695,RS_GCF_001625695.1,d__Bacteria;p__Proteobacteria;c__Gammaproteobacteria;o__Enterobacterales;f__Alteromonadaceae;g__Pseudoalteromonas;s__Pseudoalteromonas luteoviolacea_B
GCF_001625595,RS_GCF_001625595.1,d__Bacteria;p__Proteobacteria;c__Gammaproteobacteria;o__Enterobacterales;f__Alteromonadaceae;g__Pseudoalteromonas;s__Pseudoalteromonas luteoviolacea_A
GCF_001482385,RS_GCF_001482385.1,d__Bacteria;p__Proteobacteria;c__Gammaproteobacteria;o__Enterobacterales;f__Alteromonadaceae;g__Pseudoalteromonas;s__Pseudoalteromonas rubra_B
GCF_000238375,RS_GCF_000238375.3,d__Bacteria;p__Proteobacteria;c__Gammaproteobacteria;o__Enterobacterales;f__Alteromonadaceae;g__Pseudoalteromonas;s__Pseudoalteromonas citrea
GCF_008693185,RS_GCF_008693185.1,d__Bacteria;p__Proteobacteria;c__Gammaproteobacteria;o__Pseudomonadales;f__Moraxellaceae;g__Acinetobacter;s__Acinetobacter qingfengensis
GCF_012927645,RS_GCF_012927645.1,d__Bacteria;p__Proteobacteria;c__Gammaproteobacteria;o__Enterobacterales;f__Alteromonadaceae;g__Pseudoalteromonas;s__Pseudoalteromonas arctica_A
GCF_001435295,RS_GCF_001435295.1,d__Bacteria;p__Proteobacteria;c__Gammaproteobacteria;o__Pseudomonadales;f__Moraxellaceae;g__Psychrobacter;s__Psychrobacter sp001435295
GCF_000829675,RS_GCF_000829675.1,d__Bacteria;p__Proteobacteria;c__Gammaproteobacteria;o__Pseudomonadales;f__Moraxellaceae;g__Acinetobacter;s__Acinetobacter rudis
GCF_015627175,RS_GCF_015627175.1,d__Bacteria;p__Proteobacteria;c__Gammaproteobacteria;o__Pseudomonadales;f__Moraxellaceae;g__Acinetobacter;s__Acinetobacter pollinis
GCF_000369065,RS_GCF_000369065.1,d__Bacteria;p__Proteobacteria;c__Gammaproteobacteria;o__Pseudomonadales;f__Moraxellaceae;g__Acinetobacter;s__Acinetobacter haemolyticus
GCF_001748245,RS_GCF_001748245.1,d__Bacteria;p__Bdellovibrionota;c__Oligoflexia;o__Oligoflexales;f__Oligoflexaceae;g__Oligoflexus;s__Oligoflexus tunisiensis
GCA_013214175,GB_GCA_013214175.1,d__Bacteria;p__Proteobacteria;c__Gammaproteobacteria;o__Enterobacterales;f__Alteromonadaceae;g__Colwellia;s__Colwellia sp013214175
GCF_014192915,RS_GCF_014192915.1,d__Bacteria;p__Proteobacteria;c__Alphaproteobacteria;o__Azospirillales;f__Azospirillaceae;g__Azospirillum;s__Azospirillum sp014192915
GCF_001315015,RS_GCF_001315015.1,d__Bacteria;p__Proteobacteria;c__Alphaproteobacteria;o__Azospirillales;f__Azospirillaceae;g__Azospirillum;s__Azospirillum brasilense
GCF_900105355,RS_GCF_900105355.1,d__Bacteria;p__Proteobacteria;c__Gammaproteobacteria;o__Pseudomonadales;f__Pseudomonadaceae;g__Pseudomonas_E;s__Pseudomonas_E anguilliseptica
GCA_004010935,GB_GCA_004010935.1,d__Bacteria;p__Proteobacteria;c__Gammaproteobacteria;o__Pseudomonadales;f__Pseudomonadaceae;g__Pseudomonas_A;s__Pseudomonas_A sp004010935
GCF_000214215,RS_GCF_000214215.1,d__Bacteria;p__Proteobacteria;c__Gammaproteobacteria;o__Pseudomonadales;f__Marinomonadaceae;g__Marinomonas;s__Marinomonas posidonica
GCF_000017285,RS_GCF_000017285.1,d__Bacteria;p__Proteobacteria;c__Gammaproteobacteria;o__Pseudomonadales;f__Marinomonadaceae;g__Marinomonas;s__Marinomonas sp000017285
GCF_018336955,RS_GCF_018336955.1,d__Bacteria;p__Proteobacteria;c__Gammaproteobacteria;o__Pseudomonadales;f__Marinomonadaceae;g__Marinomonas;s__Marinomonas sp018336955
GCF_005484965,RS_GCF_005484965.1,d__Bacteria;p__Proteobacteria;c__Gammaproteobacteria;o__Enterobacterales;f__Enterobacteriaceae;g__Brenneria;s__Brenneria nigrifluens
GCF_000365305,RS_GCF_000365305.1,d__Bacteria;p__Proteobacteria;c__Gammaproteobacteria;o__Enterobacterales;f__Enterobacteriaceae;g__Dickeya;s__Dickeya dianthicola
GCF_000517265,RS_GCF_000517265.1,d__Bacteria;p__Proteobacteria;c__Gammaproteobacteria;o__Enterobacterales;f__Enterobacteriaceae;g__Photorhabdus;s__Photorhabdus khanii
GCF_008710095,RS_GCF_008710095.1,d__Bacteria;p__Proteobacteria;c__Gammaproteobacteria;o__Enterobacterales;f__Enterobacteriaceae;g__Affinibrenneria;s__Affinibrenneria salicis
GCF_015163665,RS_GCF_015163665.1,d__Bacteria;p__Proteobacteria;c__Gammaproteobacteria;o__Enterobacterales;f__Enterobacteriaceae;g__Xenorhabdus;s__Xenorhabdus sp015163665
GCF_009914055,RS_GCF_009914055.1,d__Bacteria;p__Proteobacteria;c__Gammaproteobacteria;o__Enterobacterales;f__Enterobacteriaceae;g__Mixta;s__Mixta intestinalis
GCF_000968175,RS_GCF_000968175.1,d__Bacteria;p__Proteobacteria;c__Gammaproteobacteria;o__Enterobacterales;f__Enterobacteriaceae;g__Xenorhabdus;s__Xenorhabdus poinarii
GCF_010748935,RS_GCF_010748935.1,d__Bacteria;p__Proteobacteria;c__Gammaproteobacteria;o__Enterobacterales;f__Enterobacteriaceae;g__Providencia;s__Providencia vermicola_A
GCA_000307305,GB_GCA_000307305.1,d__Bacteria;p__Proteobacteria;c__Gammaproteobacteria;o__Enterobacterales;f__Enterobacteriaceae;g__B14;s__B14 sp000307305
GCA_013457415,GB_GCA_013457415.1,d__Bacteria;p__Proteobacteria;c__Gammaproteobacteria;o__Enterobacterales;f__Enterobacteriaceae;g__Rahnella;s__Rahnella sp013457415
GCF_000422085,RS_GCF_000422085.1,d__Bacteria;p__Proteobacteria;c__Gammaproteobacteria;o__Enterobacterales;f__Enterobacteriaceae;g__Serratia;s__Serratia liquefaciens
GCA_002434205,GB_GCA_002434205.1,d__Bacteria;p__Proteobacteria;c__Gammaproteobacteria;o__Enterobacterales;f__Enterobacteriaceae;g__Pantoea;s__Pantoea sp002434205
GCF_000175935,RS_GCF_000175935.2,d__Bacteria;p__Proteobacteria;c__Gammaproteobacteria;o__Enterobacterales;f__Enterobacteriaceae;g__Pantoea;s__Pantoea sp000175935
GCF_900184095,RS_GCF_900184095.1,d__Bacteria;p__Proteobacteria;c__Gammaproteobacteria;o__Enterobacterales;f__Vibrionaceae;g__Vibrio;s__Vibrio mangrovi
GCF_014189855,RS_GCF_014189855.1,d__Bacteria;p__Proteobacteria;c__Gammaproteobacteria;o__Enterobacterales;f__Enterobacteriaceae;g__Buttiauxella;s__Buttiauxella sp014189855
GCA_000302695,GB_GCA_000302695.1,d__Bacteria;p__Proteobacteria;c__Gammaproteobacteria;o__Enterobacterales;f__Enterobacteriaceae;g__Jejubacter;s__Jejubacter sp000302695
GCA_016618195,GB_GCA_016618195.1,d__Bacteria;p__Proteobacteria;c__Gammaproteobacteria;o__Enterobacterales;f__Enterobacteriaceae;g__Providencia;s__Providencia stuartii_A
GCA_901456055,GB_GCA_901456055.1,d__Bacteria;p__Proteobacteria;c__Gammaproteobacteria;o__Enterobacterales;f__Enterobacteriaceae;g__Phytobacter;s__Phytobacter ursingii
GCA_002470465,GB_GCA_002470465.1,d__Bacteria;p__Proteobacteria;c__Gammaproteobacteria;o__Enterobacterales;f__Enterobacteriaceae;g__Scandinavium;s__Scandinavium sp002470465
GCA_902706205,GB_GCA_902706205.1,d__Bacteria;p__Proteobacteria;c__Gammaproteobacteria;o__Enterobacterales;f__Enterobacteriaceae;g__Scandinavium;s__Scandinavium sp902706205
GCF_000215745,RS_GCF_000215745.1,d__Bacteria;p__Proteobacteria;c__Gammaproteobacteria;o__Enterobacterales;f__Enterobacteriaceae;g__Klebsiella;s__Klebsiella aerogenes
GCF_000026225,RS_GCF_000026225.1,d__Bacteria;p__Proteobacteria;c__Gammaproteobacteria;o__Enterobacterales;f__Enterobacteriaceae;g__Escherichia;s__Escherichia fergusonii
GCF_018323885,RS_GCF_018323885.1,d__Bacteria;p__Proteobacteria;c__Gammaproteobacteria;o__Enterobacterales;f__Enterobacteriaceae;g__Citrobacter_A;s__Citrobacter_A amalonaticus
GCF_000314895,RS_GCF_000314895.2,d__Bacteria;p__Proteobacteria;c__Gammaproteobacteria;o__Enterobacterales;f__Enterobacteriaceae;g__Providencia;s__Providencia sneebia
GCA_000759755,GB_GCA_000759755.1,d__Bacteria;p__Proteobacteria;c__Gammaproteobacteria;o__Enterobacterales;f__Enterobacteriaceae;g__Citrobacter;s__Citrobacter werkmanii
GCF_015709455,RS_GCF_015709455.1,d__Bacteria;p__Proteobacteria;c__Alphaproteobacteria;o__Rhizobiales;f__Beijerinckiaceae;g__Methylosinus;s__Methylosinus sp015709455
GCF_000196255,RS_GCF_000196255.1,d__Bacteria;p__Proteobacteria;c__Gammaproteobacteria;o__Enterobacterales;f__Vibrionaceae;g__Photobacterium;s__Photobacterium profundum_A
GCF_000972145,RS_GCF_000972145.1,d__Bacteria;p__Proteobacteria;c__Gammaproteobacteria;o__Enterobacterales;f__Vibrionaceae;g__Photobacterium;s__Photobacterium halotolerans_A
GCF_015709515,RS_GCF_015709515.1,d__Bacteria;p__Proteobacteria;c__Alphaproteobacteria;o__Rhizobiales;f__Beijerinckiaceae;g__Methylocystis;s__Methylocystis sp015709515
GCF_000304315,RS_GCF_000304315.1,d__Bacteria;p__Proteobacteria;c__Alphaproteobacteria;o__Rhizobiales;f__Beijerinckiaceae;g__Methylocystis;s__Methylocystis sp000304315
GCF_002307355,RS_GCF_002307355.1,d__Bacteria;p__Proteobacteria;c__Gammaproteobacteria;o__Enterobacterales;f__Enterobacteriaceae;g__Pectobacterium;s__Pectobacterium polaris
GCF_002291445,RS_GCF_002291445.1,d__Bacteria;p__Proteobacteria;c__Gammaproteobacteria;o__Enterobacterales;f__Enterobacteriaceae;g__Brenneria;s__Brenneria goodwinii
GCF_017569925,RS_GCF_017569925.1,d__Bacteria;p__Proteobacteria;c__Gammaproteobacteria;o__Enterobacterales;f__Enterobacteriaceae;g__Brenneria;s__Brenneria izadpanahii
GCF_001656035,RS_GCF_001656035.1,d__Bacteria;p__Proteobacteria;c__Gammaproteobacteria;o__Enterobacterales;f__Enterobacteriaceae;g__Yersinia;s__Yersinia entomophaga
GCF_003600645,RS_GCF_003600645.1,d__Bacteria;p__Proteobacteria;c__Gammaproteobacteria;o__Enterobacterales;f__Enterobacteriaceae;g__Yersinia;s__Yersinia rochesterensis
GCF_000312485,RS_GCF_000312485.1,d__Bacteria;p__Proteobacteria;c__Gammaproteobacteria;o__Enterobacterales;f__Enterobacteriaceae;g__Yersinia;s__Yersinia massiliensis
GCF_000014805,RS_GCF_000014805.1,d__Bacteria;p__Proteobacteria;c__Gammaproteobacteria;o__Enterobacterales;f__Aeromonadaceae;g__Aeromonas;s__Aeromonas hydrophila
GCF_009746715,RS_GCF_009746715.1,d__Bacteria;p__Proteobacteria;c__Gammaproteobacteria;o__Pseudomonadales;f__Ketobacteraceae;g__Ketobacter;s__Ketobacter sp003667185
GCF_000023025,RS_GCF_000023025.1,d__Bacteria;p__Proteobacteria;c__Gammaproteobacteria;o__Pseudomonadales;f__Cellvibrionaceae;g__Teredinibacter;s__Teredinibacter turnerae_B
GCF_900112305,RS_GCF_900112305.1,d__Bacteria;p__Proteobacteria;c__Gammaproteobacteria;o__Pseudomonadales;f__Cellvibrionaceae;g__Microbulbifer;s__Microbulbifer thermotolerans
GCF_900113115,RS_GCF_900113115.1,d__Bacteria;p__Proteobacteria;c__Gammaproteobacteria;o__Burkholderiales;f__Burkholderiaceae;g__Pseudoduganella;s__Pseudoduganella sp900113115
GCF_003028855,RS_GCF_003028855.1,d__Bacteria;p__Proteobacteria;c__Gammaproteobacteria;o__Burkholderiales;f__Burkholderiaceae;g__Pseudoduganella;s__Pseudoduganella armeniaca
GCA_000497835,GB_GCA_000497835.1,d__Bacteria;p__Proteobacteria;c__Gammaproteobacteria;o__Pseudomonadales;f__Pseudomonadaceae;g__Pseudomonas_E;s__Pseudomonas_E sp000497835
GCA_017991555,GB_GCA_017991555.1,d__Bacteria;p__Proteobacteria;c__Gammaproteobacteria;o__Burkholderiales;f__Neisseriaceae;g__JAGNPU01;s__JAGNPU01 sp017991555
GCF_014217335,RS_GCF_014217335.1,d__Bacteria;p__Proteobacteria;c__Gammaproteobacteria;o__Pseudomonadales;f__Cellvibrionaceae;g__Teredinibacter;s__Teredinibacter purpureus
GCF_012911865,RS_GCF_012911865.1,d__Bacteria;p__Proteobacteria;c__Gammaproteobacteria;o__Enterobacterales;f__Shewanellaceae;g__Shewanella;s__Shewanella sp012911865
GCF_007830255,RS_GCF_007830255.1,d__Bacteria;p__Proteobacteria;c__Gammaproteobacteria;o__Pseudomonadales;f__Pseudomonadaceae;g__Azomonas;s__Azomonas agilis
GCA_017425245,GB_GCA_017425245.1,d__Bacteria;p__Proteobacteria;c__Gammaproteobacteria;o__Enterobacterales;f__Neiellaceae;g__RGIG665;s__RGIG665 sp017425245
GCF_000196875,RS_GCF_000196875.2,d__Bacteria;p__Proteobacteria;c__Gammaproteobacteria;o__Pseudomonadales;f__Halomonadaceae;g__Halomonas;s__Halomonas elongata
GCF_006980715,RS_GCF_006980715.1,d__Bacteria;p__Proteobacteria;c__Alphaproteobacteria;o__Rhodospirillales;f__Magnetospirillaceae;g__Oleiliquidispirillum;s__Oleiliquidispirillum nitrogeniifigens
GCA_004551485,GB_GCA_004551485.1,d__Bacteria;p__Proteobacteria;c__Gammaproteobacteria;o__Pseudomonadales;f__Halomonadaceae;g__Halomonas;s__Halomonas azerbaijanica
GCF_002879615,RS_GCF_002879615.1,d__Bacteria;p__Proteobacteria;c__Gammaproteobacteria;o__Pseudomonadales;f__Halomonadaceae;g__Halomonas;s__Halomonas endophytica
GCF_001999245,RS_GCF_001999245.1,d__Bacteria;p__Proteobacteria;c__Alphaproteobacteria;o__Rhizobiales;f__Stappiaceae;g__Roseibium;s__Roseibium aggregatum_A
GCF_900176465,RS_GCF_900176465.1,d__Bacteria;p__Proteobacteria;c__Alphaproteobacteria;o__Rhizobiales;f__Rhizobiaceae;g__Fulvimarina;s__Fulvimarina manganoxydans
GCF_014635325,RS_GCF_014635325.1,d__Bacteria;p__Proteobacteria;c__Alphaproteobacteria;o__Rhizobiales;f__Xanthobacteraceae;g__Azorhizobium;s__Azorhizobium oxalatiphilum
GCF_008330945,RS_GCF_008330945.1,d__Bacteria;p__Proteobacteria;c__Alphaproteobacteria;o__Rhizobiales;f__Labraceae;g__Labrys;s__Labrys sp008330945
GCF_003952665,RS_GCF_003952665.1,d__Bacteria;p__Proteobacteria;c__Alphaproteobacteria;o__Rhizobiales;f__Beijerinckiaceae;g__Bosea;s__Bosea sp003952665
GCA_000949895,GB_GCA_000949895.1,d__Bacteria;p__Proteobacteria;c__Alphaproteobacteria;o__Rhizobiales;f__Rhizobiaceae;g__Agrobacterium;s__Agrobacterium arsenijevicii
GCF_000007125,RS_GCF_000007125.1,d__Bacteria;p__Proteobacteria;c__Alphaproteobacteria;o__Rhizobiales_A;f__Rhizobiaceae_A;g__Brucella;s__Brucella melitensis
GCF_019139675,RS_GCF_019139675.1,d__Bacteria;p__Proteobacteria;c__Gammaproteobacteria;o__Pseudomonadales;f__Pseudomonadaceae;g__Pseudomonas_E;s__Pseudomonas_E sp019139675
GCF_014397025,RS_GCF_014397025.1,d__Bacteria;p__Proteobacteria;c__Alphaproteobacteria;o__Rhizobiales_A;f__Rhizobiaceae_A;g__Ochrobactrum_A;s__Ochrobactrum_A sp014397025
