Pattern,Match,domain,phyla,class,order,family,genus,species,phyla_color,class_color,order_color,family_color,genus_color,species_color
GCF_000020025,RS_GCF_000020025.1,d__Bacteria,p__Cyanobacteria,c__Cyanobacteriia,o__Cyanobacteriales,f__Nostocaceae,g__Nostoc,s__Nostoc punctiforme,#7BD3EA,#B898A1,#4396BB,#AEB0EA,#CD1FCA,#92CB6F
GCF_014698305,RS_GCF_014698305.1,d__Bacteria,p__Cyanobacteria,c__Cyanobacteriia,o__Cyanobacteriales,f__Nostocaceae,g__Anabaena,s__Anabaena lutea,#7BD3EA,#B898A1,#4396BB,#AEB0EA,#3FD302,#35351F
GCA_000332255,GB_GCA_000332255.1,d__Bacteria,p__Cyanobacteria,c__Cyanobacteriia,o__Cyanobacteriales,f__Nostocaceae,g__Chlorogloeopsis,s__Chlorogloeopsis sp000332255,#7BD3EA,#B898A1,#4396BB,#AEB0EA,#32C359,#2EEF0C
GCF_014698825,RS_GCF_014698825.1,d__Bacteria,p__Cyanobacteria,c__Cyanobacteriia,o__Cyanobacteriales,f__Nostocaceae,g__FACHB-800,s__FACHB-800 sp014698825,#7BD3EA,#B898A1,#4396BB,#AEB0EA,#737602,#1C74EB
GCF_000332075,RS_GCF_000332075.2,d__Bacteria,p__Cyanobacteria,c__Cyanobacteriia,o__Cyanobacteriales,f__Chroococcidiopsidaceae,g__Aliterella,s__Aliterella sp000332075,#7BD3EA,#B898A1,#4396BB,#31C008,#D56875,#C9E03A
GCF_001456025,RS_GCF_001456025.1,d__Bacteria,p__Cyanobacteria,c__Cyanobacteriia,o__Cyanobacteriales,f__Nostocaceae,g__Mastigocoleus,s__Mastigocoleus testarum,#7BD3EA,#B898A1,#4396BB,#AEB0EA,#181A6D,#B214DF
GCF_015207655,RS_GCF_015207655.1,d__Bacteria,p__Cyanobacteria,c__Cyanobacteriia,o__Cyanobacteriales,f__Chroococcidiopsidaceae,g__Gloeocapsopsis,s__Gloeocapsopsis crepidinum,#7BD3EA,#B898A1,#4396BB,#31C008,#79FE20,#06196F
GCA_003994795,GB_GCA_003994795.1,d__Bacteria,p__Cyanobacteria,c__Cyanobacteriia,o__Cyanobacteriales,f__Nostocaceae,g__Cylindrospermum,s__Cylindrospermum sp003994795,#7BD3EA,#B898A1,#4396BB,#AEB0EA,#46D80C,#1A47E5
GCF_009856605,RS_GCF_009856605.1,d__Bacteria,p__Cyanobacteria,c__Cyanobacteriia,o__Cyanobacteriales,f__Nostocaceae,g__Trichormus,s__Trichormus variabilis,#7BD3EA,#B898A1,#4396BB,#AEB0EA,#80D1F0,#B7729B
GCF_009725235,RS_GCF_009725235.1,d__Bacteria,p__Cyanobacteria,c__Cyanobacteriia,o__Cyanobacteriales,f__Nostocaceae,g__Tolypothrix_A,s__Tolypothrix_A sp009725235,#7BD3EA,#B898A1,#4396BB,#AEB0EA,#4539EF,#58916D
GCF_008974265,RS_GCF_008974265.1,d__Bacteria,p__Chloroflexota,c__Ktedonobacteria,o__Ktedonobacterales,f__Ktedonobacteraceae,g__Dictyobacter,s__Dictyobacter vulcani,#5EA87D,#5F9830,#279A44,#3EBE26,#36F64D,#8BD309
GCF_008326305,RS_GCF_008326305.1,d__Bacteria,p__Chloroflexota,c__Ktedonobacteria,o__Ktedonobacterales,f__Ktedonobacteraceae,g__Dictyobacter,s__Dictyobacter sp008326305,#5EA87D,#5F9830,#279A44,#3EBE26,#36F64D,#5FC934
GCF_016587375,RS_GCF_016587375.1,d__Bacteria,p__Chloroflexota,c__Ktedonobacteria,o__Ktedonobacterales,f__Ktedonobacteraceae,g__Ktedonobacter,s__Ktedonobacter sp016587375,#5EA87D,#5F9830,#279A44,#3EBE26,#8A5D64,#D25828
GCF_016587415,RS_GCF_016587415.1,d__Bacteria,p__Chloroflexota,c__Ktedonobacteria,o__Ktedonobacterales,f__Ktedonobacteraceae,g__Ktedonobacter,s__Ktedonobacter sp016587415,#5EA87D,#5F9830,#279A44,#3EBE26,#8A5D64,#64A50B
GCA_015099395,GB_GCA_015099395.1,d__Bacteria,p__Chloroflexota,c__Ktedonobacteria,o__Ktedonobacterales,f__Ktedonobacteraceae,g__Dictyobacter,s__Dictyobacter sp015099395,#5EA87D,#5F9830,#279A44,#3EBE26,#36F64D,#27938E
