Pattern,Match,domain,phyla,class,order,family,genus,species,phyla_color,class_color,order_color,family_color,genus_color,species_color
GCF_000238315,RS_GCF_000238315.3,d__Bacteria,p__Proteobacteria,c__Gammaproteobacteria,o__Enterobacterales,f__Alteromonadaceae,g__Pseudoalteromonas,s__Pseudoalteromonas piscicida,#F8BAE3,#4FEF3C,#91BACD,#A270B2,#FC4382,#0803AE
GCF_002261225,RS_GCF_002261225.1,d__Bacteria,p__Proteobacteria,c__Gammaproteobacteria,o__Burkholderiales,f__Burkholderiaceae,g__Bordetella_C,s__Bordetella_C sp002261225,#F8BAE3,#4FEF3C,#A29F18,#2AD351,#696519,#888B14
GCF_900109265,RS_GCF_900109265.1,d__Bacteria,p__Proteobacteria,c__Gammaproteobacteria,o__Burkholderiales,f__Burkholderiaceae,g__Paraburkholderia,s__Paraburkholderia tropica,#F8BAE3,#4FEF3C,#A29F18,#2AD351,#8C9B90,#03C455
GCF_000261365,RS_GCF_000261365.1,d__Bacteria,p__Proteobacteria,c__Gammaproteobacteria,o__Burkholderiales,f__Burkholderiaceae,g__Herbaspirillum,s__Herbaspirillum sp000261365,#F8BAE3,#4FEF3C,#A29F18,#2AD351,#19556E,#C17147
GCF_000723165,RS_GCF_000723165.1,d__Bacteria,p__Proteobacteria,c__Gammaproteobacteria,o__Burkholderiales,f__Burkholderiaceae,g__Janthinobacterium,s__Janthinobacterium agaricidamnosum,#F8BAE3,#4FEF3C,#A29F18,#2AD351,#4FEA48,#D60791
