Pattern,Match,domain,phyla,class,order,family,genus,species,phyla_color,class_color,order_color,family_color,genus_color,species_color
GCF_012932785,RS_GCF_012932785.1,d__Bacteria,p__Cyanobacteria,c__Cyanobacteriia,o__Cyanobacteriales,f__Xenococcaceae,g__Hyella,s__Hyella disjuncta,#12671D,#FFE883,#7E99F8,#B74D1E,#3BE5EB,#88CE54
GCA_002110465,GB_GCA_002110465.1,d__Bacteria,p__Cyanobacteria,c__Cyanobacteriia,o__Cyanobacteriales,f__Microcystaceae_A,g__Rippkaea,s__Rippkaea sp002110465,#12671D,#FFE883,#7E99F8,#BDFCED,#32B0FD,#75E912
GCF_000021805,RS_GCF_000021805.1,d__Bacteria,p__Cyanobacteria,c__Cyanobacteriia,o__Cyanobacteriales,f__Microcystaceae_A,g__Rippkaea,s__Rippkaea orientalis,#12671D,#FFE883,#7E99F8,#BDFCED,#32B0FD,#433EFC
GCF_014132355,RS_GCF_014132355.1,d__Bacteria,p__Cyanobacteria,c__Cyanobacteriia,o__Cyanobacteriales,f__Microcoleaceae,g__Okeania,s__Okeania sp014132355,#12671D,#FFE883,#7E99F8,#28CFBA,#932132,#FF63D3
GCF_001456025,RS_GCF_001456025.1,d__Bacteria,p__Cyanobacteria,c__Cyanobacteriia,o__Cyanobacteriales,f__Nostocaceae,g__Mastigocoleus,s__Mastigocoleus testarum,#12671D,#FFE883,#7E99F8,#94D6DC,#7A8020,#049B38
GCF_014695385,RS_GCF_014695385.1,d__Bacteria,p__Cyanobacteria,c__Cyanobacteriia,o__FACHB-46,f__FACHB-46,g__FACHB-46,s__FACHB-46 sp014695385,#12671D,#FFE883,#715EAE,#B0D002,#544120,#CED744
GCF_003231495,RS_GCF_003231495.1,d__Bacteria,p__Cyanobacteria,c__Cyanobacteriia,o__Thermosynechococcales,f__Thermosynechococcaceae,g__RCC1774,s__RCC1774 sp003231495,#12671D,#FFE883,#8EE33E,#ACD7D5,#166D08,#1AE753
GCF_002368235,RS_GCF_002368235.1,d__Bacteria,p__Cyanobacteria,c__Cyanobacteriia,o__Cyanobacteriales,f__Nostocaceae,g__Tolypothrix_B,s__Tolypothrix_B sp002368235,#12671D,#FFE883,#7E99F8,#94D6DC,#F28E3B,#03C814
GCF_002368195,RS_GCF_002368195.1,d__Bacteria,p__Cyanobacteria,c__Cyanobacteriia,o__Cyanobacteriales,f__Nostocaceae,g__Aulosira,s__Aulosira sp002368195,#12671D,#FFE883,#7E99F8,#94D6DC,#77DDA6,#17E5FC
GCF_000332295,RS_GCF_000332295.1,d__Bacteria,p__Cyanobacteria,c__Cyanobacteriia,o__Cyanobacteriales,f__Nostocaceae,g__Fortiea,s__Fortiea contorta,#12671D,#FFE883,#7E99F8,#94D6DC,#46BDBA,#70B3F4
GCF_014695895,RS_GCF_014695895.1,d__Bacteria,p__Cyanobacteria,c__Cyanobacteriia,o__Cyanobacteriales,f__Coleofasciculaceae,g__PCC7113,s__PCC7113 sp014695895,#12671D,#FFE883,#7E99F8,#8AEE39,#439A6B,#2E66FD
GCA_003486305,GB_GCA_003486305.1,d__Bacteria,p__Cyanobacteria,c__Cyanobacteriia,o__Cyanobacteriales,f__Phormidiaceae_A,g__UBA11371,s__UBA11371 sp003486305,#12671D,#FFE883,#7E99F8,#D4C88E,#205253,#AD24EE
GCF_000021825,RS_GCF_000021825.1,d__Bacteria,p__Cyanobacteria,c__Cyanobacteriia,o__Cyanobacteriales,f__Microcystaceae,g__Gloeothece,s__Gloeothece citriformis,#12671D,#FFE883,#7E99F8,#F72104,#FB0448,#77E31D
GCF_000317535,RS_GCF_000317535.1,d__Bacteria,p__Cyanobacteria,c__Cyanobacteriia,o__Cyanobacteriales,f__Nostocaceae,g__Cylindrospermum,s__Cylindrospermum stagnale,#12671D,#FFE883,#7E99F8,#94D6DC,#CD5834,#4E4994
GCF_000317125,RS_GCF_000317125.1,d__Bacteria,p__Cyanobacteria,c__Cyanobacteriia,o__Cyanobacteriales,f__Chroococcidiopsidaceae,g__Chroococcidiopsis,s__Chroococcidiopsis thermalis,#12671D,#FFE883,#7E99F8,#DA8DEE,#66894D,#08668F
GCF_002949735,RS_GCF_002949735.1,d__Bacteria,p__Cyanobacteria,c__Cyanobacteriia,o__Cyanobacteriales,f__Nostocaceae,g__Nostoc,s__Nostoc sp002949735,#12671D,#FFE883,#7E99F8,#94D6DC,#3DE112,#491628
GCF_016056295,RS_GCF_016056295.1,d__Bacteria,p__Cyanobacteria,c__Cyanobacteriia,o__Cyanobacteriales,f__Nostocaceae,g__Atlanticothrix,s__Atlanticothrix silvestris,#12671D,#FFE883,#7E99F8,#94D6DC,#1FA972,#58F900
GCA_000018565,GB_GCA_000018565.1,d__Bacteria,p__Chloroflexota,c__Chloroflexia,o__Chloroflexales,f__Herpetosiphonaceae,g__Herpetosiphon,s__Herpetosiphon aurantiacus,#74DEB7,#D0AAD3,#BCF651,#799210,#F768DB,#1D6F03
GCA_006968915,GB_GCA_006968915.1,d__Bacteria,p__Cyanobacteria,c__Cyanobacteriia,o__Cyanobacteriales,f__Nostocaceae,g__Brasilonema,s__Brasilonema octagenarum,#12671D,#FFE883,#7E99F8,#94D6DC,#5C6595,#95C98E
GCF_014849525,RS_GCF_014849525.1,d__Bacteria,p__Cyanobacteria,c__Cyanobacteriia,o__Cyanobacteriales,f__Coleofasciculaceae,g__FACHB-SPT15,s__FACHB-SPT15 sp014849525,#12671D,#FFE883,#7E99F8,#8AEE39,#BFA7D0,#9F2A74
GCF_002218065,RS_GCF_002218065.1,d__Bacteria,p__Cyanobacteria,c__Cyanobacteriia,o__Cyanobacteriales,f__Nostocaceae,g__Nodularia,s__Nodularia sp002218065,#12671D,#FFE883,#7E99F8,#94D6DC,#4DF3F1,#301D20
GCF_014698505,RS_GCF_014698505.1,d__Bacteria,p__Cyanobacteria,c__Cyanobacteriia,o__Cyanobacteriales,f__Nostocaceae,g__Nostoc,s__Nostoc foliaceum_A,#12671D,#FFE883,#7E99F8,#94D6DC,#3DE112,#FD2BCF
GCF_000316665,RS_GCF_000316665.1,d__Bacteria,p__Cyanobacteria,c__Cyanobacteriia,o__Cyanobacteriales,f__Nostocaceae,g__Rivularia,s__Rivularia sp000316665,#12671D,#FFE883,#7E99F8,#94D6DC,#D90C7F,#E7B53C
GCF_002367995,RS_GCF_002367995.1,d__Bacteria,p__Cyanobacteria,c__Cyanobacteriia,o__Cyanobacteriales,f__Nostocaceae,g__Aulosira,s__Aulosira brevissima,#12671D,#FFE883,#7E99F8,#94D6DC,#77DDA6,#763278
GCF_000331305,RS_GCF_000331305.1,d__Bacteria,p__Cyanobacteria,c__Cyanobacteriia,o__Cyanobacteriales,f__Nostocaceae,g__Calothrix,s__Calothrix sp000331305,#12671D,#FFE883,#7E99F8,#94D6DC,#51B9C6,#686859
GCA_003994795,GB_GCA_003994795.1,d__Bacteria,p__Cyanobacteria,c__Cyanobacteriia,o__Cyanobacteriales,f__Nostocaceae,g__Cylindrospermum,s__Cylindrospermum sp003994795,#12671D,#FFE883,#7E99F8,#94D6DC,#CD5834,#DE3FD0
GCF_000317495,RS_GCF_000317495.1,d__Bacteria,p__Cyanobacteria,c__Cyanobacteriia,o__Cyanobacteriales,f__Chamaesiphonaceae,g__Crinalium,s__Crinalium epipsammum,#12671D,#FFE883,#7E99F8,#CED07E,#F3FAFC,#D51E10
