Pattern,Match,domain,phyla,class,order,family,genus,species,phyla_color,class_color,order_color,family_color,genus_color,species_color
GCF_904063065,RS_GCF_904063065.1,d__Bacteria,p__Proteobacteria,c__Gammaproteobacteria,o__Pseudomonadales,f__Pseudomonadaceae,g__Pseudomonas_E,s__Pseudomonas_E paraversuta,#73F80C,#D33AEE,#70BABF,#800A61,#7BF506,#6710C4
GCF_001305595,RS_GCF_001305595.1,d__Bacteria,p__Proteobacteria,c__Alphaproteobacteria,o__Azospirillales,f__Azospirillaceae,g__Azospirillum,s__Azospirillum thiophilum,#73F80C,#0AD07A,#23B267,#6A00FB,#A81044,#25B993
GCF_003116035,RS_GCF_003116035.1,d__Bacteria,p__Proteobacteria,c__Alphaproteobacteria,o__Azospirillales,f__Azospirillaceae,g__Azospirillum,s__Azospirillum sp003116035,#73F80C,#0AD07A,#23B267,#6A00FB,#A81044,#62A66A
GCF_001512295,RS_GCF_001512295.1,d__Bacteria,p__Proteobacteria,c__Gammaproteobacteria,o__Pseudomonadales,f__Pseudomonadaceae,g__Pseudomonas_B,s__Pseudomonas_B sp001512295,#73F80C,#D33AEE,#70BABF,#800A61,#A177F3,#DB3F93
GCF_000349845,RS_GCF_000349845.1,d__Bacteria,p__Proteobacteria,c__Gammaproteobacteria,o__Pseudomonadales,f__Pseudomonadaceae,g__Pseudomonas,s__Pseudomonas sp000349845,#73F80C,#D33AEE,#70BABF,#800A61,#0F5EF4,#CCEF44
GCF_014109765,RS_GCF_014109765.1,d__Bacteria,p__Proteobacteria,c__Gammaproteobacteria,o__Pseudomonadales,f__Pseudomonadaceae,g__Pseudomonas_E,s__Pseudomonas_E oleovorans_B,#73F80C,#D33AEE,#70BABF,#800A61,#7BF506,#EE0CC8
GCF_004357765,RS_GCF_004357765.1,d__Bacteria,p__Proteobacteria,c__Gammaproteobacteria,o__Pseudomonadales,f__Pseudomonadaceae,g__Pseudomonas_E,s__Pseudomonas_E putida_U,#73F80C,#D33AEE,#70BABF,#800A61,#7BF506,#6E87C6
GCF_000800255,RS_GCF_000800255.1,d__Bacteria,p__Proteobacteria,c__Gammaproteobacteria,o__Pseudomonadales,f__Pseudomonadaceae,g__Pseudomonas_E,s__Pseudomonas_E parafulva_A,#73F80C,#D33AEE,#70BABF,#800A61,#7BF506,#413DFD
GCF_016861355,RS_GCF_016861355.1,d__Bacteria,p__Proteobacteria,c__Gammaproteobacteria,o__Pseudomonadales,f__Pseudomonadaceae,g__Pseudomonas_E,s__Pseudomonas_E sp001259595,#73F80C,#D33AEE,#70BABF,#800A61,#7BF506,#AD5AD7
GCF_018326005,RS_GCF_018326005.1,d__Bacteria,p__Proteobacteria,c__Gammaproteobacteria,o__Pseudomonadales,f__Pseudomonadaceae,g__Pseudomonas_E,s__Pseudomonas_E sp002901475,#73F80C,#D33AEE,#70BABF,#800A61,#7BF506,#9347CB
GCF_000380335,RS_GCF_000380335.1,d__Bacteria,p__Proteobacteria,c__Gammaproteobacteria,o__Pseudomonadales,f__Pseudomonadaceae,g__Azotobacter,s__Azotobacter vinelandii,#73F80C,#D33AEE,#70BABF,#800A61,#27DAA6,#1FE9DD
GCF_000319305,RS_GCF_000319305.2,d__Bacteria,p__Proteobacteria,c__Gammaproteobacteria,o__Pseudomonadales,f__Pseudomonadaceae,g__Pseudomonas_E,s__Pseudomonas_E putida_C,#73F80C,#D33AEE,#70BABF,#800A61,#7BF506,#10A1AF
GCF_009176725,RS_GCF_009176725.1,d__Bacteria,p__Proteobacteria,c__Gammaproteobacteria,o__Pseudomonadales,f__Pseudomonadaceae,g__Pseudomonas_E,s__Pseudomonas_E syringae_M,#73F80C,#D33AEE,#70BABF,#800A61,#7BF506,#862DDD
GCF_000412675,RS_GCF_000412675.1,d__Bacteria,p__Proteobacteria,c__Gammaproteobacteria,o__Pseudomonadales,f__Pseudomonadaceae,g__Pseudomonas_E,s__Pseudomonas_E putida,#73F80C,#D33AEE,#70BABF,#800A61,#7BF506,#3FEDD0
GCF_014268755,RS_GCF_014268755.2,d__Bacteria,p__Proteobacteria,c__Gammaproteobacteria,o__Pseudomonadales,f__Pseudomonadaceae,g__Pseudomonas_E,s__Pseudomonas_E sp014268755,#73F80C,#D33AEE,#70BABF,#800A61,#7BF506,#9EAEB8
GCF_902459705,RS_GCF_902459705.1,d__Bacteria,p__Proteobacteria,c__Gammaproteobacteria,o__Burkholderiales,f__Burkholderiaceae,g__Pandoraea,s__Pandoraea terrigena,#73F80C,#D33AEE,#2E38FE,#F16066,#16EC46,#605E9B
GCA_003241695,GB_GCA_003241695.1,d__Bacteria,p__Proteobacteria,c__Alphaproteobacteria,o__Rhizobiales,f__Methylopilaceae,g__Hansschlegelia,s__Hansschlegelia sp003241695,#73F80C,#0AD07A,#05F123,#05025D,#B922B0,#23C88E
GCF_000423185,RS_GCF_000423185.1,d__Bacteria,p__Proteobacteria,c__Alphaproteobacteria,o__DSM-16000,f__Inquilinaceae,g__Inquilinus,s__Inquilinus limosus,#73F80C,#0AD07A,#25ED3E,#D73941,#90325B,#EBDB2B
GCF_900094575,RS_GCF_900094575.1,d__Bacteria,p__Proteobacteria,c__Alphaproteobacteria,o__Rhizobiales,f__Xanthobacteraceae,g__Bradyrhizobium,s__Bradyrhizobium yuanmingense,#73F80C,#0AD07A,#05F123,#C55D42,#5CDE6F,#F5F002
GCF_000015165,RS_GCF_000015165.1,d__Bacteria,p__Proteobacteria,c__Alphaproteobacteria,o__Rhizobiales,f__Xanthobacteraceae,g__Bradyrhizobium,s__Bradyrhizobium denitrificans,#73F80C,#0AD07A,#05F123,#C55D42,#5CDE6F,#C22567
GCF_013314895,RS_GCF_013314895.1,d__Bacteria,p__Proteobacteria,c__Gammaproteobacteria,o__Burkholderiales,f__Burkholderiaceae,g__Cupriavidus,s__Cupriavidus gilardii_C,#73F80C,#D33AEE,#2E38FE,#F16066,#1B2D92,#39A753
GCF_008693385,RS_GCF_008693385.1,d__Bacteria,p__Proteobacteria,c__Gammaproteobacteria,o__Burkholderiales,f__Burkholderiaceae,g__Cupriavidus,s__Cupriavidus pauculus_D,#73F80C,#D33AEE,#2E38FE,#F16066,#1B2D92,#3BD196
GCF_002119665,RS_GCF_002119665.1,d__Bacteria,p__Proteobacteria,c__Gammaproteobacteria,o__Burkholderiales,f__Burkholderiaceae,g__Bordetella_B,s__Bordetella_B sp002119665,#73F80C,#D33AEE,#2E38FE,#F16066,#008B6D,#52C550
GCF_004138485,RS_GCF_004138485.1,d__Bacteria,p__Proteobacteria,c__Gammaproteobacteria,o__Steroidobacterales,f__Steroidobacteraceae,g__Steroidobacter_A,s__Steroidobacter_A soli,#73F80C,#D33AEE,#1697A9,#009337,#52C51C,#2BEA28
GCF_001040945,RS_GCF_001040945.1,d__Bacteria,p__Proteobacteria,c__Gammaproteobacteria,o__Burkholderiales,f__Burkholderiaceae,g__Herbaspirillum,s__Herbaspirillum seropedicae,#73F80C,#D33AEE,#2E38FE,#F16066,#95E6CB,#0C1F73
GCF_001425265,RS_GCF_001425265.1,d__Bacteria,p__Proteobacteria,c__Gammaproteobacteria,o__Burkholderiales,f__Burkholderiaceae,g__Pseudoduganella,s__Pseudoduganella sp001425265,#73F80C,#D33AEE,#2E38FE,#F16066,#1EBB00,#258DD1
GCF_000723165,RS_GCF_000723165.1,d__Bacteria,p__Proteobacteria,c__Gammaproteobacteria,o__Burkholderiales,f__Burkholderiaceae,g__Janthinobacterium,s__Janthinobacterium agaricidamnosum,#73F80C,#D33AEE,#2E38FE,#F16066,#BEC08A,#C5DFC9
GCF_017833525,RS_GCF_017833525.1,d__Bacteria,p__Proteobacteria,c__Gammaproteobacteria,o__Burkholderiales,f__Burkholderiaceae,g__Duganella,s__Duganella sp017833525,#73F80C,#D33AEE,#2E38FE,#F16066,#8482E1,#24DF82
GCF_000261365,RS_GCF_000261365.1,d__Bacteria,p__Proteobacteria,c__Gammaproteobacteria,o__Burkholderiales,f__Burkholderiaceae,g__Herbaspirillum,s__Herbaspirillum sp000261365,#73F80C,#D33AEE,#2E38FE,#F16066,#95E6CB,#C770F8
GCF_002257565,RS_GCF_002257565.1,d__Bacteria,p__Proteobacteria,c__Gammaproteobacteria,o__Burkholderiales,f__Burkholderiaceae,g__Herbaspirillum,s__Herbaspirillum sp002257565,#73F80C,#D33AEE,#2E38FE,#F16066,#95E6CB,#86BA85
GCF_001676705,RS_GCF_001676705.1,d__Bacteria,p__Proteobacteria,c__Gammaproteobacteria,o__Burkholderiales,f__Burkholderiaceae,g__Bordetella_C,s__Bordetella_C bronchialis,#73F80C,#D33AEE,#2E38FE,#F16066,#22A3BF,#B8A329
GCF_902859625,RS_GCF_902859625.1,d__Bacteria,p__Proteobacteria,c__Gammaproteobacteria,o__Burkholderiales,f__Burkholderiaceae,g__Achromobacter,s__Achromobacter pestifer,#73F80C,#D33AEE,#2E38FE,#F16066,#3D3200,#088FF9
GCF_900078705,RS_GCF_900078705.1,d__Bacteria,p__Proteobacteria,c__Gammaproteobacteria,o__Burkholderiales,f__Burkholderiaceae,g__Bordetella_B,s__Bordetella_B ansorpii_A,#73F80C,#D33AEE,#2E38FE,#F16066,#008B6D,#EB40A4
GCF_009936375,RS_GCF_009936375.1,d__Bacteria,p__Proteobacteria,c__Alphaproteobacteria,o__Rhizobiales,f__Beijerinckiaceae,g__Methylosinus,s__Methylosinus sp009936375,#73F80C,#0AD07A,#05F123,#A33671,#A0A9FC,#557F38
GCA_004295565,GB_GCA_004295565.1,d__Bacteria,p__Proteobacteria,c__Gammaproteobacteria,o__Pseudomonadales,f__Halomonadaceae,g__Halomonas,s__Halomonas olivaria,#73F80C,#D33AEE,#70BABF,#A9D27B,#F4877E,#9ED97E
GCF_000299335,RS_GCF_000299335.2,d__Bacteria,p__Proteobacteria,c__Gammaproteobacteria,o__Pseudomonadales,f__Alcanivoracaceae,g__Alcanivorax_A,s__Alcanivorax_A pacificus,#73F80C,#D33AEE,#70BABF,#B8C1B4,#EFFB74,#AB84FA
GCF_009846755,RS_GCF_009846755.1,d__Bacteria,p__Proteobacteria,c__Gammaproteobacteria,o__Pseudomonadales,f__Alcanivoracaceae,g__Alcanivorax_A,s__Alcanivorax_A sp009846755,#73F80C,#D33AEE,#70BABF,#B8C1B4,#EFFB74,#295659
GCF_008033135,RS_GCF_008033135.1,d__Bacteria,p__Proteobacteria,c__Gammaproteobacteria,o__Burkholderiales,f__Chitinibacteraceae,g__Chitinolyticbacter,s__Chitinolyticbacter meiyuanensis,#73F80C,#D33AEE,#2E38FE,#72E027,#9B68B3,#160091
GCF_900109745,RS_GCF_900109745.1,d__Bacteria,p__Proteobacteria,c__Gammaproteobacteria,o__Burkholderiales,f__Burkholderiaceae,g__Roseateles,s__Roseateles sp900109745,#73F80C,#D33AEE,#2E38FE,#F16066,#80F75C,#C3255E
GCF_002205645,RS_GCF_002205645.1,d__Bacteria,p__Proteobacteria,c__Gammaproteobacteria,o__Burkholderiales,f__Burkholderiaceae,g__Mitsuaria,s__Mitsuaria aquatilis,#73F80C,#D33AEE,#2E38FE,#F16066,#AB3892,#4BCB02
GCF_000176855,RS_GCF_000176855.2,d__Bacteria,p__Proteobacteria,c__Gammaproteobacteria,o__Burkholderiales,f__Burkholderiaceae,g__Acidovorax_A,s__Acidovorax_A avenae,#73F80C,#D33AEE,#2E38FE,#F16066,#245CAE,#14E509
GCF_000463015,RS_GCF_000463015.1,d__Bacteria,p__Proteobacteria,c__Gammaproteobacteria,o__Burkholderiales,f__Burkholderiaceae,g__Variovorax,s__Variovorax paradoxus_E,#73F80C,#D33AEE,#2E38FE,#F16066,#7A47E5,#587800
GCF_009363155,RS_GCF_009363155.1,d__Bacteria,p__Proteobacteria,c__Gammaproteobacteria,o__Pseudomonadales,f__Pseudomonadaceae,g__Azotobacter,s__Azotobacter salinestris,#73F80C,#D33AEE,#70BABF,#800A61,#27DAA6,#6F7A3A
GCF_000310225,RS_GCF_000310225.1,d__Bacteria,p__Proteobacteria,c__Gammaproteobacteria,o__Burkholderiales,f__Rhodocyclaceae,g__Thauera,s__Thauera phenylacetica,#73F80C,#D33AEE,#2E38FE,#96A191,#8DB14A,#C44E6D
GCF_000165835,RS_GCF_000165835.1,d__Bacteria,p__Proteobacteria,c__Gammaproteobacteria,o__Burkholderiales,f__Burkholderiaceae,g__Achromobacter,s__Achromobacter xylosoxidans_B,#73F80C,#D33AEE,#2E38FE,#F16066,#3D3200,#9B8A2B
GCF_002752655,RS_GCF_002752655.1,d__Bacteria,p__Proteobacteria,c__Alphaproteobacteria,o__Rhizobiales,f__Beijerinckiaceae,g__Methylosinus,s__Methylosinus trichosporium,#73F80C,#0AD07A,#05F123,#A33671,#A0A9FC,#A889EC
GCF_013408655,RS_GCF_013408655.1,d__Bacteria,p__Proteobacteria,c__Gammaproteobacteria,o__Burkholderiales,f__Burkholderiaceae,g__Pigmentiphaga,s__Pigmentiphaga litoralis_A,#73F80C,#D33AEE,#2E38FE,#F16066,#25E7C4,#FA9B4F
GCF_000335815,RS_GCF_000335815.1,d__Bacteria,p__Proteobacteria,c__Gammaproteobacteria,o__Burkholderiales,f__Burkholderiaceae,g__Duganella,s__Duganella sp000335815,#73F80C,#D33AEE,#2E38FE,#F16066,#8482E1,#1292B2
GCF_008632455,RS_GCF_008632455.1,d__Bacteria,p__Proteobacteria,c__Gammaproteobacteria,o__Methylococcales,f__Methylomonadaceae,g__Methylomonas,s__Methylomonas rhizoryzae,#73F80C,#D33AEE,#959F5E,#1CDECB,#0B96C3,#C7A6E8
GCF_900155475,RS_GCF_900155475.1,d__Bacteria,p__Proteobacteria,c__Gammaproteobacteria,o__Methylococcales,f__Methylococcaceae,g__Methylomagnum,s__Methylomagnum ishizawai,#73F80C,#D33AEE,#959F5E,#916DA3,#23CB8D,#8C13C4
GCF_000019225,RS_GCF_000019225.1,d__Bacteria,p__Proteobacteria,c__Gammaproteobacteria,o__Pseudomonadales,f__Cellvibrionaceae,g__Cellvibrio,s__Cellvibrio japonicus,#73F80C,#D33AEE,#70BABF,#37B0F8,#4D788B,#931DD1
GCF_000153205,RS_GCF_000153205.1,d__Bacteria,p__Proteobacteria,c__Gammaproteobacteria,o__Nitrococcales,f__Nitrococcaceae,g__Nitrococcus,s__Nitrococcus mobilis,#73F80C,#D33AEE,#65F37C,#507592,#55ACDC,#AD904F
GCF_001865675,RS_GCF_001865675.1,d__Bacteria,p__Proteobacteria,c__Gammaproteobacteria,o__Burkholderiales,f__Burkholderiaceae,g__Janthinobacterium,s__Janthinobacterium sp001865675,#73F80C,#D33AEE,#2E38FE,#F16066,#BEC08A,#D796E2
GCF_900105355,RS_GCF_900105355.1,d__Bacteria,p__Proteobacteria,c__Gammaproteobacteria,o__Pseudomonadales,f__Pseudomonadaceae,g__Pseudomonas_E,s__Pseudomonas_E anguilliseptica,#73F80C,#D33AEE,#70BABF,#800A61,#7BF506,#A6064B
GCF_000281895,RS_GCF_000281895.1,d__Bacteria,p__Proteobacteria,c__Gammaproteobacteria,o__Pseudomonadales,f__Pseudomonadaceae,g__Pseudomonas_E,s__Pseudomonas_E fluorescens_S,#73F80C,#D33AEE,#70BABF,#800A61,#7BF506,#837402
GCA_001017435,GB_GCA_001017435.1,d__Bacteria,p__Proteobacteria,c__Gammaproteobacteria,o__Burkholderiales,f__Burkholderiaceae,g__Polyangium_A,s__Polyangium_A brachysporum,#73F80C,#D33AEE,#2E38FE,#F16066,#20B811,#04AAA1
GCF_000426345,RS_GCF_000426345.1,d__Bacteria,p__Proteobacteria,c__Gammaproteobacteria,o__Burkholderiales,f__Burkholderiaceae,g__Cupriavidus,s__Cupriavidus sp000426345,#73F80C,#D33AEE,#2E38FE,#F16066,#1B2D92,#AC48C5
GCF_004923295,RS_GCF_004923295.1,d__Bacteria,p__Proteobacteria,c__Alphaproteobacteria,o__Azospirillales,f__Azospirillaceae,g__Azospirillum,s__Azospirillum sp003115975,#73F80C,#0AD07A,#23B267,#6A00FB,#A81044,#D4E094
GCF_000730165,RS_GCF_000730165.1,d__Bacteria,p__Proteobacteria,c__Alphaproteobacteria,o__Azospirillales,f__Azospirillaceae,g__Nitrospirillum,s__Nitrospirillum amazonense,#73F80C,#0AD07A,#23B267,#6A00FB,#51CCA6,#553740
GCF_003590795,RS_GCF_003590795.1,d__Bacteria,p__Proteobacteria,c__Alphaproteobacteria,o__Azospirillales,f__Azospirillaceae,g__Azospirillum,s__Azospirillum sp003590795,#73F80C,#0AD07A,#23B267,#6A00FB,#A81044,#CAA48C
GCF_000010725,RS_GCF_000010725.1,d__Bacteria,p__Proteobacteria,c__Alphaproteobacteria,o__Azospirillales,f__Azospirillaceae,g__Azospirillum,s__Azospirillum lipoferum_B,#73F80C,#0AD07A,#23B267,#6A00FB,#A81044,#D2E924
GCA_013215705,GB_GCA_013215705.1,d__Bacteria,p__Proteobacteria,c__Gammaproteobacteria,o__Enterobacterales,f__Moritellaceae,g__Moritella,s__Moritella sp013215705,#73F80C,#D33AEE,#FAD26D,#7BEFA0,#D97269,#0E2E32
GCF_018336955,RS_GCF_018336955.1,d__Bacteria,p__Proteobacteria,c__Gammaproteobacteria,o__Pseudomonadales,f__Marinomonadaceae,g__Marinomonas,s__Marinomonas sp018336955,#73F80C,#D33AEE,#70BABF,#721E62,#C63A3F,#65D223
GCF_000711805,RS_GCF_000711805.1,d__Bacteria,p__Proteobacteria,c__Gammaproteobacteria,o__Enterobacterales,f__Vibrionaceae,g__Vibrio,s__Vibrio rhizosphaerae,#73F80C,#D33AEE,#FAD26D,#5EE4C2,#AF4ED1,#64C4EF
GCF_900184095,RS_GCF_900184095.1,d__Bacteria,p__Proteobacteria,c__Gammaproteobacteria,o__Enterobacterales,f__Vibrionaceae,g__Vibrio,s__Vibrio mangrovi,#73F80C,#D33AEE,#FAD26D,#5EE4C2,#AF4ED1,#420F31
GCA_004353515,GB_GCA_004353515.1,d__Bacteria,p__Proteobacteria,c__Gammaproteobacteria,o__Enterobacterales,f__Alteromonadaceae,g__M269,s__M269 sp004353515,#73F80C,#D33AEE,#FAD26D,#DC1F74,#82ECCC,#45C5C2
GCF_002157225,RS_GCF_002157225.2,d__Bacteria,p__Proteobacteria,c__Gammaproteobacteria,o__Pseudomonadales,f__Cellvibrionaceae,g__Agarilytica,s__Agarilytica rhodophyticola,#73F80C,#D33AEE,#70BABF,#37B0F8,#74F576,#E04D7F
GCF_014191725,RS_GCF_014191725.1,d__Bacteria,p__Proteobacteria,c__Gammaproteobacteria,o__Pseudomonadales,f__Cellvibrionaceae,g__Microbulbifer,s__Microbulbifer rhizosphaerae,#73F80C,#D33AEE,#70BABF,#37B0F8,#0BDD15,#1C5B96
GCF_015471405,RS_GCF_015471405.1,d__Bacteria,p__Proteobacteria,c__Gammaproteobacteria,o__Pseudomonadales,f__Pseudomonadaceae,g__Pseudomonas_E,s__Pseudomonas_E cichorii_D,#73F80C,#D33AEE,#70BABF,#800A61,#7BF506,#6BC1DA
GCF_009176705,RS_GCF_009176705.1,d__Bacteria,p__Proteobacteria,c__Gammaproteobacteria,o__Enterobacterales,f__Alteromonadaceae,g__Pseudoalteromonas,s__Pseudoalteromonas sp009176705,#73F80C,#D33AEE,#FAD26D,#DC1F74,#6B3F06,#3221C5
GCA_013216015,GB_GCA_013216015.1,d__Bacteria,p__Proteobacteria,c__Gammaproteobacteria,o__Enterobacterales,f__Alteromonadaceae,g__JABSOI01,s__JABSOI01 sp013216015,#73F80C,#D33AEE,#FAD26D,#DC1F74,#3342FD,#FF3DC1
GCF_000153025,RS_GCF_000153025.1,d__Bacteria,p__Proteobacteria,c__Gammaproteobacteria,o__Pseudomonadales,f__Marinomonadaceae,g__Marinomonas,s__Marinomonas sp000153025,#73F80C,#D33AEE,#70BABF,#721E62,#C63A3F,#EA3C62
GCF_000192865,RS_GCF_000192865.1,d__Bacteria,p__Proteobacteria,c__Gammaproteobacteria,o__Pseudomonadales,f__Marinomonadaceae,g__Marinomonas,s__Marinomonas mediterranea,#73F80C,#D33AEE,#70BABF,#721E62,#C63A3F,#5D2927
GCF_003208215,RS_GCF_003208215.1,d__Bacteria,p__Proteobacteria,c__Gammaproteobacteria,o__Pseudomonadales,f__Marinomonadaceae,g__Marinomonas,s__Marinomonas alcarazii,#73F80C,#D33AEE,#70BABF,#721E62,#C63A3F,#9C3A85
GCF_000940805,RS_GCF_000940805.1,d__Bacteria,p__Proteobacteria,c__Gammaproteobacteria,o__Pseudomonadales,f__Natronospirillaceae,g__Gynuella,s__Gynuella sunshinyii,#73F80C,#D33AEE,#70BABF,#C70D9C,#7A41F2,#13C99F
GCF_002753995,RS_GCF_002753995.1,d__Bacteria,p__Proteobacteria,c__Gammaproteobacteria,o__Pseudomonadales,f__Pseudomonadaceae,g__Pseudomonas_E,s__Pseudomonas_E sp002753995,#73F80C,#D33AEE,#70BABF,#800A61,#7BF506,#CC2C1C
GCF_003719195,RS_GCF_003719195.1,d__Bacteria,p__Proteobacteria,c__Gammaproteobacteria,o__Burkholderiales,f__Burkholderiaceae,g__Herbaspirillum,s__Herbaspirillum rubrisubalbicans,#73F80C,#D33AEE,#2E38FE,#F16066,#95E6CB,#153A23
GCF_016917355,RS_GCF_016917355.1,d__Bacteria,p__Proteobacteria,c__Gammaproteobacteria,o__Burkholderiales,f__Burkholderiaceae,g__Glaciimonas,s__Glaciimonas sp016917355,#73F80C,#D33AEE,#2E38FE,#F16066,#DC4499,#052197
GCF_900452415,RS_GCF_900452415.1,d__Bacteria,p__Proteobacteria,c__Gammaproteobacteria,o__Legionellales,f__Legionellaceae,g__Legionella,s__Legionella cincinnatiensis,#73F80C,#D33AEE,#BDF16C,#780C34,#760D9E,#EAFD1A
GCF_000016565,RS_GCF_000016565.1,d__Bacteria,p__Proteobacteria,c__Gammaproteobacteria,o__Pseudomonadales,f__Pseudomonadaceae,g__Pseudomonas_E,s__Pseudomonas_E mendocina_A,#73F80C,#D33AEE,#70BABF,#800A61,#7BF506,#B0E7F8
GCA_002338065,GB_GCA_002338065.1,d__Bacteria,p__Proteobacteria,c__Gammaproteobacteria,o__Pseudomonadales,f__Pseudomonadaceae,g__Pseudomonas_E,s__Pseudomonas_E sp002338065,#73F80C,#D33AEE,#70BABF,#800A61,#7BF506,#365A47
GCF_001709345,RS_GCF_001709345.1,d__Bacteria,p__Proteobacteria,c__Gammaproteobacteria,o__Pseudomonadales,f__Halomonadaceae,g__Terasakiispira,s__Terasakiispira papahanaumokuakeensis,#73F80C,#D33AEE,#70BABF,#A9D27B,#E69524,#2B3722
GCF_009455625,RS_GCF_009455625.1,d__Bacteria,p__Proteobacteria,c__Gammaproteobacteria,o__Burkholderiales,f__Burkholderiaceae,g__Paraburkholderia,s__Paraburkholderia bonniea,#73F80C,#D33AEE,#2E38FE,#F16066,#AA8415,#455F55
GCF_000020045,RS_GCF_000020045.1,d__Bacteria,p__Proteobacteria,c__Gammaproteobacteria,o__Burkholderiales,f__Burkholderiaceae,g__Paraburkholderia,s__Paraburkholderia phymatum,#73F80C,#D33AEE,#2E38FE,#F16066,#AA8415,#6C3669
GCF_000012945,RS_GCF_000012945.1,d__Bacteria,p__Proteobacteria,c__Gammaproteobacteria,o__Burkholderiales,f__Burkholderiaceae,g__Burkholderia,s__Burkholderia lata,#73F80C,#D33AEE,#2E38FE,#F16066,#DBE246,#D29E45
GCF_000203915,RS_GCF_000203915.1,d__Bacteria,p__Proteobacteria,c__Gammaproteobacteria,o__Burkholderiales,f__Burkholderiaceae,g__Burkholderia,s__Burkholderia ambifaria,#73F80C,#D33AEE,#2E38FE,#F16066,#DBE246,#FA66E1
GCF_000011705,RS_GCF_000011705.1,d__Bacteria,p__Proteobacteria,c__Gammaproteobacteria,o__Burkholderiales,f__Burkholderiaceae,g__Burkholderia,s__Burkholderia mallei,#73F80C,#D33AEE,#2E38FE,#F16066,#DBE246,#721D0D
GCA_001544595,GB_GCA_001544595.2,d__Bacteria,p__Proteobacteria,c__Gammaproteobacteria,o__Burkholderiales,f__Burkholderiaceae,g__Caballeronia,s__Caballeronia peredens,#73F80C,#D33AEE,#2E38FE,#F16066,#A51EBB,#FDDCA7
GCF_000013645,RS_GCF_000013645.1,d__Bacteria,p__Proteobacteria,c__Gammaproteobacteria,o__Burkholderiales,f__Burkholderiaceae,g__Paraburkholderia,s__Paraburkholderia xenovorans,#73F80C,#D33AEE,#2E38FE,#F16066,#AA8415,#D83CA3
GCF_902833645,RS_GCF_902833645.1,d__Bacteria,p__Proteobacteria,c__Gammaproteobacteria,o__Burkholderiales,f__Burkholderiaceae,g__Paraburkholderia,s__Paraburkholderia fungorum,#73F80C,#D33AEE,#2E38FE,#F16066,#AA8415,#4C7608
GCA_017498545,GB_GCA_017498545.1,d__Bacteria,p__Acidobacteriota,c__Holophagae,o__Acanthopleuribacterales,f__Acanthopleuribacteraceae,g__Acanthopleuribacter,s__Acanthopleuribacter sp017498545,#6689A5,#C486D7,#DF1121,#10B3C7,#54DF08,#E59FAB
GCA_002354735,GB_GCA_002354735.1,d__Bacteria,p__Proteobacteria,c__Gammaproteobacteria,o__Pseudomonadales,f__Oleiphilaceae,g__UBA2679,s__UBA2679 sp002354735,#73F80C,#D33AEE,#70BABF,#4F5003,#F0A5DF,#3D4D89
GCA_013178375,GB_GCA_013178375.1,d__Bacteria,p__Proteobacteria,c__Gammaproteobacteria,o__Pseudomonadales,f__Ketobacteraceae,g__Ch67,s__Ch67 sp013178375,#73F80C,#D33AEE,#70BABF,#723FDF,#223686,#A902F0
GCF_900113905,RS_GCF_900113905.1,d__Bacteria,p__Proteobacteria,c__Gammaproteobacteria,o__Pseudomonadales,f__Pseudomonadaceae,g__Pseudomonas_E,s__Pseudomonas_E argentinensis,#73F80C,#D33AEE,#70BABF,#800A61,#7BF506,#5EA3B2
GCF_002752675,RS_GCF_002752675.1,d__Bacteria,p__Proteobacteria,c__Gammaproteobacteria,o__Burkholderiales,f__Burkholderiaceae,g__Massilia,s__Massilia violaceinigra,#73F80C,#D33AEE,#2E38FE,#F16066,#7B2551,#41DDBA
GCF_002356535,RS_GCF_002356535.2,d__Bacteria,p__Proteobacteria,c__Gammaproteobacteria,o__Pseudomonadales,f__Pseudomonadaceae,g__Pseudomonas_E,s__Pseudomonas_E sp002356535,#73F80C,#D33AEE,#70BABF,#800A61,#7BF506,#AFFEB3
GCF_003033885,RS_GCF_003033885.1,d__Bacteria,p__Proteobacteria,c__Gammaproteobacteria,o__Pseudomonadales,f__Pseudomonadaceae,g__Pseudomonas_E,s__Pseudomonas_E sp003033885,#73F80C,#D33AEE,#70BABF,#800A61,#7BF506,#194131
GCF_018325905,RS_GCF_018325905.1,d__Bacteria,p__Proteobacteria,c__Gammaproteobacteria,o__Pseudomonadales,f__Pseudomonadaceae,g__Pseudomonas_E,s__Pseudomonas_E sp018325905,#73F80C,#D33AEE,#70BABF,#800A61,#7BF506,#1F7A74
GCF_012033695,RS_GCF_012033695.1,d__Bacteria,p__Proteobacteria,c__Gammaproteobacteria,o__Pseudomonadales,f__Pseudomonadaceae,g__Pseudomonas_E,s__Pseudomonas_E quercus,#73F80C,#D33AEE,#70BABF,#800A61,#7BF506,#161D2F
GCF_900142905,RS_GCF_900142905.1,d__Bacteria,p__Proteobacteria,c__Gammaproteobacteria,o__Burkholderiales,f__Burkholderiaceae,g__Paraburkholderia,s__Paraburkholderia sp900142905,#73F80C,#D33AEE,#2E38FE,#F16066,#AA8415,#390ACF
GCF_014200455,RS_GCF_014200455.1,d__Bacteria,p__Proteobacteria,c__Gammaproteobacteria,o__Burkholderiales,f__Burkholderiaceae,g__Paraburkholderia,s__Paraburkholderia bannensis_A,#73F80C,#D33AEE,#2E38FE,#F16066,#AA8415,#2FBD80
GCF_900104845,RS_GCF_900104845.1,d__Bacteria,p__Proteobacteria,c__Gammaproteobacteria,o__Burkholderiales,f__Burkholderiaceae,g__Paraburkholderia,s__Paraburkholderia caballeronis,#73F80C,#D33AEE,#2E38FE,#F16066,#AA8415,#67BE8B
GCF_002917095,RS_GCF_002917095.1,d__Bacteria,p__Proteobacteria,c__Gammaproteobacteria,o__Burkholderiales,f__Burkholderiaceae,g__Paraburkholderia,s__Paraburkholderia eburnea,#73F80C,#D33AEE,#2E38FE,#F16066,#AA8415,#E9909A
GCF_001544455,RS_GCF_001544455.2,d__Bacteria,p__Proteobacteria,c__Gammaproteobacteria,o__Burkholderiales,f__Burkholderiaceae,g__Caballeronia,s__Caballeronia sordidicola_B,#73F80C,#D33AEE,#2E38FE,#F16066,#A51EBB,#BBEA95
GCF_900996245,RS_GCF_900996245.1,d__Bacteria,p__Proteobacteria,c__Gammaproteobacteria,o__Burkholderiales,f__Burkholderiaceae,g__Paraburkholderia,s__Paraburkholderia sp900996245,#73F80C,#D33AEE,#2E38FE,#F16066,#AA8415,#89534E
GCF_000067165,RS_GCF_000067165.1,d__Bacteria,p__Myxococcota,c__Polyangia,o__Polyangiales,f__Polyangiaceae,g__Sorangium,s__Sorangium cellulosum_B,#4226E2,#79E083,#FB32D0,#B477FA,#F0E455,#6AF72C
GCA_902500995,GB_GCA_902500995.1,d__Bacteria,p__Nitrospirota,c__Nitrospiria,o__Nitrospirales,f__Nitrospiraceae,g__Nitrospira_A,s__Nitrospira_A sp902500995,#4B9EF9,#6485FA,#E3F0D1,#2A6988,#C75AB1,#7E0D25
GCA_002420115,GB_GCA_002420115.1,d__Bacteria,p__Nitrospirota,c__Nitrospiria,o__Nitrospirales,f__Nitrospiraceae,g__Nitrospira_F,s__Nitrospira_F sp002420115,#4B9EF9,#6485FA,#E3F0D1,#2A6988,#509166,#F6BDC9
GCA_009909085,GB_GCA_009909085.1,d__Bacteria,p__Cyanobacteria,c__Cyanobacteriia,o__Cyanobacteriales,f__Rubidibacteraceae,g__Halothece,s__Halothece sp009909085,#56F447,#9882A8,#DD2AB7,#8291F8,#F4E3AC,#242BAF
GCA_010672825,GB_GCA_010672825.2,d__Bacteria,p__Cyanobacteria,c__Cyanobacteriia,o__Phormidesmiales,f__Phormidesmiaceae,g__SIO1E4,s__SIO1E4 sp010672825,#56F447,#9882A8,#CAF86A,#AAE1A9,#11F864,#C66DFE
GCF_000828085,RS_GCF_000828085.3,d__Bacteria,p__Cyanobacteria,c__Cyanobacteriia,o__Cyanobacteriales,f__Nostocaceae,g__Brasilonema,s__Brasilonema tolypothrichoides,#56F447,#9882A8,#DD2AB7,#C4ABA7,#9B60C7,#C6E3C3
GCF_000317475,RS_GCF_000317475.1,d__Bacteria,p__Cyanobacteria,c__Cyanobacteriia,o__Cyanobacteriales,f__Microcoleaceae,g__Microcoleus,s__Microcoleus sp000317475,#56F447,#9882A8,#DD2AB7,#ED85C4,#6B6C61,#974C03
GCF_014695915,RS_GCF_014695915.1,d__Bacteria,p__Cyanobacteria,c__Cyanobacteriia,o__Cyanobacteriales,f__FACHB-T130,g__FACHB-40,s__FACHB-40 sp014695915,#56F447,#9882A8,#DD2AB7,#3CDD4E,#553731,#3B2464
