Pattern,Match,domain;phyla;class;order;family;genus;species
GCF_000238315,RS_GCF_000238315.3,d__Bacteria;p__Proteobacteria;c__Gammaproteobacteria;o__Enterobacterales;f__Alteromonadaceae;g__Pseudoalteromonas;s__Pseudoalteromonas piscicida
GCF_002261225,RS_GCF_002261225.1,d__Bacteria;p__Proteobacteria;c__Gammaproteobacteria;o__Burkholderiales;f__Burkholderiaceae;g__Bordetella_C;s__Bordetella_C sp002261225
GCF_900109265,RS_GCF_900109265.1,d__Bacteria;p__Proteobacteria;c__Gammaproteobacteria;o__Burkholderiales;f__Burkholderiaceae;g__Paraburkholderia;s__Paraburkholderia tropica
GCF_000261365,RS_GCF_000261365.1,d__Bacteria;p__Proteobacteria;c__Gammaproteobacteria;o__Burkholderiales;f__Burkholderiaceae;g__Herbaspirillum;s__Herbaspirillum sp000261365
GCF_000723165,RS_GCF_000723165.1,d__Bacteria;p__Proteobacteria;c__Gammaproteobacteria;o__Burkholderiales;f__Burkholderiaceae;g__Janthinobacterium;s__Janthinobacterium agaricidamnosum
