Pattern,Match,domain;phyla;class;order;family;genus;species
GCF_904063065,RS_GCF_904063065.1,d__Bacteria;p__Proteobacteria;c__Gammaproteobacteria;o__Pseudomonadales;f__Pseudomonadaceae;g__Pseudomonas_E;s__Pseudomonas_E paraversuta
GCF_001305595,RS_GCF_001305595.1,d__Bacteria;p__Proteobacteria;c__Alphaproteobacteria;o__Azospirillales;f__Azospirillaceae;g__Azospirillum;s__Azospirillum thiophilum
GCF_003116035,RS_GCF_003116035.1,d__Bacteria;p__Proteobacteria;c__Alphaproteobacteria;o__Azospirillales;f__Azospirillaceae;g__Azospirillum;s__Azospirillum sp003116035
GCF_001512295,RS_GCF_001512295.1,d__Bacteria;p__Proteobacteria;c__Gammaproteobacteria;o__Pseudomonadales;f__Pseudomonadaceae;g__Pseudomonas_B;s__Pseudomonas_B sp001512295
GCF_000349845,RS_GCF_000349845.1,d__Bacteria;p__Proteobacteria;c__Gammaproteobacteria;o__Pseudomonadales;f__Pseudomonadaceae;g__Pseudomonas;s__Pseudomonas sp000349845
GCF_014109765,RS_GCF_014109765.1,d__Bacteria;p__Proteobacteria;c__Gammaproteobacteria;o__Pseudomonadales;f__Pseudomonadaceae;g__Pseudomonas_E;s__Pseudomonas_E oleovorans_B
GCF_004357765,RS_GCF_004357765.1,d__Bacteria;p__Proteobacteria;c__Gammaproteobacteria;o__Pseudomonadales;f__Pseudomonadaceae;g__Pseudomonas_E;s__Pseudomonas_E putida_U
GCF_000800255,RS_GCF_000800255.1,d__Bacteria;p__Proteobacteria;c__Gammaproteobacteria;o__Pseudomonadales;f__Pseudomonadaceae;g__Pseudomonas_E;s__Pseudomonas_E parafulva_A
GCF_016861355,RS_GCF_016861355.1,d__Bacteria;p__Proteobacteria;c__Gammaproteobacteria;o__Pseudomonadales;f__Pseudomonadaceae;g__Pseudomonas_E;s__Pseudomonas_E sp001259595
GCF_018326005,RS_GCF_018326005.1,d__Bacteria;p__Proteobacteria;c__Gammaproteobacteria;o__Pseudomonadales;f__Pseudomonadaceae;g__Pseudomonas_E;s__Pseudomonas_E sp002901475
GCF_000380335,RS_GCF_000380335.1,d__Bacteria;p__Proteobacteria;c__Gammaproteobacteria;o__Pseudomonadales;f__Pseudomonadaceae;g__Azotobacter;s__Azotobacter vinelandii
GCF_000319305,RS_GCF_000319305.2,d__Bacteria;p__Proteobacteria;c__Gammaproteobacteria;o__Pseudomonadales;f__Pseudomonadaceae;g__Pseudomonas_E;s__Pseudomonas_E putida_C
GCF_009176725,RS_GCF_009176725.1,d__Bacteria;p__Proteobacteria;c__Gammaproteobacteria;o__Pseudomonadales;f__Pseudomonadaceae;g__Pseudomonas_E;s__Pseudomonas_E syringae_M
GCF_000412675,RS_GCF_000412675.1,d__Bacteria;p__Proteobacteria;c__Gammaproteobacteria;o__Pseudomonadales;f__Pseudomonadaceae;g__Pseudomonas_E;s__Pseudomonas_E putida
GCF_014268755,RS_GCF_014268755.2,d__Bacteria;p__Proteobacteria;c__Gammaproteobacteria;o__Pseudomonadales;f__Pseudomonadaceae;g__Pseudomonas_E;s__Pseudomonas_E sp014268755
GCF_902459705,RS_GCF_902459705.1,d__Bacteria;p__Proteobacteria;c__Gammaproteobacteria;o__Burkholderiales;f__Burkholderiaceae;g__Pandoraea;s__Pandoraea terrigena
GCA_003241695,GB_GCA_003241695.1,d__Bacteria;p__Proteobacteria;c__Alphaproteobacteria;o__Rhizobiales;f__Methylopilaceae;g__Hansschlegelia;s__Hansschlegelia sp003241695
GCF_000423185,RS_GCF_000423185.1,d__Bacteria;p__Proteobacteria;c__Alphaproteobacteria;o__DSM-16000;f__Inquilinaceae;g__Inquilinus;s__Inquilinus limosus
GCF_900094575,RS_GCF_900094575.1,d__Bacteria;p__Proteobacteria;c__Alphaproteobacteria;o__Rhizobiales;f__Xanthobacteraceae;g__Bradyrhizobium;s__Bradyrhizobium yuanmingense
GCF_000015165,RS_GCF_000015165.1,d__Bacteria;p__Proteobacteria;c__Alphaproteobacteria;o__Rhizobiales;f__Xanthobacteraceae;g__Bradyrhizobium;s__Bradyrhizobium denitrificans
GCF_013314895,RS_GCF_013314895.1,d__Bacteria;p__Proteobacteria;c__Gammaproteobacteria;o__Burkholderiales;f__Burkholderiaceae;g__Cupriavidus;s__Cupriavidus gilardii_C
GCF_008693385,RS_GCF_008693385.1,d__Bacteria;p__Proteobacteria;c__Gammaproteobacteria;o__Burkholderiales;f__Burkholderiaceae;g__Cupriavidus;s__Cupriavidus pauculus_D
GCF_002119665,RS_GCF_002119665.1,d__Bacteria;p__Proteobacteria;c__Gammaproteobacteria;o__Burkholderiales;f__Burkholderiaceae;g__Bordetella_B;s__Bordetella_B sp002119665
GCF_004138485,RS_GCF_004138485.1,d__Bacteria;p__Proteobacteria;c__Gammaproteobacteria;o__Steroidobacterales;f__Steroidobacteraceae;g__Steroidobacter_A;s__Steroidobacter_A soli
GCF_001040945,RS_GCF_001040945.1,d__Bacteria;p__Proteobacteria;c__Gammaproteobacteria;o__Burkholderiales;f__Burkholderiaceae;g__Herbaspirillum;s__Herbaspirillum seropedicae
GCF_001425265,RS_GCF_001425265.1,d__Bacteria;p__Proteobacteria;c__Gammaproteobacteria;o__Burkholderiales;f__Burkholderiaceae;g__Pseudoduganella;s__Pseudoduganella sp001425265
GCF_000723165,RS_GCF_000723165.1,d__Bacteria;p__Proteobacteria;c__Gammaproteobacteria;o__Burkholderiales;f__Burkholderiaceae;g__Janthinobacterium;s__Janthinobacterium agaricidamnosum
GCF_017833525,RS_GCF_017833525.1,d__Bacteria;p__Proteobacteria;c__Gammaproteobacteria;o__Burkholderiales;f__Burkholderiaceae;g__Duganella;s__Duganella sp017833525
GCF_000261365,RS_GCF_000261365.1,d__Bacteria;p__Proteobacteria;c__Gammaproteobacteria;o__Burkholderiales;f__Burkholderiaceae;g__Herbaspirillum;s__Herbaspirillum sp000261365
GCF_002257565,RS_GCF_002257565.1,d__Bacteria;p__Proteobacteria;c__Gammaproteobacteria;o__Burkholderiales;f__Burkholderiaceae;g__Herbaspirillum;s__Herbaspirillum sp002257565
GCF_001676705,RS_GCF_001676705.1,d__Bacteria;p__Proteobacteria;c__Gammaproteobacteria;o__Burkholderiales;f__Burkholderiaceae;g__Bordetella_C;s__Bordetella_C bronchialis
GCF_902859625,RS_GCF_902859625.1,d__Bacteria;p__Proteobacteria;c__Gammaproteobacteria;o__Burkholderiales;f__Burkholderiaceae;g__Achromobacter;s__Achromobacter pestifer
GCF_900078705,RS_GCF_900078705.1,d__Bacteria;p__Proteobacteria;c__Gammaproteobacteria;o__Burkholderiales;f__Burkholderiaceae;g__Bordetella_B;s__Bordetella_B ansorpii_A
GCF_009936375,RS_GCF_009936375.1,d__Bacteria;p__Proteobacteria;c__Alphaproteobacteria;o__Rhizobiales;f__Beijerinckiaceae;g__Methylosinus;s__Methylosinus sp009936375
GCA_004295565,GB_GCA_004295565.1,d__Bacteria;p__Proteobacteria;c__Gammaproteobacteria;o__Pseudomonadales;f__Halomonadaceae;g__Halomonas;s__Halomonas olivaria
GCF_000299335,RS_GCF_000299335.2,d__Bacteria;p__Proteobacteria;c__Gammaproteobacteria;o__Pseudomonadales;f__Alcanivoracaceae;g__Alcanivorax_A;s__Alcanivorax_A pacificus
GCF_009846755,RS_GCF_009846755.1,d__Bacteria;p__Proteobacteria;c__Gammaproteobacteria;o__Pseudomonadales;f__Alcanivoracaceae;g__Alcanivorax_A;s__Alcanivorax_A sp009846755
GCF_008033135,RS_GCF_008033135.1,d__Bacteria;p__Proteobacteria;c__Gammaproteobacteria;o__Burkholderiales;f__Chitinibacteraceae;g__Chitinolyticbacter;s__Chitinolyticbacter meiyuanensis
GCF_900109745,RS_GCF_900109745.1,d__Bacteria;p__Proteobacteria;c__Gammaproteobacteria;o__Burkholderiales;f__Burkholderiaceae;g__Roseateles;s__Roseateles sp900109745
GCF_002205645,RS_GCF_002205645.1,d__Bacteria;p__Proteobacteria;c__Gammaproteobacteria;o__Burkholderiales;f__Burkholderiaceae;g__Mitsuaria;s__Mitsuaria aquatilis
GCF_000176855,RS_GCF_000176855.2,d__Bacteria;p__Proteobacteria;c__Gammaproteobacteria;o__Burkholderiales;f__Burkholderiaceae;g__Acidovorax_A;s__Acidovorax_A avenae
GCF_000463015,RS_GCF_000463015.1,d__Bacteria;p__Proteobacteria;c__Gammaproteobacteria;o__Burkholderiales;f__Burkholderiaceae;g__Variovorax;s__Variovorax paradoxus_E
GCF_009363155,RS_GCF_009363155.1,d__Bacteria;p__Proteobacteria;c__Gammaproteobacteria;o__Pseudomonadales;f__Pseudomonadaceae;g__Azotobacter;s__Azotobacter salinestris
GCF_000310225,RS_GCF_000310225.1,d__Bacteria;p__Proteobacteria;c__Gammaproteobacteria;o__Burkholderiales;f__Rhodocyclaceae;g__Thauera;s__Thauera phenylacetica
GCF_000165835,RS_GCF_000165835.1,d__Bacteria;p__Proteobacteria;c__Gammaproteobacteria;o__Burkholderiales;f__Burkholderiaceae;g__Achromobacter;s__Achromobacter xylosoxidans_B
GCF_002752655,RS_GCF_002752655.1,d__Bacteria;p__Proteobacteria;c__Alphaproteobacteria;o__Rhizobiales;f__Beijerinckiaceae;g__Methylosinus;s__Methylosinus trichosporium
GCF_013408655,RS_GCF_013408655.1,d__Bacteria;p__Proteobacteria;c__Gammaproteobacteria;o__Burkholderiales;f__Burkholderiaceae;g__Pigmentiphaga;s__Pigmentiphaga litoralis_A
GCF_000335815,RS_GCF_000335815.1,d__Bacteria;p__Proteobacteria;c__Gammaproteobacteria;o__Burkholderiales;f__Burkholderiaceae;g__Duganella;s__Duganella sp000335815
GCF_008632455,RS_GCF_008632455.1,d__Bacteria;p__Proteobacteria;c__Gammaproteobacteria;o__Methylococcales;f__Methylomonadaceae;g__Methylomonas;s__Methylomonas rhizoryzae
GCF_900155475,RS_GCF_900155475.1,d__Bacteria;p__Proteobacteria;c__Gammaproteobacteria;o__Methylococcales;f__Methylococcaceae;g__Methylomagnum;s__Methylomagnum ishizawai
GCF_000019225,RS_GCF_000019225.1,d__Bacteria;p__Proteobacteria;c__Gammaproteobacteria;o__Pseudomonadales;f__Cellvibrionaceae;g__Cellvibrio;s__Cellvibrio japonicus
GCF_000153205,RS_GCF_000153205.1,d__Bacteria;p__Proteobacteria;c__Gammaproteobacteria;o__Nitrococcales;f__Nitrococcaceae;g__Nitrococcus;s__Nitrococcus mobilis
GCF_001865675,RS_GCF_001865675.1,d__Bacteria;p__Proteobacteria;c__Gammaproteobacteria;o__Burkholderiales;f__Burkholderiaceae;g__Janthinobacterium;s__Janthinobacterium sp001865675
GCF_900105355,RS_GCF_900105355.1,d__Bacteria;p__Proteobacteria;c__Gammaproteobacteria;o__Pseudomonadales;f__Pseudomonadaceae;g__Pseudomonas_E;s__Pseudomonas_E anguilliseptica
GCF_000281895,RS_GCF_000281895.1,d__Bacteria;p__Proteobacteria;c__Gammaproteobacteria;o__Pseudomonadales;f__Pseudomonadaceae;g__Pseudomonas_E;s__Pseudomonas_E fluorescens_S
GCA_001017435,GB_GCA_001017435.1,d__Bacteria;p__Proteobacteria;c__Gammaproteobacteria;o__Burkholderiales;f__Burkholderiaceae;g__Polyangium_A;s__Polyangium_A brachysporum
GCF_000426345,RS_GCF_000426345.1,d__Bacteria;p__Proteobacteria;c__Gammaproteobacteria;o__Burkholderiales;f__Burkholderiaceae;g__Cupriavidus;s__Cupriavidus sp000426345
GCF_004923295,RS_GCF_004923295.1,d__Bacteria;p__Proteobacteria;c__Alphaproteobacteria;o__Azospirillales;f__Azospirillaceae;g__Azospirillum;s__Azospirillum sp003115975
GCF_000730165,RS_GCF_000730165.1,d__Bacteria;p__Proteobacteria;c__Alphaproteobacteria;o__Azospirillales;f__Azospirillaceae;g__Nitrospirillum;s__Nitrospirillum amazonense
GCF_003590795,RS_GCF_003590795.1,d__Bacteria;p__Proteobacteria;c__Alphaproteobacteria;o__Azospirillales;f__Azospirillaceae;g__Azospirillum;s__Azospirillum sp003590795
GCF_000010725,RS_GCF_000010725.1,d__Bacteria;p__Proteobacteria;c__Alphaproteobacteria;o__Azospirillales;f__Azospirillaceae;g__Azospirillum;s__Azospirillum lipoferum_B
GCA_013215705,GB_GCA_013215705.1,d__Bacteria;p__Proteobacteria;c__Gammaproteobacteria;o__Enterobacterales;f__Moritellaceae;g__Moritella;s__Moritella sp013215705
GCF_018336955,RS_GCF_018336955.1,d__Bacteria;p__Proteobacteria;c__Gammaproteobacteria;o__Pseudomonadales;f__Marinomonadaceae;g__Marinomonas;s__Marinomonas sp018336955
GCF_000711805,RS_GCF_000711805.1,d__Bacteria;p__Proteobacteria;c__Gammaproteobacteria;o__Enterobacterales;f__Vibrionaceae;g__Vibrio;s__Vibrio rhizosphaerae
GCF_900184095,RS_GCF_900184095.1,d__Bacteria;p__Proteobacteria;c__Gammaproteobacteria;o__Enterobacterales;f__Vibrionaceae;g__Vibrio;s__Vibrio mangrovi
GCA_004353515,GB_GCA_004353515.1,d__Bacteria;p__Proteobacteria;c__Gammaproteobacteria;o__Enterobacterales;f__Alteromonadaceae;g__M269;s__M269 sp004353515
GCF_002157225,RS_GCF_002157225.2,d__Bacteria;p__Proteobacteria;c__Gammaproteobacteria;o__Pseudomonadales;f__Cellvibrionaceae;g__Agarilytica;s__Agarilytica rhodophyticola
GCF_014191725,RS_GCF_014191725.1,d__Bacteria;p__Proteobacteria;c__Gammaproteobacteria;o__Pseudomonadales;f__Cellvibrionaceae;g__Microbulbifer;s__Microbulbifer rhizosphaerae
GCF_015471405,RS_GCF_015471405.1,d__Bacteria;p__Proteobacteria;c__Gammaproteobacteria;o__Pseudomonadales;f__Pseudomonadaceae;g__Pseudomonas_E;s__Pseudomonas_E cichorii_D
GCF_009176705,RS_GCF_009176705.1,d__Bacteria;p__Proteobacteria;c__Gammaproteobacteria;o__Enterobacterales;f__Alteromonadaceae;g__Pseudoalteromonas;s__Pseudoalteromonas sp009176705
GCA_013216015,GB_GCA_013216015.1,d__Bacteria;p__Proteobacteria;c__Gammaproteobacteria;o__Enterobacterales;f__Alteromonadaceae;g__JABSOI01;s__JABSOI01 sp013216015
GCF_000153025,RS_GCF_000153025.1,d__Bacteria;p__Proteobacteria;c__Gammaproteobacteria;o__Pseudomonadales;f__Marinomonadaceae;g__Marinomonas;s__Marinomonas sp000153025
GCF_000192865,RS_GCF_000192865.1,d__Bacteria;p__Proteobacteria;c__Gammaproteobacteria;o__Pseudomonadales;f__Marinomonadaceae;g__Marinomonas;s__Marinomonas mediterranea
GCF_003208215,RS_GCF_003208215.1,d__Bacteria;p__Proteobacteria;c__Gammaproteobacteria;o__Pseudomonadales;f__Marinomonadaceae;g__Marinomonas;s__Marinomonas alcarazii
GCF_000940805,RS_GCF_000940805.1,d__Bacteria;p__Proteobacteria;c__Gammaproteobacteria;o__Pseudomonadales;f__Natronospirillaceae;g__Gynuella;s__Gynuella sunshinyii
GCF_002753995,RS_GCF_002753995.1,d__Bacteria;p__Proteobacteria;c__Gammaproteobacteria;o__Pseudomonadales;f__Pseudomonadaceae;g__Pseudomonas_E;s__Pseudomonas_E sp002753995
GCF_003719195,RS_GCF_003719195.1,d__Bacteria;p__Proteobacteria;c__Gammaproteobacteria;o__Burkholderiales;f__Burkholderiaceae;g__Herbaspirillum;s__Herbaspirillum rubrisubalbicans
GCF_016917355,RS_GCF_016917355.1,d__Bacteria;p__Proteobacteria;c__Gammaproteobacteria;o__Burkholderiales;f__Burkholderiaceae;g__Glaciimonas;s__Glaciimonas sp016917355
GCF_900452415,RS_GCF_900452415.1,d__Bacteria;p__Proteobacteria;c__Gammaproteobacteria;o__Legionellales;f__Legionellaceae;g__Legionella;s__Legionella cincinnatiensis
GCF_000016565,RS_GCF_000016565.1,d__Bacteria;p__Proteobacteria;c__Gammaproteobacteria;o__Pseudomonadales;f__Pseudomonadaceae;g__Pseudomonas_E;s__Pseudomonas_E mendocina_A
GCA_002338065,GB_GCA_002338065.1,d__Bacteria;p__Proteobacteria;c__Gammaproteobacteria;o__Pseudomonadales;f__Pseudomonadaceae;g__Pseudomonas_E;s__Pseudomonas_E sp002338065
GCF_001709345,RS_GCF_001709345.1,d__Bacteria;p__Proteobacteria;c__Gammaproteobacteria;o__Pseudomonadales;f__Halomonadaceae;g__Terasakiispira;s__Terasakiispira papahanaumokuakeensis
GCF_009455625,RS_GCF_009455625.1,d__Bacteria;p__Proteobacteria;c__Gammaproteobacteria;o__Burkholderiales;f__Burkholderiaceae;g__Paraburkholderia;s__Paraburkholderia bonniea
GCF_000020045,RS_GCF_000020045.1,d__Bacteria;p__Proteobacteria;c__Gammaproteobacteria;o__Burkholderiales;f__Burkholderiaceae;g__Paraburkholderia;s__Paraburkholderia phymatum
GCF_000012945,RS_GCF_000012945.1,d__Bacteria;p__Proteobacteria;c__Gammaproteobacteria;o__Burkholderiales;f__Burkholderiaceae;g__Burkholderia;s__Burkholderia lata
GCF_000203915,RS_GCF_000203915.1,d__Bacteria;p__Proteobacteria;c__Gammaproteobacteria;o__Burkholderiales;f__Burkholderiaceae;g__Burkholderia;s__Burkholderia ambifaria
GCF_000011705,RS_GCF_000011705.1,d__Bacteria;p__Proteobacteria;c__Gammaproteobacteria;o__Burkholderiales;f__Burkholderiaceae;g__Burkholderia;s__Burkholderia mallei
GCA_001544595,GB_GCA_001544595.2,d__Bacteria;p__Proteobacteria;c__Gammaproteobacteria;o__Burkholderiales;f__Burkholderiaceae;g__Caballeronia;s__Caballeronia peredens
GCF_000013645,RS_GCF_000013645.1,d__Bacteria;p__Proteobacteria;c__Gammaproteobacteria;o__Burkholderiales;f__Burkholderiaceae;g__Paraburkholderia;s__Paraburkholderia xenovorans
GCF_902833645,RS_GCF_902833645.1,d__Bacteria;p__Proteobacteria;c__Gammaproteobacteria;o__Burkholderiales;f__Burkholderiaceae;g__Paraburkholderia;s__Paraburkholderia fungorum
GCA_017498545,GB_GCA_017498545.1,d__Bacteria;p__Acidobacteriota;c__Holophagae;o__Acanthopleuribacterales;f__Acanthopleuribacteraceae;g__Acanthopleuribacter;s__Acanthopleuribacter sp017498545
GCA_002354735,GB_GCA_002354735.1,d__Bacteria;p__Proteobacteria;c__Gammaproteobacteria;o__Pseudomonadales;f__Oleiphilaceae;g__UBA2679;s__UBA2679 sp002354735
GCA_013178375,GB_GCA_013178375.1,d__Bacteria;p__Proteobacteria;c__Gammaproteobacteria;o__Pseudomonadales;f__Ketobacteraceae;g__Ch67;s__Ch67 sp013178375
GCF_900113905,RS_GCF_900113905.1,d__Bacteria;p__Proteobacteria;c__Gammaproteobacteria;o__Pseudomonadales;f__Pseudomonadaceae;g__Pseudomonas_E;s__Pseudomonas_E argentinensis
GCF_002752675,RS_GCF_002752675.1,d__Bacteria;p__Proteobacteria;c__Gammaproteobacteria;o__Burkholderiales;f__Burkholderiaceae;g__Massilia;s__Massilia violaceinigra
GCF_002356535,RS_GCF_002356535.2,d__Bacteria;p__Proteobacteria;c__Gammaproteobacteria;o__Pseudomonadales;f__Pseudomonadaceae;g__Pseudomonas_E;s__Pseudomonas_E sp002356535
GCF_003033885,RS_GCF_003033885.1,d__Bacteria;p__Proteobacteria;c__Gammaproteobacteria;o__Pseudomonadales;f__Pseudomonadaceae;g__Pseudomonas_E;s__Pseudomonas_E sp003033885
GCF_018325905,RS_GCF_018325905.1,d__Bacteria;p__Proteobacteria;c__Gammaproteobacteria;o__Pseudomonadales;f__Pseudomonadaceae;g__Pseudomonas_E;s__Pseudomonas_E sp018325905
GCF_012033695,RS_GCF_012033695.1,d__Bacteria;p__Proteobacteria;c__Gammaproteobacteria;o__Pseudomonadales;f__Pseudomonadaceae;g__Pseudomonas_E;s__Pseudomonas_E quercus
GCF_900142905,RS_GCF_900142905.1,d__Bacteria;p__Proteobacteria;c__Gammaproteobacteria;o__Burkholderiales;f__Burkholderiaceae;g__Paraburkholderia;s__Paraburkholderia sp900142905
GCF_014200455,RS_GCF_014200455.1,d__Bacteria;p__Proteobacteria;c__Gammaproteobacteria;o__Burkholderiales;f__Burkholderiaceae;g__Paraburkholderia;s__Paraburkholderia bannensis_A
GCF_900104845,RS_GCF_900104845.1,d__Bacteria;p__Proteobacteria;c__Gammaproteobacteria;o__Burkholderiales;f__Burkholderiaceae;g__Paraburkholderia;s__Paraburkholderia caballeronis
GCF_002917095,RS_GCF_002917095.1,d__Bacteria;p__Proteobacteria;c__Gammaproteobacteria;o__Burkholderiales;f__Burkholderiaceae;g__Paraburkholderia;s__Paraburkholderia eburnea
GCF_001544455,RS_GCF_001544455.2,d__Bacteria;p__Proteobacteria;c__Gammaproteobacteria;o__Burkholderiales;f__Burkholderiaceae;g__Caballeronia;s__Caballeronia sordidicola_B
GCF_900996245,RS_GCF_900996245.1,d__Bacteria;p__Proteobacteria;c__Gammaproteobacteria;o__Burkholderiales;f__Burkholderiaceae;g__Paraburkholderia;s__Paraburkholderia sp900996245
GCF_000067165,RS_GCF_000067165.1,d__Bacteria;p__Myxococcota;c__Polyangia;o__Polyangiales;f__Polyangiaceae;g__Sorangium;s__Sorangium cellulosum_B
GCA_902500995,GB_GCA_902500995.1,d__Bacteria;p__Nitrospirota;c__Nitrospiria;o__Nitrospirales;f__Nitrospiraceae;g__Nitrospira_A;s__Nitrospira_A sp902500995
GCA_002420115,GB_GCA_002420115.1,d__Bacteria;p__Nitrospirota;c__Nitrospiria;o__Nitrospirales;f__Nitrospiraceae;g__Nitrospira_F;s__Nitrospira_F sp002420115
GCA_009909085,GB_GCA_009909085.1,d__Bacteria;p__Cyanobacteria;c__Cyanobacteriia;o__Cyanobacteriales;f__Rubidibacteraceae;g__Halothece;s__Halothece sp009909085
GCA_010672825,GB_GCA_010672825.2,d__Bacteria;p__Cyanobacteria;c__Cyanobacteriia;o__Phormidesmiales;f__Phormidesmiaceae;g__SIO1E4;s__SIO1E4 sp010672825
GCF_000828085,RS_GCF_000828085.3,d__Bacteria;p__Cyanobacteria;c__Cyanobacteriia;o__Cyanobacteriales;f__Nostocaceae;g__Brasilonema;s__Brasilonema tolypothrichoides
GCF_000317475,RS_GCF_000317475.1,d__Bacteria;p__Cyanobacteria;c__Cyanobacteriia;o__Cyanobacteriales;f__Microcoleaceae;g__Microcoleus;s__Microcoleus sp000317475
GCF_014695915,RS_GCF_014695915.1,d__Bacteria;p__Cyanobacteria;c__Cyanobacteriia;o__Cyanobacteriales;f__FACHB-T130;g__FACHB-40;s__FACHB-40 sp014695915
