Pattern,Match,domain;phyla;class;order;family;genus;species
GCF_000020025,RS_GCF_000020025.1,d__Bacteria;p__Cyanobacteria;c__Cyanobacteriia;o__Cyanobacteriales;f__Nostocaceae;g__Nostoc;s__Nostoc punctiforme
GCF_014698305,RS_GCF_014698305.1,d__Bacteria;p__Cyanobacteria;c__Cyanobacteriia;o__Cyanobacteriales;f__Nostocaceae;g__Anabaena;s__Anabaena lutea
GCA_000332255,GB_GCA_000332255.1,d__Bacteria;p__Cyanobacteria;c__Cyanobacteriia;o__Cyanobacteriales;f__Nostocaceae;g__Chlorogloeopsis;s__Chlorogloeopsis sp000332255
GCF_014698825,RS_GCF_014698825.1,d__Bacteria;p__Cyanobacteria;c__Cyanobacteriia;o__Cyanobacteriales;f__Nostocaceae;g__FACHB-800;s__FACHB-800 sp014698825
GCF_000332075,RS_GCF_000332075.2,d__Bacteria;p__Cyanobacteria;c__Cyanobacteriia;o__Cyanobacteriales;f__Chroococcidiopsidaceae;g__Aliterella;s__Aliterella sp000332075
GCF_001456025,RS_GCF_001456025.1,d__Bacteria;p__Cyanobacteria;c__Cyanobacteriia;o__Cyanobacteriales;f__Nostocaceae;g__Mastigocoleus;s__Mastigocoleus testarum
GCF_015207655,RS_GCF_015207655.1,d__Bacteria;p__Cyanobacteria;c__Cyanobacteriia;o__Cyanobacteriales;f__Chroococcidiopsidaceae;g__Gloeocapsopsis;s__Gloeocapsopsis crepidinum
GCA_003994795,GB_GCA_003994795.1,d__Bacteria;p__Cyanobacteria;c__Cyanobacteriia;o__Cyanobacteriales;f__Nostocaceae;g__Cylindrospermum;s__Cylindrospermum sp003994795
GCF_009856605,RS_GCF_009856605.1,d__Bacteria;p__Cyanobacteria;c__Cyanobacteriia;o__Cyanobacteriales;f__Nostocaceae;g__Trichormus;s__Trichormus variabilis
GCF_009725235,RS_GCF_009725235.1,d__Bacteria;p__Cyanobacteria;c__Cyanobacteriia;o__Cyanobacteriales;f__Nostocaceae;g__Tolypothrix_A;s__Tolypothrix_A sp009725235
GCF_008974265,RS_GCF_008974265.1,d__Bacteria;p__Chloroflexota;c__Ktedonobacteria;o__Ktedonobacterales;f__Ktedonobacteraceae;g__Dictyobacter;s__Dictyobacter vulcani
GCF_008326305,RS_GCF_008326305.1,d__Bacteria;p__Chloroflexota;c__Ktedonobacteria;o__Ktedonobacterales;f__Ktedonobacteraceae;g__Dictyobacter;s__Dictyobacter sp008326305
GCF_016587375,RS_GCF_016587375.1,d__Bacteria;p__Chloroflexota;c__Ktedonobacteria;o__Ktedonobacterales;f__Ktedonobacteraceae;g__Ktedonobacter;s__Ktedonobacter sp016587375
GCF_016587415,RS_GCF_016587415.1,d__Bacteria;p__Chloroflexota;c__Ktedonobacteria;o__Ktedonobacterales;f__Ktedonobacteraceae;g__Ktedonobacter;s__Ktedonobacter sp016587415
GCA_015099395,GB_GCA_015099395.1,d__Bacteria;p__Chloroflexota;c__Ktedonobacteria;o__Ktedonobacterales;f__Ktedonobacteraceae;g__Dictyobacter;s__Dictyobacter sp015099395
