Pattern,Match,domain;phyla;class;order;family;genus;species
GCF_012932785,RS_GCF_012932785.1,d__Bacteria;p__Cyanobacteria;c__Cyanobacteriia;o__Cyanobacteriales;f__Xenococcaceae;g__Hyella;s__Hyella disjuncta
GCA_002110465,GB_GCA_002110465.1,d__Bacteria;p__Cyanobacteria;c__Cyanobacteriia;o__Cyanobacteriales;f__Microcystaceae_A;g__Rippkaea;s__Rippkaea sp002110465
GCF_000021805,RS_GCF_000021805.1,d__Bacteria;p__Cyanobacteria;c__Cyanobacteriia;o__Cyanobacteriales;f__Microcystaceae_A;g__Rippkaea;s__Rippkaea orientalis
GCF_014132355,RS_GCF_014132355.1,d__Bacteria;p__Cyanobacteria;c__Cyanobacteriia;o__Cyanobacteriales;f__Microcoleaceae;g__Okeania;s__Okeania sp014132355
GCF_001456025,RS_GCF_001456025.1,d__Bacteria;p__Cyanobacteria;c__Cyanobacteriia;o__Cyanobacteriales;f__Nostocaceae;g__Mastigocoleus;s__Mastigocoleus testarum
GCF_014695385,RS_GCF_014695385.1,d__Bacteria;p__Cyanobacteria;c__Cyanobacteriia;o__FACHB-46;f__FACHB-46;g__FACHB-46;s__FACHB-46 sp014695385
GCF_003231495,RS_GCF_003231495.1,d__Bacteria;p__Cyanobacteria;c__Cyanobacteriia;o__Thermosynechococcales;f__Thermosynechococcaceae;g__RCC1774;s__RCC1774 sp003231495
GCF_002368235,RS_GCF_002368235.1,d__Bacteria;p__Cyanobacteria;c__Cyanobacteriia;o__Cyanobacteriales;f__Nostocaceae;g__Tolypothrix_B;s__Tolypothrix_B sp002368235
GCF_002368195,RS_GCF_002368195.1,d__Bacteria;p__Cyanobacteria;c__Cyanobacteriia;o__Cyanobacteriales;f__Nostocaceae;g__Aulosira;s__Aulosira sp002368195
GCF_000332295,RS_GCF_000332295.1,d__Bacteria;p__Cyanobacteria;c__Cyanobacteriia;o__Cyanobacteriales;f__Nostocaceae;g__Fortiea;s__Fortiea contorta
GCF_014695895,RS_GCF_014695895.1,d__Bacteria;p__Cyanobacteria;c__Cyanobacteriia;o__Cyanobacteriales;f__Coleofasciculaceae;g__PCC7113;s__PCC7113 sp014695895
GCA_003486305,GB_GCA_003486305.1,d__Bacteria;p__Cyanobacteria;c__Cyanobacteriia;o__Cyanobacteriales;f__Phormidiaceae_A;g__UBA11371;s__UBA11371 sp003486305
GCF_000021825,RS_GCF_000021825.1,d__Bacteria;p__Cyanobacteria;c__Cyanobacteriia;o__Cyanobacteriales;f__Microcystaceae;g__Gloeothece;s__Gloeothece citriformis
GCF_000317535,RS_GCF_000317535.1,d__Bacteria;p__Cyanobacteria;c__Cyanobacteriia;o__Cyanobacteriales;f__Nostocaceae;g__Cylindrospermum;s__Cylindrospermum stagnale
GCF_000317125,RS_GCF_000317125.1,d__Bacteria;p__Cyanobacteria;c__Cyanobacteriia;o__Cyanobacteriales;f__Chroococcidiopsidaceae;g__Chroococcidiopsis;s__Chroococcidiopsis thermalis
GCF_002949735,RS_GCF_002949735.1,d__Bacteria;p__Cyanobacteria;c__Cyanobacteriia;o__Cyanobacteriales;f__Nostocaceae;g__Nostoc;s__Nostoc sp002949735
GCF_016056295,RS_GCF_016056295.1,d__Bacteria;p__Cyanobacteria;c__Cyanobacteriia;o__Cyanobacteriales;f__Nostocaceae;g__Atlanticothrix;s__Atlanticothrix silvestris
GCA_000018565,GB_GCA_000018565.1,d__Bacteria;p__Chloroflexota;c__Chloroflexia;o__Chloroflexales;f__Herpetosiphonaceae;g__Herpetosiphon;s__Herpetosiphon aurantiacus
GCA_006968915,GB_GCA_006968915.1,d__Bacteria;p__Cyanobacteria;c__Cyanobacteriia;o__Cyanobacteriales;f__Nostocaceae;g__Brasilonema;s__Brasilonema octagenarum
GCF_014849525,RS_GCF_014849525.1,d__Bacteria;p__Cyanobacteria;c__Cyanobacteriia;o__Cyanobacteriales;f__Coleofasciculaceae;g__FACHB-SPT15;s__FACHB-SPT15 sp014849525
GCF_002218065,RS_GCF_002218065.1,d__Bacteria;p__Cyanobacteria;c__Cyanobacteriia;o__Cyanobacteriales;f__Nostocaceae;g__Nodularia;s__Nodularia sp002218065
GCF_014698505,RS_GCF_014698505.1,d__Bacteria;p__Cyanobacteria;c__Cyanobacteriia;o__Cyanobacteriales;f__Nostocaceae;g__Nostoc;s__Nostoc foliaceum_A
GCF_000316665,RS_GCF_000316665.1,d__Bacteria;p__Cyanobacteria;c__Cyanobacteriia;o__Cyanobacteriales;f__Nostocaceae;g__Rivularia;s__Rivularia sp000316665
GCF_002367995,RS_GCF_002367995.1,d__Bacteria;p__Cyanobacteria;c__Cyanobacteriia;o__Cyanobacteriales;f__Nostocaceae;g__Aulosira;s__Aulosira brevissima
GCF_000331305,RS_GCF_000331305.1,d__Bacteria;p__Cyanobacteria;c__Cyanobacteriia;o__Cyanobacteriales;f__Nostocaceae;g__Calothrix;s__Calothrix sp000331305
GCA_003994795,GB_GCA_003994795.1,d__Bacteria;p__Cyanobacteria;c__Cyanobacteriia;o__Cyanobacteriales;f__Nostocaceae;g__Cylindrospermum;s__Cylindrospermum sp003994795
GCF_000317495,RS_GCF_000317495.1,d__Bacteria;p__Cyanobacteria;c__Cyanobacteriia;o__Cyanobacteriales;f__Chamaesiphonaceae;g__Crinalium;s__Crinalium epipsammum
