Pattern,Match,domain,phyla,class,order,family,genus,species,phyla_color,class_color,order_color,family_color,genus_color,species_color
GCF_000264455,RS_GCF_000264455.2,d__Bacteria,p__Proteobacteria,c__Alphaproteobacteria,o__Tistrellales,f__Tistrellaceae,g__Tistrella,s__Tistrella mobilis,#D887A1,#822E81,#98C54E,#219F58,#DA41A5,#D732F1
GCF_003719195,RS_GCF_003719195.1,d__Bacteria,p__Proteobacteria,c__Gammaproteobacteria,o__Burkholderiales,f__Burkholderiaceae,g__Herbaspirillum,s__Herbaspirillum rubrisubalbicans,#D887A1,#56BEB7,#E77345,#098390,#19E061,#DC29AA
GCF_900099835,RS_GCF_900099835.1,d__Bacteria,p__Proteobacteria,c__Gammaproteobacteria,o__Burkholderiales,f__Burkholderiaceae,g__Paraburkholderia,s__Paraburkholderia fungorum_A,#D887A1,#56BEB7,#E77345,#098390,#980C42,#0E2537
GCF_900109265,RS_GCF_900109265.1,d__Bacteria,p__Proteobacteria,c__Gammaproteobacteria,o__Burkholderiales,f__Burkholderiaceae,g__Paraburkholderia,s__Paraburkholderia tropica,#D887A1,#56BEB7,#E77345,#098390,#980C42,#C3F792
GCF_001544455,RS_GCF_001544455.2,d__Bacteria,p__Proteobacteria,c__Gammaproteobacteria,o__Burkholderiales,f__Burkholderiaceae,g__Caballeronia,s__Caballeronia sordidicola_B,#D887A1,#56BEB7,#E77345,#098390,#24400A,#42590C
GCF_900996245,RS_GCF_900996245.1,d__Bacteria,p__Proteobacteria,c__Gammaproteobacteria,o__Burkholderiales,f__Burkholderiaceae,g__Paraburkholderia,s__Paraburkholderia sp900996245,#D887A1,#56BEB7,#E77345,#098390,#980C42,#63E7CE
GCF_000148685,RS_GCF_000148685.1,d__Bacteria,p__Proteobacteria,c__Gammaproteobacteria,o__Burkholderiales,f__Burkholderiaceae,g__Paraburkholderia,s__Paraburkholderia sp000148685,#D887A1,#56BEB7,#E77345,#098390,#980C42,#DF6937
GCF_902459735,RS_GCF_902459735.1,d__Bacteria,p__Proteobacteria,c__Gammaproteobacteria,o__Burkholderiales,f__Burkholderiaceae,g__Pandoraea,s__Pandoraea capi,#D887A1,#56BEB7,#E77345,#098390,#5F25F3,#BBC0BE
GCF_002917095,RS_GCF_002917095.1,d__Bacteria,p__Proteobacteria,c__Gammaproteobacteria,o__Burkholderiales,f__Burkholderiaceae,g__Paraburkholderia,s__Paraburkholderia eburnea,#D887A1,#56BEB7,#E77345,#098390,#980C42,#E6F2FE
GCF_900104845,RS_GCF_900104845.1,d__Bacteria,p__Proteobacteria,c__Gammaproteobacteria,o__Burkholderiales,f__Burkholderiaceae,g__Paraburkholderia,s__Paraburkholderia caballeronis,#D887A1,#56BEB7,#E77345,#098390,#980C42,#0EA77D
GCF_002261225,RS_GCF_002261225.1,d__Bacteria,p__Proteobacteria,c__Gammaproteobacteria,o__Burkholderiales,f__Burkholderiaceae,g__Bordetella_C,s__Bordetella_C sp002261225,#D887A1,#56BEB7,#E77345,#098390,#8CE7F9,#67615D
GCF_900129885,RS_GCF_900129885.1,d__Bacteria,p__Proteobacteria,c__Gammaproteobacteria,o__Burkholderiales,f__Burkholderiaceae,g__Candidimonas_A,s__Candidimonas_A bauzanensis,#D887A1,#56BEB7,#E77345,#098390,#0D7781,#E298BE
GCF_001433395,RS_GCF_001433395.1,d__Bacteria,p__Proteobacteria,c__Gammaproteobacteria,o__Burkholderiales,f__Burkholderiaceae,g__Bordetella_C,s__Bordetella_C sp001433395,#D887A1,#56BEB7,#E77345,#098390,#8CE7F9,#9D340C
GCF_001676725,RS_GCF_001676725.1,d__Bacteria,p__Proteobacteria,c__Gammaproteobacteria,o__Burkholderiales,f__Burkholderiaceae,g__Bordetella_C,s__Bordetella_C flabilis,#D887A1,#56BEB7,#E77345,#098390,#8CE7F9,#1DB121
