Pattern,Match,domain,phyla,class,order,family,genus,species,phyla_color,class_color,order_color,family_color,genus_color,species_color
GCF_001433395,RS_GCF_001433395.1,d__Bacteria,p__Proteobacteria,c__Gammaproteobacteria,o__Burkholderiales,f__Burkholderiaceae,g__Bordetella_C,s__Bordetella_C sp001433395,#43BEED,#A6538E,#0C7D45,#7CC39A,#4135AA,#947192
GCF_002261225,RS_GCF_002261225.1,d__Bacteria,p__Proteobacteria,c__Gammaproteobacteria,o__Burkholderiales,f__Burkholderiaceae,g__Bordetella_C,s__Bordetella_C sp002261225,#43BEED,#A6538E,#0C7D45,#7CC39A,#4135AA,#4F17F1
GCF_900129885,RS_GCF_900129885.1,d__Bacteria,p__Proteobacteria,c__Gammaproteobacteria,o__Burkholderiales,f__Burkholderiaceae,g__Candidimonas_A,s__Candidimonas_A bauzanensis,#43BEED,#A6538E,#0C7D45,#7CC39A,#EFA37F,#A42875
GCF_001676725,RS_GCF_001676725.1,d__Bacteria,p__Proteobacteria,c__Gammaproteobacteria,o__Burkholderiales,f__Burkholderiaceae,g__Bordetella_C,s__Bordetella_C flabilis,#43BEED,#A6538E,#0C7D45,#7CC39A,#4135AA,#91C718
GCF_000148685,RS_GCF_000148685.1,d__Bacteria,p__Proteobacteria,c__Gammaproteobacteria,o__Burkholderiales,f__Burkholderiaceae,g__Paraburkholderia,s__Paraburkholderia sp000148685,#43BEED,#A6538E,#0C7D45,#7CC39A,#775260,#6929BC
GCF_900996245,RS_GCF_900996245.1,d__Bacteria,p__Proteobacteria,c__Gammaproteobacteria,o__Burkholderiales,f__Burkholderiaceae,g__Paraburkholderia,s__Paraburkholderia sp900996245,#43BEED,#A6538E,#0C7D45,#7CC39A,#775260,#617DC0
GCF_002917095,RS_GCF_002917095.1,d__Bacteria,p__Proteobacteria,c__Gammaproteobacteria,o__Burkholderiales,f__Burkholderiaceae,g__Paraburkholderia,s__Paraburkholderia eburnea,#43BEED,#A6538E,#0C7D45,#7CC39A,#775260,#F07465
GCF_902459735,RS_GCF_902459735.1,d__Bacteria,p__Proteobacteria,c__Gammaproteobacteria,o__Burkholderiales,f__Burkholderiaceae,g__Pandoraea,s__Pandoraea capi,#43BEED,#A6538E,#0C7D45,#7CC39A,#C9D0A6,#7E747D
