Pattern,Match,domain;phyla;class;order;family;genus;species
GCF_001433395,RS_GCF_001433395.1,d__Bacteria;p__Proteobacteria;c__Gammaproteobacteria;o__Burkholderiales;f__Burkholderiaceae;g__Bordetella_C;s__Bordetella_C sp001433395
GCF_002261225,RS_GCF_002261225.1,d__Bacteria;p__Proteobacteria;c__Gammaproteobacteria;o__Burkholderiales;f__Burkholderiaceae;g__Bordetella_C;s__Bordetella_C sp002261225
GCF_900129885,RS_GCF_900129885.1,d__Bacteria;p__Proteobacteria;c__Gammaproteobacteria;o__Burkholderiales;f__Burkholderiaceae;g__Candidimonas_A;s__Candidimonas_A bauzanensis
GCF_001676725,RS_GCF_001676725.1,d__Bacteria;p__Proteobacteria;c__Gammaproteobacteria;o__Burkholderiales;f__Burkholderiaceae;g__Bordetella_C;s__Bordetella_C flabilis
GCF_000148685,RS_GCF_000148685.1,d__Bacteria;p__Proteobacteria;c__Gammaproteobacteria;o__Burkholderiales;f__Burkholderiaceae;g__Paraburkholderia;s__Paraburkholderia sp000148685
GCF_900996245,RS_GCF_900996245.1,d__Bacteria;p__Proteobacteria;c__Gammaproteobacteria;o__Burkholderiales;f__Burkholderiaceae;g__Paraburkholderia;s__Paraburkholderia sp900996245
GCF_002917095,RS_GCF_002917095.1,d__Bacteria;p__Proteobacteria;c__Gammaproteobacteria;o__Burkholderiales;f__Burkholderiaceae;g__Paraburkholderia;s__Paraburkholderia eburnea
GCF_902459735,RS_GCF_902459735.1,d__Bacteria;p__Proteobacteria;c__Gammaproteobacteria;o__Burkholderiales;f__Burkholderiaceae;g__Pandoraea;s__Pandoraea capi
